index,status,symbol,isin,name,instrumentKey,ourPrice,growwPrice,growwClose,priceDiff,priceDiffPercent,ourChange,growwChange,changeDiff,ourChangePercent,growwChangePercent,changePercentDiff,ourPreviousClose,ourOpen,growwOpen,openDiff,ourHigh,growwHigh,highDiff,ourLow,growwLow,lowDiff,growwLastTradeTime,growwVolume,growwStatus,error
2553,GROWW_ERROR,GULFOILLUB.BO,,GULF OIL LUBRICANTS INDIA LTD,BSE_EQ|INE635Q01029,,,,,,,,,,,,,,,,,,,,,,,,,"Groww HTTP 401: {""errorCode"":401,""errorMessage"":{""message"":""Please Login and Try Again""}}"
2552,GROWW_ERROR,ABAN,INE421A01028,ABAN OFFSHORE LTD.,NSE_EQ|INE421A01028,,,,,,,,,,,,,,,,,,,,,,,,,"Groww HTTP 401: {""errorCode"":401,""errorMessage"":{""message"":""Please Login and Try Again""}}"
2551,GROWW_ERROR,ACGL.BO,,AUTOMOBILE CORPORATION OF GOA,BSE_EQ|INE451C01013,,,,,,,,,,,,,,,,,,,,,,,,,"Groww HTTP 401: {""errorCode"":401,""errorMessage"":{""message"":""Please Login and Try Again""}}"
2550,GROWW_ERROR,AKSHOPTFBR.BO,,AKSH OPTIFIBRE LTD.,BSE_EQ|INE523B01011,,,,,,,,,,,,,,,,,,,,,,,,,"Groww HTTP 401: {""errorCode"":401,""errorMessage"":{""message"":""Please Login and Try Again""}}"
2549,GROWW_ERROR,BANG.BO,,BANG OVERSEAS LTD.,BSE_EQ|INE863I01016,,,,,,,,,,,,,,,,,,,,,,,,,"Groww HTTP 401: {""errorCode"":401,""errorMessage"":{""message"":""Please Login and Try Again""}}"
2548,GROWW_ERROR,CENTRALBK.BO,,CENTRAL BANK OF INDIA,BSE_EQ|INE483A01010,,,,,,,,,,,,,,,,,,,,,,,,,"Groww HTTP 401: {""errorCode"":401,""errorMessage"":{""message"":""Please Login and Try Again""}}"
2547,GROWW_ERROR,GKB.BO,,GKB OPHTHALMICS LTD.,BSE_EQ|INE265D01015,,,,,,,,,,,,,,,,,,,,,,,,,"Groww HTTP 401: {""errorCode"":401,""errorMessage"":{""message"":""Please Login and Try Again""}}"
2546,GROWW_ERROR,IOB.BO,,INDIAN OVERSEAS BANK,BSE_EQ|INE565A01014,,,,,,,,,,,,,,,,,,,,,,,,,"Groww HTTP 401: {""errorCode"":401,""errorMessage"":{""message"":""Please Login and Try Again""}}"
2545,GROWW_ERROR,IOC.BO,,INDIAN OIL CORPORATION LTD.,BSE_EQ|INE242A01010,,,,,,,,,,,,,,,,,,,,,,,,,"Groww HTTP 401: {""errorCode"":401,""errorMessage"":{""message"":""Please Login and Try Again""}}"
2544,GROWW_ERROR,LAHOTIOV.BO,,LAHOTI OVERSEAS LTD.,BSE_EQ|INE515C01023,,,,,,,,,,,,,,,,,,,,,,,,,"Groww HTTP 401: {""errorCode"":401,""errorMessage"":{""message"":""Please Login and Try Again""}}"
2543,GROWW_ERROR,OIL.BO,,OIL INDIA LTD.,BSE_EQ|INE274J01014,,,,,,,,,,,,,,,,,,,,,,,,,"Groww HTTP 401: {""errorCode"":401,""errorMessage"":{""message"":""Please Login and Try Again""}}"
2542,GROWW_ERROR,OKPLA.BO,,OK PLAY INDIA LTD.,BSE_EQ|INE870B01024,,,,,,,,,,,,,,,,,,,,,,,,,"Groww HTTP 401: {""errorCode"":401,""errorMessage"":{""message"":""Please Login and Try Again""}}"
2541,GROWW_ERROR,OMAXE.BO,,OMAXE LTD.,BSE_EQ|INE800H01010,,,,,,,,,,,,,,,,,,,,,,,,,"Groww HTTP 401: {""errorCode"":401,""errorMessage"":{""message"":""Please Login and Try Again""}}"
2540,GROWW_ERROR,ORGCOAT.BO,,ORGANIC COATINGS LTD.,BSE_EQ|INE412E01011,,,,,,,,,,,,,,,,,,,,,,,,,"Groww HTTP 401: {""errorCode"":401,""errorMessage"":{""message"":""Please Login and Try Again""}}"
2539,GROWW_ERROR,ORIENTBELL.BO,,ORIENT BELL LIMITED,BSE_EQ|INE607D01018,,,,,,,,,,,,,,,,,,,,,,,,,"Groww HTTP 401: {""errorCode"":401,""errorMessage"":{""message"":""Please Login and Try Again""}}"
2538,GROWW_ERROR,ORIENTLTD.BO,,ORIENT PRESS LTD.,BSE_EQ|INE609C01024,,,,,,,,,,,,,,,,,,,,,,,,,"Groww HTTP 401: {""errorCode"":401,""errorMessage"":{""message"":""Please Login and Try Again""}}"
2537,GROWW_ERROR,OVOBELE.BO,,OVOBEL FOODS LTD.,BSE_EQ|INE812S01012,,,,,,,,,,,,,,,,,,,,,,,,,"Groww HTTP 401: {""errorCode"":401,""errorMessage"":{""message"":""Please Login and Try Again""}}"
2536,GROWW_ERROR,OXFORDIN.BO,,OXFORD INDUSTRIES LTD.,BSE_EQ|INE114D01015,,,,,,,,,,,,,,,,,,,,,,,,,"Groww HTTP 401: {""errorCode"":401,""errorMessage"":{""message"":""Please Login and Try Again""}}"
2535,GROWW_ERROR,SCI.BO,,SHIPPING CORPORATION OF INDIA,BSE_EQ|INE109A01011,,,,,,,,,,,,,,,,,,,,,,,,,"Groww HTTP 401: {""errorCode"":401,""errorMessage"":{""message"":""Please Login and Try Again""}}"
2534,GROWW_ERROR,UNIQUEO.BO,,UNIQUE ORGANICS LTD.,BSE_EQ|INE333E01019,,,,,,,,,,,,,,,,,,,,,,,,,"Groww HTTP 401: {""errorCode"":401,""errorMessage"":{""message"":""Please Login and Try Again""}}"
2533,GROWW_ERROR,SAIL.BO,,STEEL AUTHORITY OF INDIA LTD.,BSE_EQ|INE114A01011,,,,,,,,,,,,,,,,,,,,,,,,,"Groww HTTP 401: {""errorCode"":401,""errorMessage"":{""message"":""Please Login and Try Again""}}"
2532,GROWW_ERROR,NEAGI.BO,,NEELAMALAI AGRO INDUSTRIES LTD,BSE_EQ|INE605D01012,,,,,,,,,,,,,,,,,,,,,,,,,"Groww HTTP 401: {""errorCode"":401,""errorMessage"":{""message"":""Please Login and Try Again""}}"
2531,GROWW_ERROR,NEELKAN.BO,,NEELKANTH ROCKMINERALS LTD.,BSE_EQ|INE741D01015,,,,,,,,,,,,,,,,,,,,,,,,,"Groww HTTP 401: {""errorCode"":401,""errorMessage"":{""message"":""Please Login and Try Again""}}"
2530,GROWW_ERROR,NELCAST.BO,,NELCAST LTD.,BSE_EQ|INE189I01024,,,,,,,,,,,,,,,,,,,,,,,,,"Groww HTTP 401: {""errorCode"":401,""errorMessage"":{""message"":""Please Login and Try Again""}}"
2529,GROWW_ERROR,NFL.BO,,NATIONAL FERTILIZERS LTD.,BSE_EQ|INE870D01012,,,,,,,,,,,,,,,,,,,,,,,,,"Groww HTTP 401: {""errorCode"":401,""errorMessage"":{""message"":""Please Login and Try Again""}}"
2528,GROWW_ERROR,NGIND.BO,,N.G.INDUSTRIES LTD.,BSE_EQ|INE825C01018,,,,,,,,,,,,,,,,,,,,,,,,,"Groww HTTP 401: {""errorCode"":401,""errorMessage"":{""message"":""Please Login and Try Again""}}"
2527,GROWW_ERROR,NIDHGRN.BO,,NIDHI GRANITES LTD.,BSE_EQ|INE276H01013,,,,,,,,,,,,,,,,,,,,,,,,,"Groww HTTP 401: {""errorCode"":401,""errorMessage"":{""message"":""Please Login and Try Again""}}"
2526,GROWW_ERROR,NIHARINF.BO,,NIHAR INFO GLOBAL LTD.,BSE_EQ|INE876E01033,,,,,,,,,,,,,,,,,,,,,,,,,"Groww HTTP 401: {""errorCode"":401,""errorMessage"":{""message"":""Please Login and Try Again""}}"
2525,GROWW_ERROR,NIRAJ.BO,,NIRAJ CEMENT STRUCTURALS LTD.,BSE_EQ|INE368I01016,,,,,,,,,,,,,,,,,,,,,,,,,"Groww HTTP 401: {""errorCode"":401,""errorMessage"":{""message"":""Please Login and Try Again""}}"
2524,GROWW_ERROR,NIRLON.BO,,NIRLON LTD.,BSE_EQ|INE910A01012,,,,,,,,,,,,,,,,,,,,,,,,,"Groww HTTP 401: {""errorCode"":401,""errorMessage"":{""message"":""Please Login and Try Again""}}"
2523,GROWW_ERROR,NITCO.BO,,NITCO LTD.,BSE_EQ|INE858F01012,,,,,,,,,,,,,,,,,,,,,,,,,"Groww HTTP 401: {""errorCode"":401,""errorMessage"":{""message"":""Please Login and Try Again""}}"
2522,GROWW_ERROR,NITINSPIN.BO,,NITIN SPINNERS LTD.,BSE_EQ|INE229H01012,,,,,,,,,,,,,,,,,,,,,,,,,"Groww HTTP 401: {""errorCode"":401,""errorMessage"":{""message"":""Please Login and Try Again""}}"
2521,GROWW_ERROR,NOVIS.BO,,NOVA IRON & STEEL LTD.,BSE_EQ|INE608C01026,,,,,,,,,,,,,,,,,,,,,,,,,"Groww HTTP 401: {""errorCode"":401,""errorMessage"":{""message"":""Please Login and Try Again""}}"
2520,GROWW_ERROR,NPRFIN.BO,,NPR FINANCE LTD.,BSE_EQ|INE446D01011,,,,,,,,,,,,,,,,,,,,,,,,,"Groww HTTP 401: {""errorCode"":401,""errorMessage"":{""message"":""Please Login and Try Again""}}"
2519,GROWW_ERROR,NTPC.BO,,NTPC LTD.,BSE_EQ|INE733E01010,,,,,,,,,,,,,,,,,,,,,,,,,"Groww HTTP 401: {""errorCode"":401,""errorMessage"":{""message"":""Please Login and Try Again""}}"
2518,GROWW_ERROR,PNC.BO,,PRITISH NANDY COMMUNICATIONS L,BSE_EQ|INE392B01011,,,,,,,,,,,,,,,,,,,,,,,,,"Groww HTTP 401: {""errorCode"":401,""errorMessage"":{""message"":""Please Login and Try Again""}}"
2517,GROWW_ERROR,SMARTLINK.BO,,Smartlink Holdings Limited,BSE_EQ|INE178C01020,,,,,,,,,,,,,,,,,,,,,,,,,"Groww HTTP 401: {""errorCode"":401,""errorMessage"":{""message"":""Please Login and Try Again""}}"
2516,GROWW_ERROR,SRINACHA.BO,,SRI NACHAMMAI COTTON MILLS LTD,BSE_EQ|INE443E01016,,,,,,,,,,,,,,,,,,,,,,,,,"Groww HTTP 401: {""errorCode"":401,""errorMessage"":{""message"":""Please Login and Try Again""}}"
2515,GROWW_ERROR,SUNTV.BO,,SUN TV NETWORK LTD.,BSE_EQ|INE424H01027,,,,,,,,,,,,,,,,,,,,,,,,,"Groww HTTP 401: {""errorCode"":401,""errorMessage"":{""message"":""Please Login and Try Again""}}"
2514,GROWW_ERROR,NETTLINX.BO,,NETTLINX LTD.,BSE_EQ|INE027D01019,,,,,,,,,,,,,,,,,,,,,,,,,"Groww HTTP 401: {""errorCode"":401,""errorMessage"":{""message"":""Please Login and Try Again""}}"
2513,GROWW_ERROR,NILE.BO,,NILE LTD.,BSE_EQ|INE445D01013,,,,,,,,,,,,,,,,,,,,,,,,,"Groww HTTP 401: {""errorCode"":401,""errorMessage"":{""message"":""Please Login and Try Again""}}"
2512,GROWW_ERROR,RAJTV.BO,,RAJ TELEVISION NETWORK LTD.,BSE_EQ|INE952H01027,,,,,,,,,,,,,,,,,,,,,,,,,"Groww HTTP 401: {""errorCode"":401,""errorMessage"":{""message"":""Please Login and Try Again""}}"
2511,GROWW_ERROR,MAFATIND.BO,,MAFATLAL INDUSTRIES LTD.,BSE_EQ|INE270B01035,,,,,,,,,,,,,,,,,,,,,,,,,"Groww HTTP 401: {""errorCode"":401,""errorMessage"":{""message"":""Please Login and Try Again""}}"
2510,GROWW_ERROR,MCLEODRUSS.BO,,MCLEOD RUSSEL INDIA LTD.,BSE_EQ|INE942G01012,,,,,,,,,,,,,,,,,,,,,,,,,"Groww HTTP 401: {""errorCode"":401,""errorMessage"":{""message"":""Please Login and Try Again""}}"
2509,GROWW_ERROR,MOSCHIP.BO,,MOSCHIP TECHNOLOGIES LIMITED,BSE_EQ|INE935B01025,,,,,,,,,,,,,,,,,,,,,,,,,"Groww HTTP 401: {""errorCode"":401,""errorMessage"":{""message"":""Please Login and Try Again""}}"
2508,GROWW_ERROR,SHREECEM.BO,,SHREE CEMENT LTD.,BSE_EQ|INE070A01015,,,,,,,,,,,,,,,,,,,,,,,,,"Groww HTTP 401: {""errorCode"":401,""errorMessage"":{""message"":""Please Login and Try Again""}}"
2507,GROWW_ERROR,SKRABUL.BO,,SHUKRA BULLIONS LTD.,BSE_EQ|INE561E01015,,,,,,,,,,,,,,,,,,,,,,,,,"Groww HTTP 401: {""errorCode"":401,""errorMessage"":{""message"":""Please Login and Try Again""}}"
2506,GROWW_ERROR,SKYIND.BO,,SKY INDUSTRIES LTD.,BSE_EQ|INE765B01018,,,,,,,,,,,,,,,,,,,,,,,,,"Groww HTTP 401: {""errorCode"":401,""errorMessage"":{""message"":""Please Login and Try Again""}}"
2505,GROWW_ERROR,TATACHEM.BO,,TATA CHEMICALS LTD.,BSE_EQ|INE092A01019,,,,,,,,,,,,,,,,,,,,,,,,,"Groww HTTP 401: {""errorCode"":401,""errorMessage"":{""message"":""Please Login and Try Again""}}"
2504,GROWW_ERROR,TRITONV.BO,,TRITON VALVES LTD.,BSE_EQ|INE440G01017,,,,,,,,,,,,,,,,,,,,,,,,,"Groww HTTP 401: {""errorCode"":401,""errorMessage"":{""message"":""Please Login and Try Again""}}"
2503,GROWW_ERROR,WIPRO.BO,,WIPRO LTD.,BSE_EQ|INE075A01022,,,,,,,,,,,,,,,,,,,,,,,,,"Groww HTTP 401: {""errorCode"":401,""errorMessage"":{""message"":""Please Login and Try Again""}}"
2502,GROWW_ERROR,ZENOTECH.BO,,ZENOTECH LABORATORIES LTD.,BSE_EQ|INE486F01012,,,,,,,,,,,,,,,,,,,,,,,,,"Groww HTTP 401: {""errorCode"":401,""errorMessage"":{""message"":""Please Login and Try Again""}}"
2501,GROWW_ERROR,ZYDUSWELL.BO,,ZYDUS WELLNESS LTD.,BSE_EQ|INE768C01028,,,,,,,,,,,,,,,,,,,,,,,,,"Groww HTTP 401: {""errorCode"":401,""errorMessage"":{""message"":""Please Login and Try Again""}}"
2500,GROWW_ERROR,INDRAMEDCO.BO,,INDRAPRASTHA MEDICAL CORP.LTD.,BSE_EQ|INE681B01017,,,,,,,,,,,,,,,,,,,,,,,,,"Groww HTTP 401: {""errorCode"":401,""errorMessage"":{""message"":""Please Login and Try Again""}}"
2499,GROWW_ERROR,INFY.BO,,INFOSYS LTD.,BSE_EQ|INE009A01021,,,,,,,,,,,,,,,,,,,,,,,,,"Groww HTTP 401: {""errorCode"":401,""errorMessage"":{""message"":""Please Login and Try Again""}}"
2498,GROWW_ERROR,MPILCORPL.BO,,MPIL CORPORATION LTD.,BSE_EQ|INE844C01027,,,,,,,,,,,,,,,,,,,,,,,,,"Groww HTTP 401: {""errorCode"":401,""errorMessage"":{""message"":""Please Login and Try Again""}}"
2497,GROWW_ERROR,OLYOI.BO,,OLYMPIC OIL INDUSTRIES LTD.,BSE_EQ|INE286E01019,,,,,,,,,,,,,,,,,,,,,,,,,"Groww HTTP 401: {""errorCode"":401,""errorMessage"":{""message"":""Please Login and Try Again""}}"
2496,GROWW_ERROR,RAIN.BO,,RAIN INDUSTRIES LIMITED,BSE_EQ|INE855B01025,,,,,,,,,,,,,,,,,,,,,,,,,"Groww HTTP 401: {""errorCode"":401,""errorMessage"":{""message"":""Please Login and Try Again""}}"
2495,GROWW_ERROR,RENUKA.BO,,SHREE RENUKA SUGARS LTD.,BSE_EQ|INE087H01022,,,,,,,,,,,,,,,,,,,,,,,,,"Groww HTTP 401: {""errorCode"":401,""errorMessage"":{""message"":""Please Login and Try Again""}}"
2494,GROWW_ERROR,STANPACK.BO,,STANPACKS (INDIA) LTD.,BSE_EQ|INE457D01018,,,,,,,,,,,,,,,,,,,,,,,,,"Groww HTTP 401: {""errorCode"":401,""errorMessage"":{""message"":""Please Login and Try Again""}}"
2493,GROWW_ERROR,TCI.BO,,TRANSPORT CORPORATION OF INDIA,BSE_EQ|INE688A01022,,,,,,,,,,,,,,,,,,,,,,,,,"Groww HTTP 401: {""errorCode"":401,""errorMessage"":{""message"":""Please Login and Try Again""}}"
2492,GROWW_ERROR,WALCHPF.BO,,WALCHAND PEOPLEFIRST LTD.,BSE_EQ|INE695D01021,,,,,,,,,,,,,,,,,,,,,,,,,"Groww HTTP 401: {""errorCode"":401,""errorMessage"":{""message"":""Please Login and Try Again""}}"
2491,GROWW_ERROR,RPOWER.BO,,RELIANCE POWER LTD.,BSE_EQ|INE614G01033,,,,,,,,,,,,,,,,,,,,,,,,,"Groww HTTP 401: {""errorCode"":401,""errorMessage"":{""message"":""Please Login and Try Again""}}"
2490,GROWW_ERROR,SPICEJET.BO,,SPICEJET LTD.,BSE_EQ|INE285B01017,,,,,,,,,,,,,,,,,,,,,,,,,"Groww HTTP 401: {""errorCode"":401,""errorMessage"":{""message"":""Please Login and Try Again""}}"
2489,GROWW_ERROR,KANDAGIRI.BO,,KANDAGIRI SPINNING MILLS LTD.,BSE_EQ|INE292D01019,,,,,,,,,,,,,,,,,,,,,,,,,"Groww HTTP 401: {""errorCode"":401,""errorMessage"":{""message"":""Please Login and Try Again""}}"
2488,GROWW_ERROR,KAIRA.BO,,KAIRA CAN CO.LTD.,BSE_EQ|INE375D01012,,,,,,,,,,,,,,,,,,,,,,,,,"Groww HTTP 401: {""errorCode"":401,""errorMessage"":{""message"":""Please Login and Try Again""}}"
2487,GROWW_ERROR,KAJARIR.BO,,KIC METALIKS LTD.,BSE_EQ|INE434C01027,,,,,,,,,,,,,,,,,,,,,,,,,"Groww HTTP 401: {""errorCode"":401,""errorMessage"":{""message"":""Please Login and Try Again""}}"
2486,GROWW_ERROR,ABMKNO.BO,,ABM KNOWLEDGEWARE LTD.,BSE_EQ|INE850B01026,,,,,,,,,,,,,,,,,,,,,,,,,"Groww HTTP 401: {""errorCode"":401,""errorMessage"":{""message"":""Please Login and Try Again""}}"
2485,GROWW_ERROR,DAICHI.BO,,DAI-ICHI KARKARIA LTD.,BSE_EQ|INE928C01010,,,,,,,,,,,,,,,,,,,,,,,,,"Groww HTTP 401: {""errorCode"":401,""errorMessage"":{""message"":""Please Login and Try Again""}}"
2484,GROWW_ERROR,GKCONS.BO,,G.K.CONSULTANTS LTD.,BSE_EQ|INE131D01019,,,,,,,,,,,,,,,,,,,,,,,,,"Groww HTTP 401: {""errorCode"":401,""errorMessage"":{""message"":""Please Login and Try Again""}}"
2483,GROWW_ERROR,KATRSPG.BO,,KATARE SPINNING MILLS LTD.,BSE_EQ|INE498G01015,,,,,,,,,,,,,,,,,,,,,,,,,"Groww HTTP 401: {""errorCode"":401,""errorMessage"":{""message"":""Please Login and Try Again""}}"
2482,GROWW_ERROR,KAYCEEI.BO,,KAYCEE INDUSTRIES LTD.,BSE_EQ|INE813G01023,,,,,,,,,,,,,,,,,,,,,,,,,"Groww HTTP 401: {""errorCode"":401,""errorMessage"":{""message"":""Please Login and Try Again""}}"
2481,GROWW_ERROR,KCP.BO,,K.C.P.LTD.,BSE_EQ|INE805C01028,,,,,,,,,,,,,,,,,,,,,,,,,"Groww HTTP 401: {""errorCode"":401,""errorMessage"":{""message"":""Please Login and Try Again""}}"
2480,GROWW_ERROR,KDDL.BO,,KDDL LTD.,BSE_EQ|INE291D01011,,,,,,,,,,,,,,,,,,,,,,,,,"Groww HTTP 401: {""errorCode"":401,""errorMessage"":{""message"":""Please Login and Try Again""}}"
2479,GROWW_ERROR,KEMP.BO,,KEMP & COMPANY LTD.,BSE_EQ|INE060E01018,,,,,,,,,,,,,,,,,,,,,,,,,"Groww HTTP 401: {""errorCode"":401,""errorMessage"":{""message"":""Please Login and Try Again""}}"
2478,GROWW_ERROR,KENNAMET.BO,,KENNAMETAL INDIA LTD.,BSE_EQ|INE717A01029,,,,,,,,,,,,,,,,,,,,,,,,,"Groww HTTP 401: {""errorCode"":401,""errorMessage"":{""message"":""Please Login and Try Again""}}"
2477,GROWW_ERROR,KHAITANLTD.BO,,KHAITAN (INDIA) LTD.,BSE_EQ|INE731C01018,,,,,,,,,,,,,,,,,,,,,,,,,"Groww HTTP 401: {""errorCode"":401,""errorMessage"":{""message"":""Please Login and Try Again""}}"
2476,GROWW_ERROR,KHANDSE.BO,,KHANDWALA SECURITIES LTD.,BSE_EQ|INE060B01014,,,,,,,,,,,,,,,,,,,,,,,,,"Groww HTTP 401: {""errorCode"":401,""errorMessage"":{""message"":""Please Login and Try Again""}}"
2475,GROWW_ERROR,KIRANSY-B.BO,,KIRAN SYNTEX LTD.,BSE_EQ|INE293D01017,,,,,,,,,,,,,,,,,,,,,,,,,"Groww HTTP 401: {""errorCode"":401,""errorMessage"":{""message"":""Please Login and Try Again""}}"
2474,GROWW_ERROR,KIRLPNU.BO,,KIRLOSKAR PNEUMATIC CO.LTD.,BSE_EQ|INE811A01020,,,,,,,,,,,,,,,,,,,,,,,,,"Groww HTTP 401: {""errorCode"":401,""errorMessage"":{""message"":""Please Login and Try Again""}}"
2473,GROWW_ERROR,KNRCON.BO,,KNR CONSTRUCTIONS LTD.,BSE_EQ|INE634I01029,,,,,,,,,,,,,,,,,,,,,,,,,"Groww HTTP 401: {""errorCode"":401,""errorMessage"":{""message"":""Please Login and Try Again""}}"
2472,GROWW_ERROR,KOPRAN.BO,,KOPRAN LTD.,BSE_EQ|INE082A01010,,,,,,,,,,,,,,,,,,,,,,,,,"Groww HTTP 401: {""errorCode"":401,""errorMessage"":{""message"":""Please Login and Try Again""}}"
2471,GROWW_ERROR,KOTAKBANK.BO,,KOTAK MAHINDRA BANK LTD.,BSE_EQ|INE237A01036,,,,,,,,,,,,,,,,,,,,,,,,,"Groww HTTP 401: {""errorCode"":401,""errorMessage"":{""message"":""Please Login and Try Again""}}"
2470,GROWW_ERROR,KOTHARIPRO.BO,,KOTHARI PRODUCTS LTD.,BSE_EQ|INE823A01017,,,,,,,,,,,,,,,,,,,,,,,,,"Groww HTTP 401: {""errorCode"":401,""errorMessage"":{""message"":""Please Login and Try Again""}}"
2469,GROWW_ERROR,KREBSBIO.BO,,KREBS BIOCHEMICALS & INDUSTRIE,BSE_EQ|INE268B01013,,,,,,,,,,,,,,,,,,,,,,,,,"Groww HTTP 401: {""errorCode"":401,""errorMessage"":{""message"":""Please Login and Try Again""}}"
2468,GROWW_ERROR,KSCL.BO,,KAVERI SEED COMPANY LTD.,BSE_EQ|INE455I01029,,,,,,,,,,,,,,,,,,,,,,,,,"Groww HTTP 401: {""errorCode"":401,""errorMessage"":{""message"":""Please Login and Try Again""}}"
2467,GROWW_ERROR,KTKBANK.BO,,KARNATAKA BANK LTD.,BSE_EQ|INE614B01018,,,,,,,,,,,,,,,,,,,,,,,,,"Groww HTTP 401: {""errorCode"":401,""errorMessage"":{""message"":""Please Login and Try Again""}}"
2466,GROWW_ERROR,KUNSTOFF.BO,,KUNSTSTOFFE INDUSTRIES LTD.,BSE_EQ|INE638D01021,,,,,,,,,,,,,,,,,,,,,,,,,"Groww HTTP 401: {""errorCode"":401,""errorMessage"":{""message"":""Please Login and Try Again""}}"
2465,GROWW_ERROR,KUWERIN.BO,,KUWER INDUSTRIES LTD.,BSE_EQ|INE430F01010,,,,,,,,,,,,,,,,,,,,,,,,,"Groww HTTP 401: {""errorCode"":401,""errorMessage"":{""message"":""Please Login and Try Again""}}"
2464,GROWW_ERROR,SHKARTP.BO,,SHREE KARTHIK PAPERS LTD.,BSE_EQ|INE538D01015,,,,,,,,,,,,,,,,,,,,,,,,,"Groww HTTP 401: {""errorCode"":401,""errorMessage"":{""message"":""Please Login and Try Again""}}"
2463,GROWW_ERROR,SKPMIL.BO,,SHREE KRISHNA PAPER MILLS & IN,BSE_EQ|INE970C01012,,,,,,,,,,,,,,,,,,,,,,,,,"Groww HTTP 401: {""errorCode"":401,""errorMessage"":{""message"":""Please Login and Try Again""}}"
2462,GROWW_ERROR,KMSUGAR.BO,,K.M.SUGAR MILLS LTD.,BSE_EQ|INE157H01023,,,,,,,,,,,,,,,,,,,,,,,,,"Groww HTTP 401: {""errorCode"":401,""errorMessage"":{""message"":""Please Login and Try Again""}}"
2461,GROWW_ERROR,JKLAKSHMI.BO,,JK LAKSHMI CEMENT LTD.,BSE_EQ|INE786A01032,,,,,,,,,,,,,,,,,,,,,,,,,"Groww HTTP 401: {""errorCode"":401,""errorMessage"":{""message"":""Please Login and Try Again""}}"
2460,GROWW_ERROR,JINDALPHOT.BO,,JINDAL PHOTO LTD.,BSE_EQ|INE796G01012,,,,,,,,,,,,,,,,,,,,,,,,,"Groww HTTP 401: {""errorCode"":401,""errorMessage"":{""message"":""Please Login and Try Again""}}"
2459,GROWW_ERROR,JAIMATAG.BO,,JAI MATA GLASS LTD.,BSE_EQ|INE250C01027,,,,,,,,,,,,,,,,,,,,,,,,,"Groww HTTP 401: {""errorCode"":401,""errorMessage"":{""message"":""Please Login and Try Again""}}"
2458,GROWW_ERROR,JKPAPER.BO,,JK PAPER LTD.,BSE_EQ|INE789E01012,,,,,,,,,,,,,,,,,,,,,,,,,"Groww HTTP 401: {""errorCode"":401,""errorMessage"":{""message"":""Please Login and Try Again""}}"
2457,GROWW_ERROR,PCJEWELLER.BO,,PC JEWELLER LTD.,BSE_EQ|INE785M01021,,,,,,,,,,,,,,,,,,,,,,,,,"Groww HTTP 401: {""errorCode"":401,""errorMessage"":{""message"":""Please Login and Try Again""}}"
2456,GROWW_ERROR,JAYBARMARU.BO,,JAY BHARAT MARUTI LTD.,BSE_EQ|INE571B01036,,,,,,,,,,,,,,,,,,,,,,,,,"Groww HTTP 401: {""errorCode"":401,""errorMessage"":{""message"":""Please Login and Try Again""}}"
2455,GROWW_ERROR,JAGSNPHARM.BO,,JAGSONPAL PHARMACEUTICALS LTD.,BSE_EQ|INE048B01035,,,,,,,,,,,,,,,,,,,,,,,,,"Groww HTTP 401: {""errorCode"":401,""errorMessage"":{""message"":""Please Login and Try Again""}}"
2454,GROWW_ERROR,JKTYRE.BO,,JK TYRE & INDUSTRIES LTD.,BSE_EQ|INE573A01042,,,,,,,,,,,,,,,,,,,,,,,,,"Groww HTTP 401: {""errorCode"":401,""errorMessage"":{""message"":""Please Login and Try Again""}}"
2453,GROWW_ERROR,JOSTS.BO,,JOSTS ENGINEERING CO.LTD.,BSE_EQ|INE636D01041,,,,,,,,,,,,,,,,,,,,,,,,,"Groww HTTP 401: {""errorCode"":401,""errorMessage"":{""message"":""Please Login and Try Again""}}"
2452,GROWW_ERROR,LYPSAGEMS.BO,,LYPSA GEMS & JEWELLERY LTD,BSE_EQ|INE142K01011,,,,,,,,,,,,,,,,,,,,,,,,,"Groww HTTP 401: {""errorCode"":401,""errorMessage"":{""message"":""Please Login and Try Again""}}"
2451,GROWW_ERROR,JUNIORBEES,INF732E01045,NIP IND ETF JUNIOR BEES,NSE_EQ|INF732E01045,,,,,,,,,,,,,,,,,,,,,,,,,"Groww HTTP 401: {""errorCode"":401,""errorMessage"":{""message"":""Please Login and Try Again""}}"
2450,GROWW_ERROR,JINDHOT.BO,,JINDAL HOTELS LTD.,BSE_EQ|INE726D01016,,,,,,,,,,,,,,,,,,,,,,,,,"Groww HTTP 401: {""errorCode"":401,""errorMessage"":{""message"":""Please Login and Try Again""}}"
2449,GROWW_ERROR,JUMBO.BO,,JUMBO BAG LTD.,BSE_EQ|INE699D01015,,,,,,,,,,,,,,,,,,,,,,,,,"Groww HTTP 401: {""errorCode"":401,""errorMessage"":{""message"":""Please Login and Try Again""}}"
2448,GROWW_ERROR,JAYUSH.BO,,JAY USHIN LTD.,BSE_EQ|INE289D01015,,,,,,,,,,,,,,,,,,,,,,,,,"Groww HTTP 401: {""errorCode"":401,""errorMessage"":{""message"":""Please Login and Try Again""}}"
2447,GROWW_ERROR,JSL.BO,,JINDAL STAINLESS LTD.,BSE_EQ|INE220G01021,,,,,,,,,,,,,,,,,,,,,,,,,"Groww HTTP 401: {""errorCode"":401,""errorMessage"":{""message"":""Please Login and Try Again""}}"
2446,GROWW_ERROR,JAYKAY.BO,,Jaykay Enterprises Limited,BSE_EQ|INE903A01025,,,,,,,,,,,,,,,,,,,,,,,,,"Groww HTTP 401: {""errorCode"":401,""errorMessage"":{""message"":""Please Login and Try Again""}}"
2445,GROWW_ERROR,JATTAINDUS.BO,,JATTASHANKAR INDUSTIES LTD.,BSE_EQ|INE722N01014,,,,,,,,,,,,,,,,,,,,,,,,,"Groww HTTP 401: {""errorCode"":401,""errorMessage"":{""message"":""Please Login and Try Again""}}"
2444,GROWW_ERROR,CJGEL.BO,,C.J.GELATINE PRODUCTS LTD.,BSE_EQ|INE557D01015,,,,,,,,,,,,,,,,,,,,,,,,,"Groww HTTP 401: {""errorCode"":401,""errorMessage"":{""message"":""Please Login and Try Again""}}"
2443,GROWW_ERROR,JENBURPH.BO,,JENBURKT PHARMACEUTICALS LTD.,BSE_EQ|INE354A01013,,,,,,,,,,,,,,,,,,,,,,,,,"Groww HTTP 401: {""errorCode"":401,""errorMessage"":{""message"":""Please Login and Try Again""}}"
2442,GROWW_ERROR,JINDALSAW.BO,,JINDAL SAW LTD.,BSE_EQ|INE324A01032,,,,,,,,,,,,,,,,,,,,,,,,,"Groww HTTP 401: {""errorCode"":401,""errorMessage"":{""message"":""Please Login and Try Again""}}"
2441,GROWW_ERROR,JKAGRI.BO,,JK AGRI GENETICS LTD,BSE_EQ|INE690O01011,,,,,,,,,,,,,,,,,,,,,,,,,"Groww HTTP 401: {""errorCode"":401,""errorMessage"":{""message"":""Please Login and Try Again""}}"
2440,GROWW_ERROR,JSTL.BO,,Jeevan Scientific Technology L,BSE_EQ|INE237B01018,,,,,,,,,,,,,,,,,,,,,,,,,"Groww HTTP 401: {""errorCode"":401,""errorMessage"":{""message"":""Please Login and Try Again""}}"
2439,GROWW_ERROR,JISLDVREQS.BO,,JAIN IRRIGATION SYSTEMS LTD.,BSE_EQ|IN9175A01010,,,,,,,,,,,,,,,,,,,,,,,,,"Groww HTTP 401: {""errorCode"":401,""errorMessage"":{""message"":""Please Login and Try Again""}}"
2438,GROWW_ERROR,JINDALPOLY.BO,,JINDAL POLY FILMS LTD.,BSE_EQ|INE197D01010,,,,,,,,,,,,,,,,,,,,,,,,,"Groww HTTP 401: {""errorCode"":401,""errorMessage"":{""message"":""Please Login and Try Again""}}"
2437,GROWW_ERROR,JINDALSTEL.BO,,JINDAL STEEL LIMITED,BSE_EQ|INE749A01030,,,,,,,,,,,,,,,,,,,,,,,,,"Groww HTTP 401: {""errorCode"":401,""errorMessage"":{""message"":""Please Login and Try Again""}}"
2436,GROWW_ERROR,JINDWORLD.BO,,JINDAL WORLDWIDE LTD.,BSE_EQ|INE247D01039,,,,,,,,,,,,,,,,,,,,,,,,,"Groww HTTP 401: {""errorCode"":401,""errorMessage"":{""message"":""Please Login and Try Again""}}"
2435,GROWW_ERROR,JAYATMA.BO,,JAYATMA ENTERPRISES LIMITED,BSE_EQ|INE246D01015,,,,,,,,,,,,,,,,,,,,,,,,,"Groww HTTP 401: {""errorCode"":401,""errorMessage"":{""message"":""Please Login and Try Again""}}"
2434,GROWW_ERROR,JUPITERIN.BO,,JUPITER INFOMEDIA LTD.,BSE_EQ|INE524N01014,,,,,,,,,,,,,,,,,,,,,,,,,"Groww HTTP 401: {""errorCode"":401,""errorMessage"":{""message"":""Please Login and Try Again""}}"
2433,GROWW_ERROR,JYOTIRES.BO,,JYOTI RESINS & ADHESIVES LTD.,BSE_EQ|INE577D01013,,,,,,,,,,,,,,,,,,,,,,,,,"Groww HTTP 401: {""errorCode"":401,""errorMessage"":{""message"":""Please Login and Try Again""}}"
2432,GROWW_ERROR,JAMESWARREN.BO,,JAMES WARREN TEA LTD,BSE_EQ|INE718P01017,,,,,,,,,,,,,,,,,,,,,,,,,"Groww HTTP 401: {""errorCode"":401,""errorMessage"":{""message"":""Please Login and Try Again""}}"
2431,GROWW_ERROR,JETKINGQ.BO,,JETKING INFOTRAIN LTD.,BSE_EQ|INE919C01019,,,,,,,,,,,,,,,,,,,,,,,,,"Groww HTTP 401: {""errorCode"":401,""errorMessage"":{""message"":""Please Login and Try Again""}}"
2430,GROWW_ERROR,JPPOWER.BO,,JAIPRAKASH POWER VENTURES LIMI,BSE_EQ|INE351F01018,,,,,,,,,,,,,,,,,,,,,,,,,"Groww HTTP 401: {""errorCode"":401,""errorMessage"":{""message"":""Please Login and Try Again""}}"
2429,GROWW_ERROR,JSWENERGY.BO,,JSW ENERGY LTD,BSE_EQ|INE121E01018,,,,,,,,,,,,,,,,,,,,,,,,,"Groww HTTP 401: {""errorCode"":401,""errorMessage"":{""message"":""Please Login and Try Again""}}"
2428,GROWW_ERROR,JSWSTEEL.BO,,JSW STEEL LTD.,BSE_EQ|INE019A01038,,,,,,,,,,,,,,,,,,,,,,,,,"Groww HTTP 401: {""errorCode"":401,""errorMessage"":{""message"":""Please Login and Try Again""}}"
2427,GROWW_ERROR,JUBLFOOD.BO,,JUBILANT FOODWORKS LTD,BSE_EQ|INE797F01020,,,,,,,,,,,,,,,,,,,,,,,,,"Groww HTTP 401: {""errorCode"":401,""errorMessage"":{""message"":""Please Login and Try Again""}}"
2426,GROWW_ERROR,JYOTI.BO,,JYOTI LTD.,BSE_EQ|INE511D01012,,,,,,,,,,,,,,,,,,,,,,,,,"Groww HTTP 401: {""errorCode"":401,""errorMessage"":{""message"":""Please Login and Try Again""}}"
2425,GROWW_ERROR,JAIBALAJI.BO,,JAI BALAJI INDUSTRIES LTD.,BSE_EQ|INE091G01026,,,,,,,,,,,,,,,,,,,,,,,,,"Groww HTTP 401: {""errorCode"":401,""errorMessage"":{""message"":""Please Login and Try Again""}}"
2424,GROWW_ERROR,JKIL.BO,,J.KUMAR INFRAPROJECTS LTD.,BSE_EQ|INE576I01022,,,,,,,,,,,,,,,,,,,,,,,,,"Groww HTTP 401: {""errorCode"":401,""errorMessage"":{""message"":""Please Login and Try Again""}}"
2423,GROWW_ERROR,ROHLTD.BO,,ROYAL ORCHID HOTELS LTD.,BSE_EQ|INE283H01019,,,,,,,,,,,,,,,,,,,,,,,,,"Groww HTTP 401: {""errorCode"":401,""errorMessage"":{""message"":""Please Login and Try Again""}}"
2422,GROWW_ERROR,SHHARICH.BO,,SHREE HARI CHEMICALS EXPORT LT,BSE_EQ|INE065E01017,,,,,,,,,,,,,,,,,,,,,,,,,"Groww HTTP 401: {""errorCode"":401,""errorMessage"":{""message"":""Please Login and Try Again""}}"
2421,GROWW_ERROR,WHBRADY.BO,,W.H.BRADY & CO.LTD.,BSE_EQ|INE855A01019,,,,,,,,,,,,,,,,,,,,,,,,,"Groww HTTP 401: {""errorCode"":401,""errorMessage"":{""message"":""Please Login and Try Again""}}"
2420,GROWW_ERROR,WONDERLA.BO,,WONDERLA HOLIDAYS LTD,BSE_EQ|INE066O01014,,,,,,,,,,,,,,,,,,,,,,,,,"Groww HTTP 401: {""errorCode"":401,""errorMessage"":{""message"":""Please Login and Try Again""}}"
2419,GROWW_ERROR,ZENITHHE.BO,,ZENITH HEALTH CARE LTD.,BSE_EQ|INE812B01026,,,,,,,,,,,,,,,,,,,,,,,,,"Groww HTTP 401: {""errorCode"":401,""errorMessage"":{""message"":""Please Login and Try Again""}}"
2418,GROWW_ERROR,BENARAS.BO,,BENARES HOTELS LTD.,BSE_EQ|INE664D01019,,,,,,,,,,,,,,,,,,,,,,,,,"Groww HTTP 401: {""errorCode"":401,""errorMessage"":{""message"":""Please Login and Try Again""}}"
2417,GROWW_ERROR,GRAVISSHO.BO,,GRAVISS HOSPITALITY LTD.,BSE_EQ|INE214F01026,,,,,,,,,,,,,,,,,,,,,,,,,"Groww HTTP 401: {""errorCode"":401,""errorMessage"":{""message"":""Please Login and Try Again""}}"
2416,GROWW_ERROR,GUJHOTE.BO,,GUJARAT HOTELS LTD.,BSE_EQ|INE621C01011,,,,,,,,,,,,,,,,,,,,,,,,,"Groww HTTP 401: {""errorCode"":401,""errorMessage"":{""message"":""Please Login and Try Again""}}"
2415,GROWW_ERROR,HCC.BO,,HINDUSTAN CONSTRUCTION CO.LTD.,BSE_EQ|INE549A01026,,,,,,,,,,,,,,,,,,,,,,,,,"Groww HTTP 401: {""errorCode"":401,""errorMessage"":{""message"":""Please Login and Try Again""}}"
2414,GROWW_ERROR,HESTERBIO.BO,,HESTER BIOSCIENCES LTD.,BSE_EQ|INE782E01017,,,,,,,,,,,,,,,,,,,,,,,,,"Groww HTTP 401: {""errorCode"":401,""errorMessage"":{""message"":""Please Login and Try Again""}}"
2413,GROWW_ERROR,ITHL.BO,,INTERNATIONAL TRAVEL HOUSE LTD,BSE_EQ|INE262B01016,,,,,,,,,,,,,,,,,,,,,,,,,"Groww HTTP 401: {""errorCode"":401,""errorMessage"":{""message"":""Please Login and Try Again""}}"
2412,GROWW_ERROR,ONGC.BO,,OIL AND NATURAL GAS CORPORATIO,BSE_EQ|INE213A01029,,,,,,,,,,,,,,,,,,,,,,,,,"Groww HTTP 401: {""errorCode"":401,""errorMessage"":{""message"":""Please Login and Try Again""}}"
2411,GROWW_ERROR,TAJGVK.BO,,TAJGVK HOTELS & RESORTS LTD.,BSE_EQ|INE586B01026,,,,,,,,,,,,,,,,,,,,,,,,,"Groww HTTP 401: {""errorCode"":401,""errorMessage"":{""message"":""Please Login and Try Again""}}"
2410,GROWW_ERROR,GAYAPROJ.BO,,GAYATRI PROJECTS LTD.,BSE_EQ|INE336H01023,,,,,,,,,,,,,,,,,,,,,,,,,"Groww HTTP 401: {""errorCode"":401,""errorMessage"":{""message"":""Please Login and Try Again""}}"
2409,GROWW_ERROR,VOITHPAPR.BO,,VOITH PAPER FABRICS INDIA LTD.,BSE_EQ|INE285C01015,,,,,,,,,,,,,,,,,,,,,,,,,"Groww HTTP 401: {""errorCode"":401,""errorMessage"":{""message"":""Please Login and Try Again""}}"
2408,GROWW_ERROR,WALLFORT.BO,,WALLFORT FINANCIAL SERVICES LT,BSE_EQ|INE121B01014,,,,,,,,,,,,,,,,,,,,,,,,,"Groww HTTP 401: {""errorCode"":401,""errorMessage"":{""message"":""Please Login and Try Again""}}"
2407,GROWW_ERROR,ADMANUM.BO,,AD-MANUM FINANCE LTD.,BSE_EQ|INE556D01017,,,,,,,,,,,,,,,,,,,,,,,,,"Groww HTTP 401: {""errorCode"":401,""errorMessage"":{""message"":""Please Login and Try Again""}}"
2406,GROWW_ERROR,AJWAFUN.BO,,AJWA FUN WORLD & RESORT LTD.,BSE_EQ|INE863E01015,,,,,,,,,,,,,,,,,,,,,,,,,"Groww HTTP 401: {""errorCode"":401,""errorMessage"":{""message"":""Please Login and Try Again""}}"
2405,GROWW_ERROR,FFPL.BO,,FOUNDRY FUEL PRODUCTS LTD.,BSE_EQ|INE617C01027,,,,,,,,,,,,,,,,,,,,,,,,,"Groww HTTP 401: {""errorCode"":401,""errorMessage"":{""message"":""Please Login and Try Again""}}"
2404,GROWW_ERROR,FILME.BO,,FILMCITY MEDIA LTD.,BSE_EQ|INE600B01033,,,,,,,,,,,,,,,,,,,,,,,,,"Groww HTTP 401: {""errorCode"":401,""errorMessage"":{""message"":""Please Login and Try Again""}}"
2403,GROWW_ERROR,FOODSIN.BO,,FOODS & INNS LTD.,BSE_EQ|INE976E01023,,,,,,,,,,,,,,,,,,,,,,,,,"Groww HTTP 401: {""errorCode"":401,""errorMessage"":{""message"":""Please Login and Try Again""}}"
2402,GROWW_ERROR,FORCEMOT.BO,,FORCE MOTORS LTD.,BSE_EQ|INE451A01017,,,,,,,,,,,,,,,,,,,,,,,,,"Groww HTTP 401: {""errorCode"":401,""errorMessage"":{""message"":""Please Login and Try Again""}}"
2401,GROWW_ERROR,GOWRALE.BO,,GOWRA LEASING & FINANCE LTD.,BSE_EQ|INE225G01012,,,,,,,,,,,,,,,,,,,,,,,,,"Groww HTTP 401: {""errorCode"":401,""errorMessage"":{""message"":""Please Login and Try Again""}}"
2400,GROWW_ERROR,HILTON.BO,,HILTON METAL FORGING LTD.,BSE_EQ|INE788H01017,,,,,,,,,,,,,,,,,,,,,,,,,"Groww HTTP 401: {""errorCode"":401,""errorMessage"":{""message"":""Please Login and Try Again""}}"
2399,GROWW_ERROR,HNDFDS.BO,,HINDUSTAN FOODS LTD.,BSE_EQ|INE254N01026,,,,,,,,,,,,,,,,,,,,,,,,,"Groww HTTP 401: {""errorCode"":401,""errorMessage"":{""message"":""Please Login and Try Again""}}"
2398,GROWW_ERROR,KZLFIN.BO,,K.Z.LEASING & FINANCE LTD.,BSE_EQ|INE006C01015,,,,,,,,,,,,,,,,,,,,,,,,,"Groww HTTP 401: {""errorCode"":401,""errorMessage"":{""message"":""Please Login and Try Again""}}"
2397,GROWW_ERROR,NIKKIGL.BO,,NIKKI GLOBAL FINANCE LTD.,BSE_EQ|INE526C01012,,,,,,,,,,,,,,,,,,,,,,,,,"Groww HTTP 401: {""errorCode"":401,""errorMessage"":{""message"":""Please Login and Try Again""}}"
2396,GROWW_ERROR,RCF.BO,,RASHTRIYA CHEMICALS & FERTILIZ,BSE_EQ|INE027A01015,,,,,,,,,,,,,,,,,,,,,,,,,"Groww HTTP 401: {""errorCode"":401,""errorMessage"":{""message"":""Please Login and Try Again""}}"
2395,GROWW_ERROR,RELAXO.BO,,RELAXO FOOTWEARS LTD.,BSE_EQ|INE131B01039,,,,,,,,,,,,,,,,,,,,,,,,,"Groww HTTP 401: {""errorCode"":401,""errorMessage"":{""message"":""Please Login and Try Again""}}"
2394,GROWW_ERROR,SUNDARMFIN.BO,,SUNDARAM FINANCE LTD.,BSE_EQ|INE660A01013,,,,,,,,,,,,,,,,,,,,,,,,,"Groww HTTP 401: {""errorCode"":401,""errorMessage"":{""message"":""Please Login and Try Again""}}"
2393,GROWW_ERROR,SUNDRMFAST.BO,,SUNDRAM FASTENERS LTD.,BSE_EQ|INE387A01021,,,,,,,,,,,,,,,,,,,,,,,,,"Groww HTTP 401: {""errorCode"":401,""errorMessage"":{""message"":""Please Login and Try Again""}}"
2392,GROWW_ERROR,BEL.BO,,BHARAT ELECTRONICS LTD.,BSE_EQ|INE263A01024,,,,,,,,,,,,,,,,,,,,,,,,,"Groww HTTP 401: {""errorCode"":401,""errorMessage"":{""message"":""Please Login and Try Again""}}"
2391,GROWW_ERROR,EMMESSA.BO,,EMMESSAR BIOTECH & NUTRITION L,BSE_EQ|INE634B01016,,,,,,,,,,,,,,,,,,,,,,,,,"Groww HTTP 401: {""errorCode"":401,""errorMessage"":{""message"":""Please Login and Try Again""}}"
2390,GROWW_ERROR,MKEXIM.BO,,M. K. Exim (India) Ltd.,BSE_EQ|INE227F01010,,,,,,,,,,,,,,,,,,,,,,,,,"Groww HTTP 401: {""errorCode"":401,""errorMessage"":{""message"":""Please Login and Try Again""}}"
2389,GROWW_ERROR,EASTSILK.BO,,EASTERN SILK INDUSTRIES LTD.,BSE_EQ|INE962C01035,,,,,,,,,,,,,,,,,,,,,,,,,"Groww HTTP 401: {""errorCode"":401,""errorMessage"":{""message"":""Please Login and Try Again""}}"
2388,GROWW_ERROR,KELENRG.BO,,KELTECH ENERGIES LTD.,BSE_EQ|INE881E01017,,,,,,,,,,,,,,,,,,,,,,,,,"Groww HTTP 401: {""errorCode"":401,""errorMessage"":{""message"":""Please Login and Try Again""}}"
2387,GROWW_ERROR,EIDPARRY.BO,,E.I.D.-PARRY (INDIA) LTD.,BSE_EQ|INE126A01031,,,,,,,,,,,,,,,,,,,,,,,,,"Groww HTTP 401: {""errorCode"":401,""errorMessage"":{""message"":""Please Login and Try Again""}}"
2386,GROWW_ERROR,GOLKUNDIA.BO,,GOLKUNDA DIAMONDS & JEWELLERY,BSE_EQ|INE798D01015,,,,,,,,,,,,,,,,,,,,,,,,,"Groww HTTP 401: {""errorCode"":401,""errorMessage"":{""message"":""Please Login and Try Again""}}"
2385,GROWW_ERROR,HDIL.BO,,HOUSING DEVELOPMENT & INFRASTR,BSE_EQ|INE191I01012,,,,,,,,,,,,,,,,,,,,,,,,,"Groww HTTP 401: {""errorCode"":401,""errorMessage"":{""message"":""Please Login and Try Again""}}"
2384,GROWW_ERROR,INDLEASE.BO,,INDIA LEASE DEVELOPMENT LTD.,BSE_EQ|INE333C01013,,,,,,,,,,,,,,,,,,,,,,,,,"Groww HTTP 401: {""errorCode"":401,""errorMessage"":{""message"":""Please Login and Try Again""}}"
2383,GROWW_ERROR,INDTONER.BO,,INDIAN TONERS & DEVELOPERS LTD,BSE_EQ|INE826B01018,,,,,,,,,,,,,,,,,,,,,,,,,"Groww HTTP 401: {""errorCode"":401,""errorMessage"":{""message"":""Please Login and Try Again""}}"
2382,GROWW_ERROR,MANGALAM.BO,,MANGALAM DRUGS & ORGANICS LTD.,BSE_EQ|INE584F01014,,,,,,,,,,,,,,,,,,,,,,,,,"Groww HTTP 401: {""errorCode"":401,""errorMessage"":{""message"":""Please Login and Try Again""}}"
2381,GROWW_ERROR,RADHEDE.BO,,RADHE DEVELOPERS (INDIA) LTD.,BSE_EQ|INE986B01044,,,,,,,,,,,,,,,,,,,,,,,,,"Groww HTTP 401: {""errorCode"":401,""errorMessage"":{""message"":""Please Login and Try Again""}}"
2380,GROWW_ERROR,SHRIDINE.BO,,SHRI DINESH MILLS LTD.,BSE_EQ|INE204C01024,,,,,,,,,,,,,,,,,,,,,,,,,"Groww HTTP 401: {""errorCode"":401,""errorMessage"":{""message"":""Please Login and Try Again""}}"
2379,GROWW_ERROR,THAKDEV.BO,,THAKKERS DEVELOPERS LTD.,BSE_EQ|INE403F01017,,,,,,,,,,,,,,,,,,,,,,,,,"Groww HTTP 401: {""errorCode"":401,""errorMessage"":{""message"":""Please Login and Try Again""}}"
2378,GROWW_ERROR,DANLAW.BO,,DANLAW TECHNOLOGIES INDIA LTD.,BSE_EQ|INE310B01013,,,,,,,,,,,,,,,,,,,,,,,,,"Groww HTTP 401: {""errorCode"":401,""errorMessage"":{""message"":""Please Login and Try Again""}}"
2377,GROWW_ERROR,DEEPAKSP.BO,,DEEPAK SPINNERS LTD.,BSE_EQ|INE272C01013,,,,,,,,,,,,,,,,,,,,,,,,,"Groww HTTP 401: {""errorCode"":401,""errorMessage"":{""message"":""Please Login and Try Again""}}"
2376,GROWW_ERROR,DLF.BO,,DLF LTD.,BSE_EQ|INE271C01023,,,,,,,,,,,,,,,,,,,,,,,,,"Groww HTTP 401: {""errorCode"":401,""errorMessage"":{""message"":""Please Login and Try Again""}}"
2375,GROWW_ERROR,ISHITADR.BO,,ISHITA DRUGS & INDUSTRIES LTD.,BSE_EQ|INE806D01016,,,,,,,,,,,,,,,,,,,,,,,,,"Groww HTTP 401: {""errorCode"":401,""errorMessage"":{""message"":""Please Login and Try Again""}}"
2374,GROWW_ERROR,NDTV.BO,,NEW DELHI TELEVISION LTD.,BSE_EQ|INE155G01029,,,,,,,,,,,,,,,,,,,,,,,,,"Groww HTTP 401: {""errorCode"":401,""errorMessage"":{""message"":""Please Login and Try Again""}}"
2373,GROWW_ERROR,IRB.BO,,IRB INFRASTRUCTURE DEVELOPERS,BSE_EQ|INE821I01022,,,,,,,,,,,,,,,,,,,,,,,,,"Groww HTTP 401: {""errorCode"":401,""errorMessage"":{""message"":""Please Login and Try Again""}}"
2372,GROWW_ERROR,BHEL.BO,,BHARAT HEAVY ELECTRICALS LTD.,BSE_EQ|INE257A01026,,,,,,,,,,,,,,,,,,,,,,,,,"Groww HTTP 401: {""errorCode"":401,""errorMessage"":{""message"":""Please Login and Try Again""}}"
2371,GROWW_ERROR,DBCORP.BO,,D B CORP LTD,BSE_EQ|INE950I01011,,,,,,,,,,,,,,,,,,,,,,,,,"Groww HTTP 401: {""errorCode"":401,""errorMessage"":{""message"":""Please Login and Try Again""}}"
2370,GROWW_ERROR,ADINATH.BO,,ADINATH TEXTILES LTD.,BSE_EQ|INE207C01019,,,,,,,,,,,,,,,,,,,,,,,,,"Groww HTTP 401: {""errorCode"":401,""errorMessage"":{""message"":""Please Login and Try Again""}}"
2369,GROWW_ERROR,AREXMIS.BO,,AREX INDUSTRIES LTD.,BSE_EQ|INE480H01011,,,,,,,,,,,,,,,,,,,,,,,,,"Groww HTTP 401: {""errorCode"":401,""errorMessage"":{""message"":""Please Login and Try Again""}}"
2368,GROWW_ERROR,ZYDUSWELL,INE768C01028,ZYDUS WELLNESS LIMITED,NSE_EQ|INE768C01028,,,,,,,,,,,,,,,,,,,,,,,,,"Groww HTTP 401: {""errorCode"":401,""errorMessage"":{""message"":""Please Login and Try Again""}}"
2367,GROWW_ERROR,ZYDUSLIFE,INE010B01027,ZYDUS LIFESCIENCES LTD,NSE_EQ|INE010B01027,,,,,,,,,,,,,,,,,,,,,,,,,"Groww HTTP 401: {""errorCode"":401,""errorMessage"":{""message"":""Please Login and Try Again""}}"
2366,GROWW_ERROR,ZUARIIND,INE217A01012,ZUARI INDUSTRIES LIMITED,NSE_EQ|INE217A01012,,,,,,,,,,,,,,,,,,,,,,,,,"Groww HTTP 401: {""errorCode"":401,""errorMessage"":{""message"":""Please Login and Try Again""}}"
2365,GROWW_ERROR,ZUARI,INE840M01016,ZUARI AGRO CHEMICALS LTD,NSE_EQ|INE840M01016,,,,,,,,,,,,,,,,,,,,,,,,,"Groww HTTP 401: {""errorCode"":401,""errorMessage"":{""message"":""Please Login and Try Again""}}"
2364,GROWW_ERROR,ZSARACOM,INE967G01019,SARASWATI COMM (INDIA) L,NSE_EQ|INE967G01019,,,,,,,,,,,,,,,,,,,,,,,,,"Groww HTTP 401: {""errorCode"":401,""errorMessage"":{""message"":""Please Login and Try Again""}}"
2363,GROWW_ERROR,ZOTA,INE358U01012,ZOTA HEALTH CARE LIMITED,NSE_EQ|INE358U01012,,,,,,,,,,,,,,,,,,,,,,,,,"Groww HTTP 401: {""errorCode"":401,""errorMessage"":{""message"":""Please Login and Try Again""}}"
2362,GROWW_ERROR,ZODIACLOTH,INE206B01013,ZODIAC CLOTHING CO. LTD.,NSE_EQ|INE206B01013,,,,,,,,,,,,,,,,,,,,,,,,,"Groww HTTP 401: {""errorCode"":401,""errorMessage"":{""message"":""Please Login and Try Again""}}"
2361,GROWW_ERROR,ZODIAC,INE761Y01019,ZODIAC ENERGY LIMITED,NSE_EQ|INE761Y01019,,,,,,,,,,,,,,,,,,,,,,,,,"Groww HTTP 401: {""errorCode"":401,""errorMessage"":{""message"":""Please Login and Try Again""}}"
2360,GROWW_ERROR,ZIMLAB,INE518E01015,ZIM LABORATORIES LIMITED,NSE_EQ|INE518E01015,,,,,,,,,,,,,,,,,,,,,,,,,"Groww HTTP 401: {""errorCode"":401,""errorMessage"":{""message"":""Please Login and Try Again""}}"
2359,GROWW_ERROR,ZFSTEERING,INE116C01012,Z F STEERING GEAR (I) LTD,NSE_EQ|INE116C01012,,,,,,,,,,,,,,,,,,,,,,,,,"Groww HTTP 401: {""errorCode"":401,""errorMessage"":{""message"":""Please Login and Try Again""}}"
2358,GROWW_ERROR,ZFCVINDIA,INE342J01019,ZF COM VE CTR SYS IND LTD,NSE_EQ|INE342J01019,,,,,,,,,,,,,,,,,,,,,,,,,"Groww HTTP 401: {""errorCode"":401,""errorMessage"":{""message"":""Please Login and Try Again""}}"
2357,GROWW_ERROR,ZENTEC,INE251B01027,ZEN TECHNOLOGIES LIMITED,NSE_EQ|INE251B01027,,,,,,,,,,,,,,,,,,,,,,,,,"Groww HTTP 401: {""errorCode"":401,""errorMessage"":{""message"":""Please Login and Try Again""}}"
2356,GROWW_ERROR,ZENSARTECH,INE520A01027,ZENSAR TECHNOLOGIES  LTD,NSE_EQ|INE520A01027,,,,,,,,,,,,,,,,,,,,,,,,,"Groww HTTP 401: {""errorCode"":401,""errorMessage"":{""message"":""Please Login and Try Again""}}"
2355,GROWW_ERROR,ZENITHSTL,INE318D01020,ZENITH STEEL PIP IND LTD,NSE_EQ|INE318D01020,,,,,,,,,,,,,,,,,,,,,,,,,"Groww HTTP 401: {""errorCode"":401,""errorMessage"":{""message"":""Please Login and Try Again""}}"
2354,GROWW_ERROR,ZENITHEXPO,INE058B01018,ZENITH EXPORTS LTD,NSE_EQ|INE058B01018,,,,,,,,,,,,,,,,,,,,,,,,,"Groww HTTP 401: {""errorCode"":401,""errorMessage"":{""message"":""Please Login and Try Again""}}"
2353,GROWW_ERROR,ZEEMEDIA,INE966H01019,ZEE MEDIA CORPORATION LTD,NSE_EQ|INE966H01019,,,,,,,,,,,,,,,,,,,,,,,,,"Groww HTTP 401: {""errorCode"":401,""errorMessage"":{""message"":""Please Login and Try Again""}}"
2352,GROWW_ERROR,ZEELEARN,INE565L01011,ZEE LEARN LIMITED,NSE_EQ|INE565L01011,,,,,,,,,,,,,,,,,,,,,,,,,"Groww HTTP 401: {""errorCode"":401,""errorMessage"":{""message"":""Please Login and Try Again""}}"
2351,GROWW_ERROR,ZEEL,INE256A01028,ZEE ENTERTAINMENT ENT LTD,NSE_EQ|INE256A01028,,,,,,,,,,,,,,,,,,,,,,,,,"Groww HTTP 401: {""errorCode"":401,""errorMessage"":{""message"":""Please Login and Try Again""}}"
2350,GROWW_ERROR,ZAGGLE,INE07K301024,ZAGGLE PREPA OCEAN SER L,NSE_EQ|INE07K301024,,,,,,,,,,,,,,,,,,,,,,,,,"Groww HTTP 401: {""errorCode"":401,""errorMessage"":{""message"":""Please Login and Try Again""}}"
2349,GROWW_ERROR,YUKEN,INE384C01016,YUKEN INDIA LIMITED,NSE_EQ|INE384C01016,,,,,,,,,,,,,,,,,,,,,,,,,"Groww HTTP 401: {""errorCode"":401,""errorMessage"":{""message"":""Please Login and Try Again""}}"
2348,GROWW_ERROR,YESBANK,INE528G01035,YES BANK LIMITED,NSE_EQ|INE528G01035,,,,,,,,,,,,,,,,,,,,,,,,,"Groww HTTP 401: {""errorCode"":401,""errorMessage"":{""message"":""Please Login and Try Again""}}"
2347,GROWW_ERROR,YATRA,INE0JR601024,YATRA ONLINE LIMITED,NSE_EQ|INE0JR601024,,,,,,,,,,,,,,,,,,,,,,,,,"Groww HTTP 401: {""errorCode"":401,""errorMessage"":{""message"":""Please Login and Try Again""}}"
2346,GROWW_ERROR,YATHARTH,INE0JO301016,YATHARTH HOSP & TRA C S L,NSE_EQ|INE0JO301016,,,,,,,,,,,,,,,,,,,,,,,,,"Groww HTTP 401: {""errorCode"":401,""errorMessage"":{""message"":""Please Login and Try Again""}}"
2345,GROWW_ERROR,YASHO,INE616Z01012,YASHO INDUSTRIES LIMITED,NSE_EQ|INE616Z01012,,,,,,,,,,,,,,,,,,,,,,,,,"Groww HTTP 401: {""errorCode"":401,""errorMessage"":{""message"":""Please Login and Try Again""}}"
2344,GROWW_ERROR,XTGLOBAL,INE547B01028,XTGLOBAL INFOTECH LIMITED,NSE_EQ|INE547B01028,,,,,,,,,,,,,,,,,,,,,,,,,"Groww HTTP 401: {""errorCode"":401,""errorMessage"":{""message"":""Please Login and Try Again""}}"
2343,GROWW_ERROR,XPROINDIA,INE445C01015,XPRO INDIA LIMITED,NSE_EQ|INE445C01015,,,,,,,,,,,,,,,,,,,,,,,,,"Groww HTTP 401: {""errorCode"":401,""errorMessage"":{""message"":""Please Login and Try Again""}}"
2342,GROWW_ERROR,XELPMOC,INE01P501012,XELPMOC DESIGN & TECH LTD,NSE_EQ|INE01P501012,,,,,,,,,,,,,,,,,,,,,,,,,"Groww HTTP 401: {""errorCode"":401,""errorMessage"":{""message"":""Please Login and Try Again""}}"
2341,GROWW_ERROR,XCHANGING,INE692G01013,XCHANGING SOLUTIONS LTD,NSE_EQ|INE692G01013,,,,,,,,,,,,,,,,,,,,,,,,,"Groww HTTP 401: {""errorCode"":401,""errorMessage"":{""message"":""Please Login and Try Again""}}"
2340,GROWW_ERROR,WSTCSTPAPR,INE976A01021,WEST COAST PAPER MILLS LT,NSE_EQ|INE976A01021,,,,,,,,,,,,,,,,,,,,,,,,,"Groww HTTP 401: {""errorCode"":401,""errorMessage"":{""message"":""Please Login and Try Again""}}"
2339,GROWW_ERROR,WSI,INE100D01014,W.S.INDUSTRIES (I) LTD.,NSE_EQ|INE100D01014,,,,,,,,,,,,,,,,,,,,,,,,,"Groww HTTP 401: {""errorCode"":401,""errorMessage"":{""message"":""Please Login and Try Again""}}"
2338,GROWW_ERROR,WPIL,INE765D01022,W P I L LTD.,NSE_EQ|INE765D01022,,,,,,,,,,,,,,,,,,,,,,,,,"Groww HTTP 401: {""errorCode"":401,""errorMessage"":{""message"":""Please Login and Try Again""}}"
2337,GROWW_ERROR,WORTHPERI,INE196Y01018,WORTH PERIPHERALS LIMITED,NSE_EQ|INE196Y01018,,,,,,,,,,,,,,,,,,,,,,,,,"Groww HTTP 401: {""errorCode"":401,""errorMessage"":{""message"":""Please Login and Try Again""}}"
2336,GROWW_ERROR,WONDERLA,INE066O01014,WONDERLA HOLIDAYS LTD.,NSE_EQ|INE066O01014,,,,,,,,,,,,,,,,,,,,,,,,,"Groww HTTP 401: {""errorCode"":401,""errorMessage"":{""message"":""Please Login and Try Again""}}"
2335,GROWW_ERROR,WOCKPHARMA,INE049B01025,WOCKHARDT LIMITED,NSE_EQ|INE049B01025,,,,,,,,,,,,,,,,,,,,,,,,,"Groww HTTP 401: {""errorCode"":401,""errorMessage"":{""message"":""Please Login and Try Again""}}"
2334,GROWW_ERROR,WIPRO,INE075A01022,WIPRO LTD,NSE_EQ|INE075A01022,,,,,,,,,,,,,,,,,,,,,,,,,"Groww HTTP 401: {""errorCode"":401,""errorMessage"":{""message"":""Please Login and Try Again""}}"
2333,GROWW_ERROR,WIPL,INE215F01023,THE WESTERN INDIA PLY LTD,NSE_EQ|INE215F01023,,,,,,,,,,,,,,,,,,,,,,,,,"Groww HTTP 401: {""errorCode"":401,""errorMessage"":{""message"":""Please Login and Try Again""}}"
2332,GROWW_ERROR,WINSOME,INE784B01035,WINSOME YARNS LIMITED,NSE_EQ|INE784B01035,,,,,,,,,,,,,,,,,,,,,,,,,"Groww HTTP 401: {""errorCode"":401,""errorMessage"":{""message"":""Please Login and Try Again""}}"
2331,GROWW_ERROR,WINDMACHIN,INE052A01021,WINDSOR MACHINES LIMITED,NSE_EQ|INE052A01021,,,,,,,,,,,,,,,,,,,,,,,,,"Groww HTTP 401: {""errorCode"":401,""errorMessage"":{""message"":""Please Login and Try Again""}}"
2330,GROWW_ERROR,WINDLAS,INE0H5O01029,WINDLAS BIOTECH LIMITED,NSE_EQ|INE0H5O01029,,,,,,,,,,,,,,,,,,,,,,,,,"Groww HTTP 401: {""errorCode"":401,""errorMessage"":{""message"":""Please Login and Try Again""}}"
2329,GROWW_ERROR,WILLAMAGOR,INE210A01017,WILLIAMSON MAGOR,NSE_EQ|INE210A01017,,,,,,,,,,,,,,,,,,,,,,,,,"Groww HTTP 401: {""errorCode"":401,""errorMessage"":{""message"":""Please Login and Try Again""}}"
2328,GROWW_ERROR,WHIRLPOOL,INE716A01013,WHIRLPOOL OF INDIA LTD,NSE_EQ|INE716A01013,,,,,,,,,,,,,,,,,,,,,,,,,"Groww HTTP 401: {""errorCode"":401,""errorMessage"":{""message"":""Please Login and Try Again""}}"
2327,GROWW_ERROR,WHEELS,INE715A01015,WHEELS INDIA LTD,NSE_EQ|INE715A01015,,,,,,,,,,,,,,,,,,,,,,,,,"Groww HTTP 401: {""errorCode"":401,""errorMessage"":{""message"":""Please Login and Try Again""}}"
2326,GROWW_ERROR,WEWORK,INE085001019,WEWORK INDIA MANAGEMENT L,NSE_EQ|INE085001019,,,,,,,,,,,,,,,,,,,,,,,,,"Groww HTTP 401: {""errorCode"":401,""errorMessage"":{""message"":""Please Login and Try Again""}}"
2325,GROWW_ERROR,WEWIN,INE082W01014,WE WIN LIMITED,NSE_EQ|INE082W01014,,,,,,,,,,,,,,,,,,,,,,,,,"Groww HTTP 401: {""errorCode"":401,""errorMessage"":{""message"":""Please Login and Try Again""}}"
2324,GROWW_ERROR,WESTLIFE,INE274F01020,WESTLIFE FOODWORLD LTD,NSE_EQ|INE274F01020,,,,,,,,,,,,,,,,,,,,,,,,,"Groww HTTP 401: {""errorCode"":401,""errorMessage"":{""message"":""Please Login and Try Again""}}"
2323,GROWW_ERROR,WENDT,INE274C01019,WENDT (INDIA) LIMITED,NSE_EQ|INE274C01019,,,,,,,,,,,,,,,,,,,,,,,,,"Groww HTTP 401: {""errorCode"":401,""errorMessage"":{""message"":""Please Login and Try Again""}}"
2322,GROWW_ERROR,WELSPUNLIV,INE192B01031,WELSPUN LIVING LIMITED,NSE_EQ|INE192B01031,,,,,,,,,,,,,,,,,,,,,,,,,"Groww HTTP 401: {""errorCode"":401,""errorMessage"":{""message"":""Please Login and Try Again""}}"
2321,GROWW_ERROR,WELSPLSOL,INE731F01037,WELSPUN SPECIALTY SOL L,NSE_EQ|INE731F01037,,,,,,,,,,,,,,,,,,,,,,,,,"Groww HTTP 401: {""errorCode"":401,""errorMessage"":{""message"":""Please Login and Try Again""}}"
2320,GROWW_ERROR,WELINV,INE389K01018,WELSPUN INV & COMM LTD,NSE_EQ|INE389K01018,,,,,,,,,,,,,,,,,,,,,,,,,"Groww HTTP 401: {""errorCode"":401,""errorMessage"":{""message"":""Please Login and Try Again""}}"
2319,GROWW_ERROR,WELENT,INE625G01013,WELSPUN ENTERPRISES LTD.,NSE_EQ|INE625G01013,,,,,,,,,,,,,,,,,,,,,,,,,"Groww HTTP 401: {""errorCode"":401,""errorMessage"":{""message"":""Please Login and Try Again""}}"
2318,GROWW_ERROR,WELCORP,INE191B01025,WELSPUN CORP LIMITED,NSE_EQ|INE191B01025,,,,,,,,,,,,,,,,,,,,,,,,,"Groww HTTP 401: {""errorCode"":401,""errorMessage"":{""message"":""Please Login and Try Again""}}"
2317,GROWW_ERROR,WEL,INE02WG01024,WONDER ELECTRICALS LTD,NSE_EQ|INE02WG01024,,,,,,,,,,,,,,,,,,,,,,,,,"Groww HTTP 401: {""errorCode"":401,""errorMessage"":{""message"":""Please Login and Try Again""}}"
2316,GROWW_ERROR,WEIZMANIND,INE080A01014,WEIZMANN LTD,NSE_EQ|INE080A01014,,,,,,,,,,,,,,,,,,,,,,,,,"Groww HTTP 401: {""errorCode"":401,""errorMessage"":{""message"":""Please Login and Try Again""}}"
2315,GROWW_ERROR,WEBELSOLAR,INE855C01023,WEBSOL ENERGY SYSTEM LTD,NSE_EQ|INE855C01023,,,,,,,,,,,,,,,,,,,,,,,,,"Groww HTTP 401: {""errorCode"":401,""errorMessage"":{""message"":""Please Login and Try Again""}}"
2314,GROWW_ERROR,WEALTH,INE658T01017,WEALTH FRST PORT. MG. LTD,NSE_EQ|INE658T01017,,,,,,,,,,,,,,,,,,,,,,,,,"Groww HTTP 401: {""errorCode"":401,""errorMessage"":{""message"":""Please Login and Try Again""}}"
2313,GROWW_ERROR,WCIL,INE0CJF01024,WESTERN CARRIERS (IND) L,NSE_EQ|INE0CJF01024,,,,,,,,,,,,,,,,,,,,,,,,,"Groww HTTP 401: {""errorCode"":401,""errorMessage"":{""message"":""Please Login and Try Again""}}"
2312,GROWW_ERROR,WANBURY,INE107F01022,WANBURY LIMITED,NSE_EQ|INE107F01022,,,,,,,,,,,,,,,,,,,,,,,,,"Groww HTTP 401: {""errorCode"":401,""errorMessage"":{""message"":""Please Login and Try Again""}}"
2311,GROWW_ERROR,WALCHANNAG,INE711A01022,WALCHANDNAGAR INDUSTRIES,NSE_EQ|INE711A01022,,,,,,,,,,,,,,,,,,,,,,,,,"Groww HTTP 401: {""errorCode"":401,""errorMessage"":{""message"":""Please Login and Try Again""}}"
2310,GROWW_ERROR,WAKEFIT,INE0E7301029,WAKEFIT INNOVATIONS LTD,NSE_EQ|INE0E7301029,,,,,,,,,,,,,,,,,,,,,,,,,"Groww HTTP 401: {""errorCode"":401,""errorMessage"":{""message"":""Please Login and Try Again""}}"
2309,GROWW_ERROR,WABAG,INE956G01038,VA TECH WABAG LTD,NSE_EQ|INE956G01038,,,,,,,,,,,,,,,,,,,,,,,,,"Groww HTTP 401: {""errorCode"":401,""errorMessage"":{""message"":""Please Login and Try Again""}}"
2308,GROWW_ERROR,WAAREERTL,INE299N01021,WAAREE RENEWABLE TECH LTD,NSE_EQ|INE299N01021,,,,,,,,,,,,,,,,,,,,,,,,,"Groww HTTP 401: {""errorCode"":401,""errorMessage"":{""message"":""Please Login and Try Again""}}"
2307,GROWW_ERROR,WAAREEINDO,INE866K01023,INDOSOLAR LIMITED,NSE_EQ|INE866K01023,,,,,,,,,,,,,,,,,,,,,,,,,"Groww HTTP 401: {""errorCode"":401,""errorMessage"":{""message"":""Please Login and Try Again""}}"
2306,GROWW_ERROR,WAAREEENER,INE377N01017,WAAREE ENERGIES LIMITED,NSE_EQ|INE377N01017,,,,,,,,,,,,,,,,,,,,,,,,,"Groww HTTP 401: {""errorCode"":401,""errorMessage"":{""message"":""Please Login and Try Again""}}"
2305,GROWW_ERROR,VTL,INE825A01020,VARDHMAN TEXTILES LIMITED,NSE_EQ|INE825A01020,,,,,,,,,,,,,,,,,,,,,,,,,"Groww HTTP 401: {""errorCode"":401,""errorMessage"":{""message"":""Please Login and Try Again""}}"
2304,GROWW_ERROR,VSTTILLERS,INE764D01017,VST TILLERS TRACTORS LTD,NSE_EQ|INE764D01017,,,,,,,,,,,,,,,,,,,,,,,,,"Groww HTTP 401: {""errorCode"":401,""errorMessage"":{""message"":""Please Login and Try Again""}}"
2303,GROWW_ERROR,VSTL,INE0QTF01015,VIBHOR STEEL TUBES LTD,NSE_EQ|INE0QTF01015,,,,,,,,,,,,,,,,,,,,,,,,,"Groww HTTP 401: {""errorCode"":401,""errorMessage"":{""message"":""Please Login and Try Again""}}"
2302,GROWW_ERROR,VSTIND,INE710A01016,VST INDUSTRIES LTD,NSE_EQ|INE710A01016,,,,,,,,,,,,,,,,,,,,,,,,,"Groww HTTP 401: {""errorCode"":401,""errorMessage"":{""message"":""Please Login and Try Again""}}"
2301,GROWW_ERROR,VSSL,INE050M01012,VARDHMAN SPC STEEL LTD,NSE_EQ|INE050M01012,,,,,,,,,,,,,,,,,,,,,,,,,"Groww HTTP 401: {""errorCode"":401,""errorMessage"":{""message"":""Please Login and Try Again""}}"
2300,GROWW_ERROR,VRLLOG,INE366I01010,VRL LOGISTICS LIMITED,NSE_EQ|INE366I01010,,,,,,,,,,,,,,,,,,,,,,,,,"Groww HTTP 401: {""errorCode"":401,""errorMessage"":{""message"":""Please Login and Try Again""}}"
2299,GROWW_ERROR,VRAJ,INE0S2V01010,VRAJ IRON AND STEEL LTD,NSE_EQ|INE0S2V01010,,,,,,,,,,,,,,,,,,,,,,,,,"Groww HTTP 401: {""errorCode"":401,""errorMessage"":{""message"":""Please Login and Try Again""}}"
2298,GROWW_ERROR,VPRPL,INE0AE001013,VISHNU PRAKASH R PUNGLI L,NSE_EQ|INE0AE001013,,,,,,,,,,,,,,,,,,,,,,,,,"Groww HTTP 401: {""errorCode"":401,""errorMessage"":{""message"":""Please Login and Try Again""}}"
2297,GROWW_ERROR,VOLTAS,INE226A01021,VOLTAS LTD,NSE_EQ|INE226A01021,,,,,,,,,,,,,,,,,,,,,,,,,"Groww HTTP 401: {""errorCode"":401,""errorMessage"":{""message"":""Please Login and Try Again""}}"
2296,GROWW_ERROR,VOLTAMP,INE540H01012,VOLTAMP TRANSFORMERS LTD,NSE_EQ|INE540H01012,,,,,,,,,,,,,,,,,,,,,,,,,"Groww HTTP 401: {""errorCode"":401,""errorMessage"":{""message"":""Please Login and Try Again""}}"
2295,GROWW_ERROR,VOGL,INE704J01044,VEDANTA OIL AND GAS LTD,NSE_EQ|INE704J01044,,,,,,,,,,,,,,,,,,,,,,,,,"Groww HTTP 401: {""errorCode"":401,""errorMessage"":{""message"":""Please Login and Try Again""}}"
2294,GROWW_ERROR,VMSTMT,INE0SJA01013,VMS TMT LIMITED,NSE_EQ|INE0SJA01013,,,,,,,,,,,,,,,,,,,,,,,,,"Groww HTTP 401: {""errorCode"":401,""errorMessage"":{""message"":""Please Login and Try Again""}}"
2293,GROWW_ERROR,VMM,INE01EA01019,VISHAL MEGA MART LIMITED,NSE_EQ|INE01EA01019,,,,,,,,,,,,,,,,,,,,,,,,,"Groww HTTP 401: {""errorCode"":401,""errorMessage"":{""message"":""Please Login and Try Again""}}"
2292,GROWW_ERROR,VMART,INE665J01013,VMART RETAIL LTD,NSE_EQ|INE665J01013,,,,,,,,,,,,,,,,,,,,,,,,,"Groww HTTP 401: {""errorCode"":401,""errorMessage"":{""message"":""Please Login and Try Again""}}"
2291,GROWW_ERROR,VLSFINANCE,INE709A01018,VLS FINANCE LTD,NSE_EQ|INE709A01018,,,,,,,,,,,,,,,,,,,,,,,,,"Groww HTTP 401: {""errorCode"":401,""errorMessage"":{""message"":""Please Login and Try Again""}}"
2290,GROWW_ERROR,VLEGOV,INE03HW01020,VL E GOV AND IT SOL LTD,NSE_EQ|INE03HW01020,,,,,,,,,,,,,,,,,,,,,,,,,"Groww HTTP 401: {""errorCode"":401,""errorMessage"":{""message"":""Please Login and Try Again""}}"
2289,GROWW_ERROR,VIYASH,INE807F01027,VIYASH SCIENTIFIC LIMITED,NSE_EQ|INE807F01027,,,,,,,,,,,,,,,,,,,,,,,,,"Groww HTTP 401: {""errorCode"":401,""errorMessage"":{""message"":""Please Login and Try Again""}}"
2288,GROWW_ERROR,VIVIMEDLAB,INE526G01021,VIVIMED LABS LIMITED,NSE_EQ|INE526G01021,,,,,,,,,,,,,,,,,,,,,,,,,"Groww HTTP 401: {""errorCode"":401,""errorMessage"":{""message"":""Please Login and Try Again""}}"
2287,GROWW_ERROR,VIVIDHA,INE370E01029,VISAGAR POLYTEX LTD,NSE_EQ|INE370E01029,,,,,,,,,,,,,,,,,,,,,,,,,"Groww HTTP 401: {""errorCode"":401,""errorMessage"":{""message"":""Please Login and Try Again""}}"
2286,GROWW_ERROR,VIVIANA,INE0MEG01014,VIVIANA POWER TECH LTD,NSE_EQ|INE0MEG01014,,,,,,,,,,,,,,,,,,,,,,,,,"Groww HTTP 401: {""errorCode"":401,""errorMessage"":{""message"":""Please Login and Try Again""}}"
2285,GROWW_ERROR,VITAL,INE0L4K01016,VITAL CHEMTECH LIMITED,NSE_EQ|INE0L4K01016,,,,,,,,,,,,,,,,,,,,,,,,,"Groww HTTP 401: {""errorCode"":401,""errorMessage"":{""message"":""Please Login and Try Again""}}"
2284,GROWW_ERROR,VISL,INE1CLE01013,VEDANTA IRON AND STEEL L,NSE_EQ|INE1CLE01013,,,,,,,,,,,,,,,,,,,,,,,,,"Groww HTTP 401: {""errorCode"":401,""errorMessage"":{""message"":""Please Login and Try Again""}}"
2283,GROWW_ERROR,VISHWARAJ,INE430N01022,VISHWARAJ SUGAR IND LTD,NSE_EQ|INE430N01022,,,,,,,,,,,,,,,,,,,,,,,,,"Groww HTTP 401: {""errorCode"":401,""errorMessage"":{""message"":""Please Login and Try Again""}}"
2282,GROWW_ERROR,VISHNU,INE270I01022,VISHNU CHEMICALS LIMITED,NSE_EQ|INE270I01022,,,,,,,,,,,,,,,,,,,,,,,,,"Groww HTTP 401: {""errorCode"":401,""errorMessage"":{""message"":""Please Login and Try Again""}}"
2281,GROWW_ERROR,VISAKAIND,INE392A01021,VISAKA INDUSTRIES LIMITED,NSE_EQ|INE392A01021,,,,,,,,,,,,,,,,,,,,,,,,,"Groww HTTP 401: {""errorCode"":401,""errorMessage"":{""message"":""Please Login and Try Again""}}"
2280,GROWW_ERROR,VISACHROME,INE286H01012,VISA CHROME LIMITED,NSE_EQ|INE286H01012,,,,,,,,,,,,,,,,,,,,,,,,,"Groww HTTP 401: {""errorCode"":401,""errorMessage"":{""message"":""Please Login and Try Again""}}"
2279,GROWW_ERROR,VIRINCHI,INE539B01017,VIRINCHI LIMITED,NSE_EQ|INE539B01017,,,,,,,,,,,,,,,,,,,,,,,,,"Groww HTTP 401: {""errorCode"":401,""errorMessage"":{""message"":""Please Login and Try Again""}}"
2278,GROWW_ERROR,VIPULLTD,INE946H01037,VIPUL LIMITED,NSE_EQ|INE946H01037,,,,,,,,,,,,,,,,,,,,,,,,,"Groww HTTP 401: {""errorCode"":401,""errorMessage"":{""message"":""Please Login and Try Again""}}"
2277,GROWW_ERROR,VIPIND,INE054A01027,VIP INDUSTRIES LTD,NSE_EQ|INE054A01027,,,,,,,,,,,,,,,,,,,,,,,,,"Groww HTTP 401: {""errorCode"":401,""errorMessage"":{""message"":""Please Login and Try Again""}}"
2276,GROWW_ERROR,VIPCLOTHNG,INE450G01024,VIP CLOTHING LIMITED,NSE_EQ|INE450G01024,,,,,,,,,,,,,,,,,,,,,,,,,"Groww HTTP 401: {""errorCode"":401,""errorMessage"":{""message"":""Please Login and Try Again""}}"
2275,GROWW_ERROR,VINYLINDIA,INE250B01029,VINYL CHEMICALS (I) LTD.,NSE_EQ|INE250B01029,,,,,,,,,,,,,,,,,,,,,,,,,"Groww HTTP 401: {""errorCode"":401,""errorMessage"":{""message"":""Please Login and Try Again""}}"
2274,GROWW_ERROR,VINNY,INE01KI01027,VINNY OVERSEAS LIMITED,NSE_EQ|INE01KI01027,,,,,,,,,,,,,,,,,,,,,,,,,"Groww HTTP 401: {""errorCode"":401,""errorMessage"":{""message"":""Please Login and Try Again""}}"
2273,GROWW_ERROR,VINEETLAB,INE505Y01010,VINEET LABORATORIES LTD,NSE_EQ|INE505Y01010,,,,,,,,,,,,,,,,,,,,,,,,,"Groww HTTP 401: {""errorCode"":401,""errorMessage"":{""message"":""Please Login and Try Again""}}"
2272,GROWW_ERROR,VINDHYATEL,INE707A01012,VINDHYA TELELINKS LTD,NSE_EQ|INE707A01012,,,,,,,,,,,,,,,,,,,,,,,,,"Groww HTTP 401: {""errorCode"":401,""errorMessage"":{""message"":""Please Login and Try Again""}}"
2271,GROWW_ERROR,VINCOFE,INE498Q01014,VINTAGE COFFEE N BVRGS L,NSE_EQ|INE498Q01014,,,,,,,,,,,,,,,,,,,,,,,,,"Groww HTTP 401: {""errorCode"":401,""errorMessage"":{""message"":""Please Login and Try Again""}}"
2270,GROWW_ERROR,VINATIORGA,INE410B01037,VINATI ORGANICS LTD,NSE_EQ|INE410B01037,,,,,,,,,,,,,,,,,,,,,,,,,"Groww HTTP 401: {""errorCode"":401,""errorMessage"":{""message"":""Please Login and Try Again""}}"
2269,GROWW_ERROR,VIMTALABS,INE579C01029,VIMTA LABS LIMITED,NSE_EQ|INE579C01029,,,,,,,,,,,,,,,,,,,,,,,,,"Groww HTTP 401: {""errorCode"":401,""errorMessage"":{""message"":""Please Login and Try Again""}}"
2268,GROWW_ERROR,VIKRAN,INE01R501028,VIKRAN ENGINEERING LTD,NSE_EQ|INE01R501028,,,,,,,,,,,,,,,,,,,,,,,,,"Groww HTTP 401: {""errorCode"":401,""errorMessage"":{""message"":""Please Login and Try Again""}}"
2267,GROWW_ERROR,VIKRAMSOLR,INE078V01014,VIKRAM SOLAR LIMITED,NSE_EQ|INE078V01014,,,,,,,,,,,,,,,,,,,,,,,,,"Groww HTTP 401: {""errorCode"":401,""errorMessage"":{""message"":""Please Login and Try Again""}}"
2266,GROWW_ERROR,VIKASLIFE,INE161L01027,VIKAS LIFECARE LIMITED,NSE_EQ|INE161L01027,,,,,,,,,,,,,,,,,,,,,,,,,"Groww HTTP 401: {""errorCode"":401,""errorMessage"":{""message"":""Please Login and Try Again""}}"
2265,GROWW_ERROR,VIKASECO,INE806A01020,VIKAS ECOTECH LIMITED,NSE_EQ|INE806A01020,,,,,,,,,,,,,,,,,,,,,,,,,"Groww HTTP 401: {""errorCode"":401,""errorMessage"":{""message"":""Please Login and Try Again""}}"
2264,GROWW_ERROR,VIJIFIN,INE159N01027,VIJI FINANCE LIMITED,NSE_EQ|INE159N01027,,,,,,,,,,,,,,,,,,,,,,,,,"Groww HTTP 401: {""errorCode"":401,""errorMessage"":{""message"":""Please Login and Try Again""}}"
2263,GROWW_ERROR,VIJAYA,INE043W01024,VIJAYA DIAGNOSTIC CEN LTD,NSE_EQ|INE043W01024,,,,,,,,,,,,,,,,,,,,,,,,,"Groww HTTP 401: {""errorCode"":401,""errorMessage"":{""message"":""Please Login and Try Again""}}"
2262,GROWW_ERROR,VIDYAWIRES,INE14UN01029,VIDYA WIRES LIMITED,NSE_EQ|INE14UN01029,,,,,,,,,,,,,,,,,,,,,,,,,"Groww HTTP 401: {""errorCode"":401,""errorMessage"":{""message"":""Please Login and Try Again""}}"
2261,GROWW_ERROR,VIDHIING,INE632C01026,VIDHI SPCLTY F INGRDNTS L,NSE_EQ|INE632C01026,,,,,,,,,,,,,,,,,,,,,,,,,"Groww HTTP 401: {""errorCode"":401,""errorMessage"":{""message"":""Please Login and Try Again""}}"
2260,GROWW_ERROR,VHLTD,INE048C01025,VICEROY HOTELS LIMITED,NSE_EQ|INE048C01025,,,,,,,,,,,,,,,,,,,,,,,,,"Groww HTTP 401: {""errorCode"":401,""errorMessage"":{""message"":""Please Login and Try Again""}}"
2259,GROWW_ERROR,VHL,INE701A01023,VARDHMAN HOLDINGS LIMITED,NSE_EQ|INE701A01023,,,,,,,,,,,,,,,,,,,,,,,,,"Groww HTTP 401: {""errorCode"":401,""errorMessage"":{""message"":""Please Login and Try Again""}}"
2258,GROWW_ERROR,VGUARD,INE951I01027,V-GUARD IND LTD.,NSE_EQ|INE951I01027,,,,,,,,,,,,,,,,,,,,,,,,,"Groww HTTP 401: {""errorCode"":401,""errorMessage"":{""message"":""Please Login and Try Again""}}"
2257,GROWW_ERROR,VGL,INE273D01027,VARVEE GLOBAL LIMITED,NSE_EQ|INE273D01027,,,,,,,,,,,,,,,,,,,,,,,,,"Groww HTTP 401: {""errorCode"":401,""errorMessage"":{""message"":""Please Login and Try Again""}}"
2256,GROWW_ERROR,VETO,INE918N01018,VETO SWITCHGEAR CABLE LTD,NSE_EQ|INE918N01018,,,,,,,,,,,,,,,,,,,,,,,,,"Groww HTTP 401: {""errorCode"":401,""errorMessage"":{""message"":""Please Login and Try Again""}}"
2255,GROWW_ERROR,VESUVIUS,INE386A01023,VESUVIUS INDIA LTD,NSE_EQ|INE386A01023,,,,,,,,,,,,,,,,,,,,,,,,,"Groww HTTP 401: {""errorCode"":401,""errorMessage"":{""message"":""Please Login and Try Again""}}"
2254,GROWW_ERROR,VERTOZ,INE188Y01031,VERTOZ LIMITED,NSE_EQ|INE188Y01031,,,,,,,,,,,,,,,,,,,,,,,,,"Groww HTTP 401: {""errorCode"":401,""errorMessage"":{""message"":""Please Login and Try Again""}}"
2253,GROWW_ERROR,VERANDA,INE0IQ001011,VERANDA LEARNING SOL LTD,NSE_EQ|INE0IQ001011,,,,,,,,,,,,,,,,,,,,,,,,,"Groww HTTP 401: {""errorCode"":401,""errorMessage"":{""message"":""Please Login and Try Again""}}"
2252,GROWW_ERROR,VENUSREM,INE411B01019,VENUS REMEDIES LIMITED,NSE_EQ|INE411B01019,,,,,,,,,,,,,,,,,,,,,,,,,"Groww HTTP 401: {""errorCode"":401,""errorMessage"":{""message"":""Please Login and Try Again""}}"
2251,GROWW_ERROR,VENUSPIPES,INE0JA001018,VENUS PIPES & TUBES LTD,NSE_EQ|INE0JA001018,,,,,,,,,,,,,,,,,,,,,,,,,"Groww HTTP 401: {""errorCode"":401,""errorMessage"":{""message"":""Please Login and Try Again""}}"
2250,GROWW_ERROR,VENTIVE,INE781S01027,VENTIVE HOSPITALITY LTD,NSE_EQ|INE781S01027,,,,,,,,,,,,,,,,,,,,,,,,,"Groww HTTP 401: {""errorCode"":401,""errorMessage"":{""message"":""Please Login and Try Again""}}"
2249,GROWW_ERROR,VENKEYS,INE398A01010,VENKY S (INDIA) LIMITED,NSE_EQ|INE398A01010,,,,,,,,,,,,,,,,,,,,,,,,,"Groww HTTP 401: {""errorCode"":401,""errorMessage"":{""message"":""Please Login and Try Again""}}"
2248,GROWW_ERROR,VELJAN,INE232E01013,VELJAN DENISON LTD.,NSE_EQ|INE232E01013,,,,,,,,,,,,,,,,,,,,,,,,,"Groww HTTP 401: {""errorCode"":401,""errorMessage"":{""message"":""Please Login and Try Again""}}"
2247,GROWW_ERROR,VEEDOL,INE484C01030,VEEDOL CORPORATION LTD,NSE_EQ|INE484C01030,,,,,,,,,,,,,,,,,,,,,,,,,"Groww HTTP 401: {""errorCode"":401,""errorMessage"":{""message"":""Please Login and Try Again""}}"
2246,GROWW_ERROR,VEDPOWER,INE694L01019,VEDANTA POWER LIMITED,NSE_EQ|INE694L01019,,,,,,,,,,,,,,,,,,,,,,,,,"Groww HTTP 401: {""errorCode"":401,""errorMessage"":{""message"":""Please Login and Try Again""}}"
2245,GROWW_ERROR,VEDL,INE205A01025,VEDANTA LIMITED,NSE_EQ|INE205A01025,,,,,,,,,,,,,,,,,,,,,,,,,"Groww HTTP 401: {""errorCode"":401,""errorMessage"":{""message"":""Please Login and Try Again""}}"
2244,GROWW_ERROR,VCL,INE098201036,VAXTEX COTFAB LIMITED,NSE_EQ|INE098201036,,,,,,,,,,,,,,,,,,,,,,,,,"Groww HTTP 401: {""errorCode"":401,""errorMessage"":{""message"":""Please Login and Try Again""}}"
2243,GROWW_ERROR,VBL,INE200M01039,VARUN BEVERAGES LIMITED,NSE_EQ|INE200M01039,,,,,,,,,,,,,,,,,,,,,,,,,"Groww HTTP 401: {""errorCode"":401,""errorMessage"":{""message"":""Please Login and Try Again""}}"
2242,GROWW_ERROR,VASWANI,INE590L01019,VASWANI IND LTD,NSE_EQ|INE590L01019,,,,,,,,,,,,,,,,,,,,,,,,,"Groww HTTP 401: {""errorCode"":401,""errorMessage"":{""message"":""Please Login and Try Again""}}"
2241,GROWW_ERROR,VASCONEQ,INE893I01013,VASCON ENGINEERS LTD,NSE_EQ|INE893I01013,,,,,,,,,,,,,,,,,,,,,,,,,"Groww HTTP 401: {""errorCode"":401,""errorMessage"":{""message"":""Please Login and Try Again""}}"
2240,GROWW_ERROR,VARROC,INE665L01035,VARROC ENGINEERING LTD.,NSE_EQ|INE665L01035,,,,,,,,,,,,,,,,,,,,,,,,,"Groww HTTP 401: {""errorCode"":401,""errorMessage"":{""message"":""Please Login and Try Again""}}"
2239,GROWW_ERROR,VARDMNPOLY,INE835A01029,VARDHMAN POLYTEX LTD.,NSE_EQ|INE835A01029,,,,,,,,,,,,,,,,,,,,,,,,,"Groww HTTP 401: {""errorCode"":401,""errorMessage"":{""message"":""Please Login and Try Again""}}"
2238,GROWW_ERROR,VARDHACRLC,INE116G01013,VARDHAMAN ACRYLICS LTD,NSE_EQ|INE116G01013,,,,,,,,,,,,,,,,,,,,,,,,,"Groww HTTP 401: {""errorCode"":401,""errorMessage"":{""message"":""Please Login and Try Again""}}"
2237,GROWW_ERROR,VAML,INE1CDF01017,VEDANTA ALUMINIUM METAL L,NSE_EQ|INE1CDF01017,,,,,,,,,,,,,,,,,,,,,,,,,"Groww HTTP 401: {""errorCode"":401,""errorMessage"":{""message"":""Please Login and Try Again""}}"
2236,GROWW_ERROR,VALIANTORG,INE565V01010,VALIANT ORGANICS LIMITED,NSE_EQ|INE565V01010,,,,,,,,,,,,,,,,,,,,,,,,,"Groww HTTP 401: {""errorCode"":401,""errorMessage"":{""message"":""Please Login and Try Again""}}"
2235,GROWW_ERROR,VALIANTLAB,INE0JWS01017,VALIANT LABORATORIES LTD,NSE_EQ|INE0JWS01017,,,,,,,,,,,,,,,,,,,,,,,,,"Groww HTTP 401: {""errorCode"":401,""errorMessage"":{""message"":""Please Login and Try Again""}}"
2234,GROWW_ERROR,VAKRANGEE,INE051B01021,VAKRANGEE LIMITED,NSE_EQ|INE051B01021,,,,,,,,,,,,,,,,,,,,,,,,,"Groww HTTP 401: {""errorCode"":401,""errorMessage"":{""message"":""Please Login and Try Again""}}"
2233,GROWW_ERROR,VAISHALI,INE972X01022,VAISHALI PHARMA LIMITED,NSE_EQ|INE972X01022,,,,,,,,,,,,,,,,,,,,,,,,,"Groww HTTP 401: {""errorCode"":401,""errorMessage"":{""message"":""Please Login and Try Again""}}"
2232,GROWW_ERROR,VAIBHAVGBL,INE884A01027,VAIBHAV GLOBAL LIMITED,NSE_EQ|INE884A01027,,,,,,,,,,,,,,,,,,,,,,,,,"Groww HTTP 401: {""errorCode"":401,""errorMessage"":{""message"":""Please Login and Try Again""}}"
2231,GROWW_ERROR,VADILALIND,INE694D01016,VADILAL INDUSTRIES LTD,NSE_EQ|INE694D01016,,,,,,,,,,,,,,,,,,,,,,,,,"Groww HTTP 401: {""errorCode"":401,""errorMessage"":{""message"":""Please Login and Try Again""}}"
2230,GROWW_ERROR,V2RETAIL,INE945H01021,V2 RETAIL LIMITED,NSE_EQ|INE945H01021,,,,,,,,,,,,,,,,,,,,,,,,,"Groww HTTP 401: {""errorCode"":401,""errorMessage"":{""message"":""Please Login and Try Again""}}"
2229,GROWW_ERROR,UYFINCORP,INE152C01025,U. Y. FINCORP LIMITED,NSE_EQ|INE152C01025,,,,,,,,,,,,,,,,,,,,,,,,,"Groww HTTP 401: {""errorCode"":401,""errorMessage"":{""message"":""Please Login and Try Again""}}"
2228,GROWW_ERROR,UTTAMSUGAR,INE786F01031,UTTAM SUGAR MILLS LTD.,NSE_EQ|INE786F01031,,,,,,,,,,,,,,,,,,,,,,,,,"Groww HTTP 401: {""errorCode"":401,""errorMessage"":{""message"":""Please Login and Try Again""}}"
2227,GROWW_ERROR,UTLSOLAR,INE12UR01024,FUJIYAMA POWER SYSTEMS L,NSE_EQ|INE12UR01024,,,,,,,,,,,,,,,,,,,,,,,,,"Groww HTTP 401: {""errorCode"":401,""errorMessage"":{""message"":""Please Login and Try Again""}}"
2226,GROWW_ERROR,UTKARSHBNK,INE735W01017,UTKARSH SMALL FIN BANK L,NSE_EQ|INE735W01017,,,,,,,,,,,,,,,,,,,,,,,,,"Groww HTTP 401: {""errorCode"":401,""errorMessage"":{""message"":""Please Login and Try Again""}}"
2225,GROWW_ERROR,UTIAMC,INE094J01016,UTI ASSET MNGMT CO LTD,NSE_EQ|INE094J01016,,,,,,,,,,,,,,,,,,,,,,,,,"Groww HTTP 401: {""errorCode"":401,""errorMessage"":{""message"":""Please Login and Try Again""}}"
2224,GROWW_ERROR,USK,INE0N0Y01013,UDAYSHIVAKUMAR INFRA LTD,NSE_EQ|INE0N0Y01013,,,,,,,,,,,,,,,,,,,,,,,,,"Groww HTTP 401: {""errorCode"":401,""errorMessage"":{""message"":""Please Login and Try Again""}}"
2223,GROWW_ERROR,USHAMART,INE228A01035,USHA MARTIN LTD.,NSE_EQ|INE228A01035,,,,,,,,,,,,,,,,,,,,,,,,,"Groww HTTP 401: {""errorCode"":401,""errorMessage"":{""message"":""Please Login and Try Again""}}"
2222,GROWW_ERROR,URJA,INE550C01020,URJA GLOBAL LIMITED,NSE_EQ|INE550C01020,,,,,,,,,,,,,,,,,,,,,,,,,"Groww HTTP 401: {""errorCode"":401,""errorMessage"":{""message"":""Please Login and Try Again""}}"
2221,GROWW_ERROR,URBANCO,INE0CAZ01013,URBAN COMPANY LIMITED,NSE_EQ|INE0CAZ01013,,,,,,,,,,,,,,,,,,,,,,,,,"Groww HTTP 401: {""errorCode"":401,""errorMessage"":{""message"":""Please Login and Try Again""}}"
2220,GROWW_ERROR,URAVIDEF,INE568Z01015,URAVI DEFENCE &TECH LTD,NSE_EQ|INE568Z01015,,,,,,,,,,,,,,,,,,,,,,,,,"Groww HTTP 401: {""errorCode"":401,""errorMessage"":{""message"":""Please Login and Try Again""}}"
2219,GROWW_ERROR,UPL,INE628A01036,UPL LIMITED,NSE_EQ|INE628A01036,,,,,,,,,,,,,,,,,,,,,,,,,"Groww HTTP 401: {""errorCode"":401,""errorMessage"":{""message"":""Please Login and Try Again""}}"
2218,GROWW_ERROR,UNOMINDA,INE405E01023,UNO MINDA LIMITED,NSE_EQ|INE405E01023,,,,,,,,,,,,,,,,,,,,,,,,,"Groww HTTP 401: {""errorCode"":401,""errorMessage"":{""message"":""Please Login and Try Again""}}"
2217,GROWW_ERROR,UNIVPHOTO,INE03V001013,UNIVERSUS IMAGINGS LTD,NSE_EQ|INE03V001013,,,,,,,,,,,,,,,,,,,,,,,,,"Groww HTTP 401: {""errorCode"":401,""errorMessage"":{""message"":""Please Login and Try Again""}}"
2216,GROWW_ERROR,UNIVCABLES,INE279A01012,UNIVERSAL CABLES LTD,NSE_EQ|INE279A01012,,,,,,,,,,,,,,,,,,,,,,,,,"Groww HTTP 401: {""errorCode"":401,""errorMessage"":{""message"":""Please Login and Try Again""}}"
2215,GROWW_ERROR,UNIVASTU,INE562X01013,UNIVASTU INDIA LIMITED,NSE_EQ|INE562X01013,,,,,,,,,,,,,,,,,,,,,,,,,"Groww HTTP 401: {""errorCode"":401,""errorMessage"":{""message"":""Please Login and Try Again""}}"
2214,GROWW_ERROR,UNITEDTEA,INE458F01011,UNITED NILGIRI TEA LTD,NSE_EQ|INE458F01011,,,,,,,,,,,,,,,,,,,,,,,,,"Groww HTTP 401: {""errorCode"":401,""errorMessage"":{""message"":""Please Login and Try Again""}}"
2213,GROWW_ERROR,UNITEDPOLY,INE368U01029,UNITED POLYFAB GUJ. LTD.,NSE_EQ|INE368U01029,,,,,,,,,,,,,,,,,,,,,,,,,"Groww HTTP 401: {""errorCode"":401,""errorMessage"":{""message"":""Please Login and Try Again""}}"
2212,GROWW_ERROR,UNITECH,INE694A01020,UNITECH LTD,NSE_EQ|INE694A01020,,,,,,,,,,,,,,,,,,,,,,,,,"Groww HTTP 401: {""errorCode"":401,""errorMessage"":{""message"":""Please Login and Try Again""}}"
2211,GROWW_ERROR,UNITDSPR,INE854D01024,UNITED SPIRITS LIMITED,NSE_EQ|INE854D01024,,,,,,,,,,,,,,,,,,,,,,,,,"Groww HTTP 401: {""errorCode"":401,""errorMessage"":{""message"":""Please Login and Try Again""}}"
2210,GROWW_ERROR,UNIPARTS,INE244O01017,UNIPARTS INDIA LIMITED,NSE_EQ|INE244O01017,,,,,,,,,,,,,,,,,,,,,,,,,"Groww HTTP 401: {""errorCode"":401,""errorMessage"":{""message"":""Please Login and Try Again""}}"
2209,GROWW_ERROR,UNIONBANK,INE692A01016,UNION BANK OF INDIA,NSE_EQ|INE692A01016,,,,,,,,,,,,,,,,,,,,,,,,,"Groww HTTP 401: {""errorCode"":401,""errorMessage"":{""message"":""Please Login and Try Again""}}"
2208,GROWW_ERROR,UNIMECH,INE0U3I01011,UNIMECH AEROSPACE N MFG L,NSE_EQ|INE0U3I01011,,,,,,,,,,,,,,,,,,,,,,,,,"Groww HTTP 401: {""errorCode"":401,""errorMessage"":{""message"":""Please Login and Try Again""}}"
2207,GROWW_ERROR,UNIINFO,INE481Z01011,UNIINFO TELECOM SERVI LTD,NSE_EQ|INE481Z01011,,,,,,,,,,,,,,,,,,,,,,,,,"Groww HTTP 401: {""errorCode"":401,""errorMessage"":{""message"":""Please Login and Try Again""}}"
2206,GROWW_ERROR,UNIENTER,INE037A01022,UNIPHOS ENTERPRISES LTD,NSE_EQ|INE037A01022,,,,,,,,,,,,,,,,,,,,,,,,,"Groww HTTP 401: {""errorCode"":401,""errorMessage"":{""message"":""Please Login and Try Again""}}"
2205,GROWW_ERROR,UNIECOM,INE00U401027,UNICOMMERCE ESOLUTIONS L,NSE_EQ|INE00U401027,,,,,,,,,,,,,,,,,,,,,,,,,"Groww HTTP 401: {""errorCode"":401,""errorMessage"":{""message"":""Please Login and Try Again""}}"
2204,GROWW_ERROR,UNIDT,INE961D01019,UNITED DRILLING TOOLS LTD,NSE_EQ|INE961D01019,,,,,,,,,,,,,,,,,,,,,,,,,"Groww HTTP 401: {""errorCode"":401,""errorMessage"":{""message"":""Please Login and Try Again""}}"
2203,GROWW_ERROR,UNICHEMLAB,INE351A01035,UNICHEM LABORATORIES LTD,NSE_EQ|INE351A01035,,,,,,,,,,,,,,,,,,,,,,,,,"Groww HTTP 401: {""errorCode"":401,""errorMessage"":{""message"":""Please Login and Try Again""}}"
2202,GROWW_ERROR,UMIYA-MRO,INE398B01018,UMIYA BUILDCON LIMITED,NSE_EQ|INE398B01018,,,,,,,,,,,,,,,,,,,,,,,,,"Groww HTTP 401: {""errorCode"":401,""errorMessage"":{""message"":""Please Login and Try Again""}}"
2201,GROWW_ERROR,UMESLTD,INE240C01028,USHA MARTIN EDU & SOL LTD,NSE_EQ|INE240C01028,,,,,,,,,,,,,,,,,,,,,,,,,"Groww HTTP 401: {""errorCode"":401,""errorMessage"":{""message"":""Please Login and Try Again""}}"
2200,GROWW_ERROR,UMAEXPORTS,INE0GIU01018,UMA EXPORTS LIMITED,NSE_EQ|INE0GIU01018,,,,,,,,,,,,,,,,,,,,,,,,,"Groww HTTP 401: {""errorCode"":401,""errorMessage"":{""message"":""Please Login and Try Again""}}"
2199,GROWW_ERROR,ULTRAMAR,INE405A01021,ULTRAMARINE & PIGMENTS L,NSE_EQ|INE405A01021,,,,,,,,,,,,,,,,,,,,,,,,,"Groww HTTP 401: {""errorCode"":401,""errorMessage"":{""message"":""Please Login and Try Again""}}"
2198,GROWW_ERROR,UJJIVANSFB,INE551W01018,UJJIVAN SMALL FINANC BANK,NSE_EQ|INE551W01018,,,,,,,,,,,,,,,,,,,,,,,,,"Groww HTTP 401: {""errorCode"":401,""errorMessage"":{""message"":""Please Login and Try Again""}}"
2197,GROWW_ERROR,UGROCAP,INE583D01011,UGRO CAPITAL LIMITED,NSE_EQ|INE583D01011,,,,,,,,,,,,,,,,,,,,,,,,,"Groww HTTP 401: {""errorCode"":401,""errorMessage"":{""message"":""Please Login and Try Again""}}"
2196,GROWW_ERROR,UGARSUGAR,INE071E01023,THE UGAR SUGAR WORKS LTD,NSE_EQ|INE071E01023,,,,,,,,,,,,,,,,,,,,,,,,,"Groww HTTP 401: {""errorCode"":401,""errorMessage"":{""message"":""Please Login and Try Again""}}"
2195,GROWW_ERROR,UFO,INE527H01019,UFO MOVIEZ INDIA LTD.,NSE_EQ|INE527H01019,,,,,,,,,,,,,,,,,,,,,,,,,"Groww HTTP 401: {""errorCode"":401,""errorMessage"":{""message"":""Please Login and Try Again""}}"
2194,GROWW_ERROR,UFLEX,INE516A01017,UFLEX LIMITED,NSE_EQ|INE516A01017,,,,,,,,,,,,,,,,,,,,,,,,,"Groww HTTP 401: {""errorCode"":401,""errorMessage"":{""message"":""Please Login and Try Again""}}"
2193,GROWW_ERROR,UFBL,INE382M01027,UNITED FOODBRANDS LIMITED,NSE_EQ|INE382M01027,,,,,,,,,,,,,,,,,,,,,,,,,"Groww HTTP 401: {""errorCode"":401,""errorMessage"":{""message"":""Please Login and Try Again""}}"
2192,GROWW_ERROR,UEL,INE899L01030,UJAAS ENERGY LIMITED,NSE_EQ|INE899L01030,,,,,,,,,,,,,,,,,,,,,,,,,"Groww HTTP 401: {""errorCode"":401,""errorMessage"":{""message"":""Please Login and Try Again""}}"
2191,GROWW_ERROR,UDS,INE851I01011,UPDATER SERVICES LIMITED,NSE_EQ|INE851I01011,,,,,,,,,,,,,,,,,,,,,,,,,"Groww HTTP 401: {""errorCode"":401,""errorMessage"":{""message"":""Please Login and Try Again""}}"
2190,GROWW_ERROR,UCOBANK,INE691A01018,UCO BANK,NSE_EQ|INE691A01018,,,,,,,,,,,,,,,,,,,,,,,,,"Groww HTTP 401: {""errorCode"":401,""errorMessage"":{""message"":""Please Login and Try Again""}}"
2189,GROWW_ERROR,UCAL,INE139B01016,UCAL LIMITED,NSE_EQ|INE139B01016,,,,,,,,,,,,,,,,,,,,,,,,,"Groww HTTP 401: {""errorCode"":401,""errorMessage"":{""message"":""Please Login and Try Again""}}"
2188,GROWW_ERROR,UBL,INE686F01025,UNITED BREWERIES LTD,NSE_EQ|INE686F01025,,,,,,,,,,,,,,,,,,,,,,,,,"Groww HTTP 401: {""errorCode"":401,""errorMessage"":{""message"":""Please Login and Try Again""}}"
2187,GROWW_ERROR,TVVISION,INE871L01013,TV VISION LIMITED,NSE_EQ|INE871L01013,,,,,,,,,,,,,,,,,,,,,,,,,"Groww HTTP 401: {""errorCode"":401,""errorMessage"":{""message"":""Please Login and Try Again""}}"
2186,GROWW_ERROR,TVTODAY,INE038F01029,TV TODAY NETWORK LTD,NSE_EQ|INE038F01029,,,,,,,,,,,,,,,,,,,,,,,,,"Groww HTTP 401: {""errorCode"":401,""errorMessage"":{""message"":""Please Login and Try Again""}}"
2185,GROWW_ERROR,TVSSRICHAK,INE421C01016,TVS SRICHAKRA LIMITED,NSE_EQ|INE421C01016,,,,,,,,,,,,,,,,,,,,,,,,,"Groww HTTP 401: {""errorCode"":401,""errorMessage"":{""message"":""Please Login and Try Again""}}"
2184,GROWW_ERROR,TVSSCS,INE395N01027,TVS SUPPLY CHAIN SOL L,NSE_EQ|INE395N01027,,,,,,,,,,,,,,,,,,,,,,,,,"Groww HTTP 401: {""errorCode"":401,""errorMessage"":{""message"":""Please Login and Try Again""}}"
2183,GROWW_ERROR,TVSMOTOR,INE494B01023,TVS MOTOR COMPANY  LTD,NSE_EQ|INE494B01023,,,,,,,,,,,,,,,,,,,,,,,,,"Groww HTTP 401: {""errorCode"":401,""errorMessage"":{""message"":""Please Login and Try Again""}}"
2182,GROWW_ERROR,TVSHLTD,INE105A01035,TVS HOLDINGS LIMITED,NSE_EQ|INE105A01035,,,,,,,,,,,,,,,,,,,,,,,,,"Groww HTTP 401: {""errorCode"":401,""errorMessage"":{""message"":""Please Login and Try Again""}}"
2181,GROWW_ERROR,TVSELECT,INE236G01019,TVS ELECTRONICS LTD,NSE_EQ|INE236G01019,,,,,,,,,,,,,,,,,,,,,,,,,"Groww HTTP 401: {""errorCode"":401,""errorMessage"":{""message"":""Please Login and Try Again""}}"
2180,GROWW_ERROR,TTML,INE517B01013,TATA TELESERV(MAHARASTRA),NSE_EQ|INE517B01013,,,,,,,,,,,,,,,,,,,,,,,,,"Groww HTTP 401: {""errorCode"":401,""errorMessage"":{""message"":""Please Login and Try Again""}}"
2179,GROWW_ERROR,TTL,INE592B01024,T T LIMITED,NSE_EQ|INE592B01024,,,,,,,,,,,,,,,,,,,,,,,,,"Groww HTTP 401: {""errorCode"":401,""errorMessage"":{""message"":""Please Login and Try Again""}}"
2178,GROWW_ERROR,TTKPRESTIG,INE690A01028,TTK PRESTIGE LTD,NSE_EQ|INE690A01028,,,,,,,,,,,,,,,,,,,,,,,,,"Groww HTTP 401: {""errorCode"":401,""errorMessage"":{""message"":""Please Login and Try Again""}}"
2177,GROWW_ERROR,TTKHLTCARE,INE910C01018,TTK HEALTHCARE LIMITED,NSE_EQ|INE910C01018,,,,,,,,,,,,,,,,,,,,,,,,,"Groww HTTP 401: {""errorCode"":401,""errorMessage"":{""message"":""Please Login and Try Again""}}"
2176,GROWW_ERROR,TSFINV,INE202Z01029,TSF INVESTMENTS LIMITED,NSE_EQ|INE202Z01029,,,,,,,,,,,,,,,,,,,,,,,,,"Groww HTTP 401: {""errorCode"":401,""errorMessage"":{""message"":""Please Login and Try Again""}}"
2175,GROWW_ERROR,TRUALT,INE0MWH01014,TRUALT BIOENERGY LIMITED,NSE_EQ|INE0MWH01014,,,,,,,,,,,,,,,,,,,,,,,,,"Groww HTTP 401: {""errorCode"":401,""errorMessage"":{""message"":""Please Login and Try Again""}}"
2174,GROWW_ERROR,TRU,INE615R01029,TRUCAP FINANCE LIMITED,NSE_EQ|INE615R01029,,,,,,,,,,,,,,,,,,,,,,,,,"Groww HTTP 401: {""errorCode"":401,""errorMessage"":{""message"":""Please Login and Try Again""}}"
2173,GROWW_ERROR,TRIVENI,INE256C01024,TRIVENI ENGG. & INDS. LTD,NSE_EQ|INE256C01024,,,,,,,,,,,,,,,,,,,,,,,,,"Groww HTTP 401: {""errorCode"":401,""errorMessage"":{""message"":""Please Login and Try Again""}}"
2172,GROWW_ERROR,TRITURBINE,INE152M01016,TRIVENI TURBINE LIMITED,NSE_EQ|INE152M01016,,,,,,,,,,,,,,,,,,,,,,,,,"Groww HTTP 401: {""errorCode"":401,""errorMessage"":{""message"":""Please Login and Try Again""}}"
2171,GROWW_ERROR,TRIGYN,INE948A01012,TRIGYN TECHNOLOGIES LTD,NSE_EQ|INE948A01012,,,,,,,,,,,,,,,,,,,,,,,,,"Groww HTTP 401: {""errorCode"":401,""errorMessage"":{""message"":""Please Login and Try Again""}}"
2170,GROWW_ERROR,TRIDENT,INE064C01022,TRIDENT LIMITED,NSE_EQ|INE064C01022,,,,,,,,,,,,,,,,,,,,,,,,,"Groww HTTP 401: {""errorCode"":401,""errorMessage"":{""message"":""Please Login and Try Again""}}"
2169,GROWW_ERROR,TRF,INE391D01019,TRF LIMITED,NSE_EQ|INE391D01019,,,,,,,,,,,,,,,,,,,,,,,,,"Groww HTTP 401: {""errorCode"":401,""errorMessage"":{""message"":""Please Login and Try Again""}}"
2168,GROWW_ERROR,TRENT,INE849A01020,TRENT LTD,NSE_EQ|INE849A01020,,,,,,,,,,,,,,,,,,,,,,,,,"Groww HTTP 401: {""errorCode"":401,""errorMessage"":{""message"":""Please Login and Try Again""}}"
2167,GROWW_ERROR,TREL,INE0O3901029,TRANSINDIA REAL ESTATE L,NSE_EQ|INE0O3901029,,,,,,,,,,,,,,,,,,,,,,,,,"Groww HTTP 401: {""errorCode"":401,""errorMessage"":{""message"":""Please Login and Try Again""}}"
2166,GROWW_ERROR,TREJHARA,INE00CA01015,TREJHARA SOLUTIONS LTD,NSE_EQ|INE00CA01015,,,,,,,,,,,,,,,,,,,,,,,,,"Groww HTTP 401: {""errorCode"":401,""errorMessage"":{""message"":""Please Login and Try Again""}}"
2165,GROWW_ERROR,TREEHOUSE,INE040M01013,TREE HOUSE EDU LTD,NSE_EQ|INE040M01013,,,,,,,,,,,,,,,,,,,,,,,,,"Groww HTTP 401: {""errorCode"":401,""errorMessage"":{""message"":""Please Login and Try Again""}}"
2164,GROWW_ERROR,TRAVELFOOD,INE103V01028,TRAVEL FOOD SERVICES LTD,NSE_EQ|INE103V01028,,,,,,,,,,,,,,,,,,,,,,,,,"Groww HTTP 401: {""errorCode"":401,""errorMessage"":{""message"":""Please Login and Try Again""}}"
2163,GROWW_ERROR,TRANSWORLD,INE757B01015,TRANSWORLD SHIP LINES LTD,NSE_EQ|INE757B01015,,,,,,,,,,,,,,,,,,,,,,,,,"Groww HTTP 401: {""errorCode"":401,""errorMessage"":{""message"":""Please Login and Try Again""}}"
2162,GROWW_ERROR,TRANSRAILL,INE454P01035,TRANSRAIL LIGHTING LTD,NSE_EQ|INE454P01035,,,,,,,,,,,,,,,,,,,,,,,,,"Groww HTTP 401: {""errorCode"":401,""errorMessage"":{""message"":""Please Login and Try Again""}}"
2161,GROWW_ERROR,TRANSPEK,INE687A01016,TRANSPEK INDUSTRY LTD,NSE_EQ|INE687A01016,,,,,,,,,,,,,,,,,,,,,,,,,"Groww HTTP 401: {""errorCode"":401,""errorMessage"":{""message"":""Please Login and Try Again""}}"
2160,GROWW_ERROR,TRACXN,INE0HMF01019,TRACXN TECHNOLOGIES LTD,NSE_EQ|INE0HMF01019,,,,,,,,,,,,,,,,,,,,,,,,,"Groww HTTP 401: {""errorCode"":401,""errorMessage"":{""message"":""Please Login and Try Again""}}"
2159,GROWW_ERROR,TPLPLASTEH,INE413G01022,TPL PLASTECH LIMITED,NSE_EQ|INE413G01022,,,,,,,,,,,,,,,,,,,,,,,,,"Groww HTTP 401: {""errorCode"":401,""errorMessage"":{""message"":""Please Login and Try Again""}}"
2158,GROWW_ERROR,TPHQ,INE065J01024,TEAMO PRODUCTIONS HQ LTD,NSE_EQ|INE065J01024,,,,,,,,,,,,,,,,,,,,,,,,,"Groww HTTP 401: {""errorCode"":401,""errorMessage"":{""message"":""Please Login and Try Again""}}"
2157,GROWW_ERROR,TOUCHWOOD,INE486Y01013,TOUCHWOOD ENTERTAIN LTD.,NSE_EQ|INE486Y01013,,,,,,,,,,,,,,,,,,,,,,,,,"Groww HTTP 401: {""errorCode"":401,""errorMessage"":{""message"":""Please Login and Try Again""}}"
2156,GROWW_ERROR,TOTAL,INE336X01012,TOTAL TRANSPORT SYS LTD,NSE_EQ|INE336X01012,,,,,,,,,,,,,,,,,,,,,,,,,"Groww HTTP 401: {""errorCode"":401,""errorMessage"":{""message"":""Please Login and Try Again""}}"
2155,GROWW_ERROR,TORNTPOWER,INE813H01021,TORRENT POWER LTD,NSE_EQ|INE813H01021,,,,,,,,,,,,,,,,,,,,,,,,,"Groww HTTP 401: {""errorCode"":401,""errorMessage"":{""message"":""Please Login and Try Again""}}"
2154,GROWW_ERROR,TORNTPHARM,INE685A01028,TORRENT PHARMACEUTICALS L,NSE_EQ|INE685A01028,,,,,,,,,,,,,,,,,,,,,,,,,"Groww HTTP 401: {""errorCode"":401,""errorMessage"":{""message"":""Please Login and Try Again""}}"
2153,GROWW_ERROR,TOLINS,INE0RWQ01014,TOLINS TYRES LIMITED,NSE_EQ|INE0RWQ01014,,,,,,,,,,,,,,,,,,,,,,,,,"Groww HTTP 401: {""errorCode"":401,""errorMessage"":{""message"":""Please Login and Try Again""}}"
2152,GROWW_ERROR,TOKYOPLAST,INE932C01012,TOKYO PLAST  INTL LTD.,NSE_EQ|INE932C01012,,,,,,,,,,,,,,,,,,,,,,,,,"Groww HTTP 401: {""errorCode"":401,""errorMessage"":{""message"":""Please Login and Try Again""}}"
2151,GROWW_ERROR,TNTELE,INE141D01018,TAMILNADU TELECOMMUNICATI,NSE_EQ|INE141D01018,,,,,,,,,,,,,,,,,,,,,,,,,"Groww HTTP 401: {""errorCode"":401,""errorMessage"":{""message"":""Please Login and Try Again""}}"
2150,GROWW_ERROR,TNPL,INE107A01015,TAMILNADU NEWSPRT & PAPER,NSE_EQ|INE107A01015,,,,,,,,,,,,,,,,,,,,,,,,,"Groww HTTP 401: {""errorCode"":401,""errorMessage"":{""message"":""Please Login and Try Again""}}"
2149,GROWW_ERROR,TNPETRO,INE148A01019,TAMILNADU PETROPRODUCTS L,NSE_EQ|INE148A01019,,,,,,,,,,,,,,,,,,,,,,,,,"Groww HTTP 401: {""errorCode"":401,""errorMessage"":{""message"":""Please Login and Try Again""}}"
2148,GROWW_ERROR,TMPV,INE155A01022,TATA MOTORS PASS VEH LTD,NSE_EQ|INE155A01022,,,,,,,,,,,,,,,,,,,,,,,,,"Groww HTTP 401: {""errorCode"":401,""errorMessage"":{""message"":""Please Login and Try Again""}}"
2147,GROWW_ERROR,TMCV,INE1TAE01010,TATA MOTORS LIMITED,NSE_EQ|INE1TAE01010,,,,,,,,,,,,,,,,,,,,,,,,,"Groww HTTP 401: {""errorCode"":401,""errorMessage"":{""message"":""Please Login and Try Again""}}"
2146,GROWW_ERROR,TMB,INE668A01016,TAMILNAD MERCA BANK LTD,NSE_EQ|INE668A01016,,,,,,,,,,,,,,,,,,,,,,,,,"Groww HTTP 401: {""errorCode"":401,""errorMessage"":{""message"":""Please Login and Try Again""}}"
2145,GROWW_ERROR,TITAGARH,INE615H01020,TITAGARH RAIL SYSTEMS LTD,NSE_EQ|INE615H01020,,,,,,,,,,,,,,,,,,,,,,,,,"Groww HTTP 401: {""errorCode"":401,""errorMessage"":{""message"":""Please Login and Try Again""}}"
2144,GROWW_ERROR,TIRUPATIFL,INE319Y01024,TIRUPATI FORGE LIMITED,NSE_EQ|INE319Y01024,,,,,,,,,,,,,,,,,,,,,,,,,"Groww HTTP 401: {""errorCode"":401,""errorMessage"":{""message"":""Please Login and Try Again""}}"
2143,GROWW_ERROR,TIRUMALCHM,INE338A01024,THIRUMALAI CHEMICALS LTD,NSE_EQ|INE338A01024,,,,,,,,,,,,,,,,,,,,,,,,,"Groww HTTP 401: {""errorCode"":401,""errorMessage"":{""message"":""Please Login and Try Again""}}"
2142,GROWW_ERROR,TIPSMUSIC,INE716B01029,TIPS MUSIC LIMITED,NSE_EQ|INE716B01029,,,,,,,,,,,,,,,,,,,,,,,,,"Groww HTTP 401: {""errorCode"":401,""errorMessage"":{""message"":""Please Login and Try Again""}}"
2141,GROWW_ERROR,TIPSFILMS,INE0LQS01015,TIPS FILMS LIMITED,NSE_EQ|INE0LQS01015,,,,,,,,,,,,,,,,,,,,,,,,,"Groww HTTP 401: {""errorCode"":401,""errorMessage"":{""message"":""Please Login and Try Again""}}"
2140,GROWW_ERROR,TINNARUBR,INE015C01016,TINNA RUBBER AND INFR LTD,NSE_EQ|INE015C01016,,,,,,,,,,,,,,,,,,,,,,,,,"Groww HTTP 401: {""errorCode"":401,""errorMessage"":{""message"":""Please Login and Try Again""}}"
2139,GROWW_ERROR,TIMKEN,INE325A01013,TIMKEN INDIA LTD.,NSE_EQ|INE325A01013,,,,,,,,,,,,,,,,,,,,,,,,,"Groww HTTP 401: {""errorCode"":401,""errorMessage"":{""message"":""Please Login and Try Again""}}"
2138,GROWW_ERROR,TIMEX,INE064A01026,TIMEX GROUP INDIA LTD.,NSE_EQ|INE064A01026,,,,,,,,,,,,,,,,,,,,,,,,,"Groww HTTP 401: {""errorCode"":401,""errorMessage"":{""message"":""Please Login and Try Again""}}"
2137,GROWW_ERROR,TIMETECHNO,INE508G01029,TIME TECHNOPLAST LTD.,NSE_EQ|INE508G01029,,,,,,,,,,,,,,,,,,,,,,,,,"Groww HTTP 401: {""errorCode"":401,""errorMessage"":{""message"":""Please Login and Try Again""}}"
2136,GROWW_ERROR,TIL,INE806C01018,TIL LTD,NSE_EQ|INE806C01018,,,,,,,,,,,,,,,,,,,,,,,,,"Groww HTTP 401: {""errorCode"":401,""errorMessage"":{""message"":""Please Login and Try Again""}}"
2135,GROWW_ERROR,TIJARIA,INE440L01017,TIJARIA POLYPIPES LTD,NSE_EQ|INE440L01017,,,,,,,,,,,,,,,,,,,,,,,,,"Groww HTTP 401: {""errorCode"":401,""errorMessage"":{""message"":""Please Login and Try Again""}}"
2134,GROWW_ERROR,TIINDIA,INE974X01010,TUBE INVEST OF INDIA LTD,NSE_EQ|INE974X01010,,,,,,,,,,,,,,,,,,,,,,,,,"Groww HTTP 401: {""errorCode"":401,""errorMessage"":{""message"":""Please Login and Try Again""}}"
2133,GROWW_ERROR,TIIL,INE545H01011,TECHNOCRAFT IND LTD,NSE_EQ|INE545H01011,,,,,,,,,,,,,,,,,,,,,,,,,"Groww HTTP 401: {""errorCode"":401,""errorMessage"":{""message"":""Please Login and Try Again""}}"
2132,GROWW_ERROR,TIGERLOGS,INE906O01029,TIGER LOGISTICS (INDIA) L,NSE_EQ|INE906O01029,,,,,,,,,,,,,,,,,,,,,,,,,"Groww HTTP 401: {""errorCode"":401,""errorMessage"":{""message"":""Please Login and Try Again""}}"
2131,GROWW_ERROR,TICL,INE388G01026,TWAMEV CONS AND INFRA LTD,NSE_EQ|INE388G01026,,,,,,,,,,,,,,,,,,,,,,,,,"Groww HTTP 401: {""errorCode"":401,""errorMessage"":{""message"":""Please Login and Try Again""}}"
2130,GROWW_ERROR,TI,INE133E01013,TILAKNAGAR INDUSTRIES LTD,NSE_EQ|INE133E01013,,,,,,,,,,,,,,,,,,,,,,,,,"Groww HTTP 401: {""errorCode"":401,""errorMessage"":{""message"":""Please Login and Try Again""}}"
2129,GROWW_ERROR,THYROCARE,INE594H01019,THYROCARE TECH LTD,NSE_EQ|INE594H01019,,,,,,,,,,,,,,,,,,,,,,,,,"Groww HTTP 401: {""errorCode"":401,""errorMessage"":{""message"":""Please Login and Try Again""}}"
2128,GROWW_ERROR,THOMASCOTT,INE480M01011,THOMAS SCOTT (INDIA) LTD,NSE_EQ|INE480M01011,,,,,,,,,,,,,,,,,,,,,,,,,"Groww HTTP 401: {""errorCode"":401,""errorMessage"":{""message"":""Please Login and Try Again""}}"
2127,GROWW_ERROR,THOMASCOOK,INE332A01027,THOMAS COOK (INDIA) LTD,NSE_EQ|INE332A01027,,,,,,,,,,,,,,,,,,,,,,,,,"Groww HTTP 401: {""errorCode"":401,""errorMessage"":{""message"":""Please Login and Try Again""}}"
2126,GROWW_ERROR,THERMAX,INE152A01029,THERMAX LTD,NSE_EQ|INE152A01029,,,,,,,,,,,,,,,,,,,,,,,,,"Groww HTTP 401: {""errorCode"":401,""errorMessage"":{""message"":""Please Login and Try Again""}}"
2125,GROWW_ERROR,THEMISMED,INE083B01024,THEMIS MEDICARE LTD.,NSE_EQ|INE083B01024,,,,,,,,,,,,,,,,,,,,,,,,,"Groww HTTP 401: {""errorCode"":401,""errorMessage"":{""message"":""Please Login and Try Again""}}"
2124,GROWW_ERROR,THELEELA,INE0AQ201015,LEELA PALACES HOTEL LTD,NSE_EQ|INE0AQ201015,,,,,,,,,,,,,,,,,,,,,,,,,"Groww HTTP 401: {""errorCode"":401,""errorMessage"":{""message"":""Please Login and Try Again""}}"
2123,GROWW_ERROR,THEJO,INE121N01019,THEJO ENGINEERING LIMITED,NSE_EQ|INE121N01019,,,,,,,,,,,,,,,,,,,,,,,,,"Groww HTTP 401: {""errorCode"":401,""errorMessage"":{""message"":""Please Login and Try Again""}}"
2122,GROWW_ERROR,THEINVEST,INE924D01017,THE INVEST TRUST OF IND L,NSE_EQ|INE924D01017,,,,,,,,,,,,,,,,,,,,,,,,,"Groww HTTP 401: {""errorCode"":401,""errorMessage"":{""message"":""Please Login and Try Again""}}"
2121,GROWW_ERROR,THANGAMAYL,INE085J01014,THANGAMAYIL JEWELLERY LTD,NSE_EQ|INE085J01014,,,,,,,,,,,,,,,,,,,,,,,,,"Groww HTTP 401: {""errorCode"":401,""errorMessage"":{""message"":""Please Login and Try Again""}}"
2120,GROWW_ERROR,THAKDEV,INE403F01017,THAKKERS DEVELOPERS LTD.,NSE_EQ|INE403F01017,,,,,,,,,,,,,,,,,,,,,,,,,"Groww HTTP 401: {""errorCode"":401,""errorMessage"":{""message"":""Please Login and Try Again""}}"
2119,GROWW_ERROR,THACKER,INE077P01034,THACKER & CO. LTD.,NSE_EQ|INE077P01034,,,,,,,,,,,,,,,,,,,,,,,,,"Groww HTTP 401: {""errorCode"":401,""errorMessage"":{""message"":""Please Login and Try Again""}}"
2118,GROWW_ERROR,TGBHOTELS,INE797H01018,TGB BANQUETS&HOTELS LTD,NSE_EQ|INE797H01018,,,,,,,,,,,,,,,,,,,,,,,,,"Groww HTTP 401: {""errorCode"":401,""errorMessage"":{""message"":""Please Login and Try Again""}}"
2117,GROWW_ERROR,TFL,INE804H01012,TRANSWARRANTY FIN. LTD.,NSE_EQ|INE804H01012,,,,,,,,,,,,,,,,,,,,,,,,,"Groww HTTP 401: {""errorCode"":401,""errorMessage"":{""message"":""Please Login and Try Again""}}"
2116,GROWW_ERROR,TFCILTD,INE305A01023,TOURISM FINANCE CORP. OF,NSE_EQ|INE305A01023,,,,,,,,,,,,,,,,,,,,,,,,,"Groww HTTP 401: {""errorCode"":401,""errorMessage"":{""message"":""Please Login and Try Again""}}"
2115,GROWW_ERROR,TEXRAIL,INE621L01012,TEXMACO RAIL & ENG. LTD.,NSE_EQ|INE621L01012,,,,,,,,,,,,,,,,,,,,,,,,,"Groww HTTP 401: {""errorCode"":401,""errorMessage"":{""message"":""Please Login and Try Again""}}"
2114,GROWW_ERROR,TEXMOPIPES,INE141K01013,TEXMO PIPE & PRODUCTS LTD,NSE_EQ|INE141K01013,,,,,,,,,,,,,,,,,,,,,,,,,"Groww HTTP 401: {""errorCode"":401,""errorMessage"":{""message"":""Please Login and Try Again""}}"
2113,GROWW_ERROR,TEXINFRA,INE435C01024,TEXMACO INFRA & HOLDG LTD,NSE_EQ|INE435C01024,,,,,,,,,,,,,,,,,,,,,,,,,"Groww HTTP 401: {""errorCode"":401,""errorMessage"":{""message"":""Please Login and Try Again""}}"
2112,GROWW_ERROR,TERASOFT,INE482B01010,TERA SOFTWARE LIMITED,NSE_EQ|INE482B01010,,,,,,,,,,,,,,,,,,,,,,,,,"Groww HTTP 401: {""errorCode"":401,""errorMessage"":{""message"":""Please Login and Try Again""}}"
2111,GROWW_ERROR,TENNIND,INE19RI01016,TENNECO CLEAN AIR INDIA L,NSE_EQ|INE19RI01016,,,,,,,,,,,,,,,,,,,,,,,,,"Groww HTTP 401: {""errorCode"":401,""errorMessage"":{""message"":""Please Login and Try Again""}}"
2110,GROWW_ERROR,TEMBO,INE869Y01010,TEMBO GLOBAL IND LTD,NSE_EQ|INE869Y01010,,,,,,,,,,,,,,,,,,,,,,,,,"Groww HTTP 401: {""errorCode"":401,""errorMessage"":{""message"":""Please Login and Try Again""}}"
2109,GROWW_ERROR,TEJASNET,INE010J01012,TEJAS NETWORKS LIMITED,NSE_EQ|INE010J01012,,,,,,,,,,,,,,,,,,,,,,,,,"Groww HTTP 401: {""errorCode"":401,""errorMessage"":{""message"":""Please Login and Try Again""}}"
2108,GROWW_ERROR,TEGA,INE011K01018,TEGA INDUSTRIES LIMITED,NSE_EQ|INE011K01018,,,,,,,,,,,,,,,,,,,,,,,,,"Groww HTTP 401: {""errorCode"":401,""errorMessage"":{""message"":""Please Login and Try Again""}}"
2107,GROWW_ERROR,TECILCHEM,INE014B01011,TECIL CHEMICALS,NSE_EQ|INE014B01011,,,,,,,,,,,,,,,,,,,,,,,,,"Groww HTTP 401: {""errorCode"":401,""errorMessage"":{""message"":""Please Login and Try Again""}}"
2106,GROWW_ERROR,TECHNVISN,INE314H01012,TECHNVISION VENTURES LTD.,NSE_EQ|INE314H01012,,,,,,,,,,,,,,,,,,,,,,,,,"Groww HTTP 401: {""errorCode"":401,""errorMessage"":{""message"":""Please Login and Try Again""}}"
2105,GROWW_ERROR,TECHNOE,INE285K01026,TECHNO ELEC & ENG CO. LTD,NSE_EQ|INE285K01026,,,,,,,,,,,,,,,,,,,,,,,,,"Groww HTTP 401: {""errorCode"":401,""errorMessage"":{""message"":""Please Login and Try Again""}}"
2104,GROWW_ERROR,TECHM,INE669C01036,TECH MAHINDRA LIMITED,NSE_EQ|INE669C01036,,,,,,,,,,,,,,,,,,,,,,,,,"Groww HTTP 401: {""errorCode"":401,""errorMessage"":{""message"":""Please Login and Try Again""}}"
2103,GROWW_ERROR,TEAMLEASE,INE985S01024,TEAMLEASE SERVICES LTD.,NSE_EQ|INE985S01024,,,,,,,,,,,,,,,,,,,,,,,,,"Groww HTTP 401: {""errorCode"":401,""errorMessage"":{""message"":""Please Login and Try Again""}}"
2102,GROWW_ERROR,TEAMGTY,INE289C01025,TEAM INDIA GUARANTY LTD,NSE_EQ|INE289C01025,,,,,,,,,,,,,,,,,,,,,,,,,"Groww HTTP 401: {""errorCode"":401,""errorMessage"":{""message"":""Please Login and Try Again""}}"
2101,GROWW_ERROR,TDPOWERSYS,INE419M01027,TD POWER SYSTEMS LTD.,NSE_EQ|INE419M01027,,,,,,,,,,,,,,,,,,,,,,,,,"Groww HTTP 401: {""errorCode"":401,""errorMessage"":{""message"":""Please Login and Try Again""}}"
2100,GROWW_ERROR,TCPLPACK,INE822C01015,TCPL PACKAGING LIMITED,NSE_EQ|INE822C01015,,,,,,,,,,,,,,,,,,,,,,,,,"Groww HTTP 401: {""errorCode"":401,""errorMessage"":{""message"":""Please Login and Try Again""}}"
2099,GROWW_ERROR,TCIFINANCE,INE911B01018,TCIFINANCELTD-ROLL SETT,NSE_EQ|INE911B01018,,,,,,,,,,,,,,,,,,,,,,,,,"Groww HTTP 401: {""errorCode"":401,""errorMessage"":{""message"":""Please Login and Try Again""}}"
2098,GROWW_ERROR,TCIEXP,INE586V01016,TCI EXPRESS LIMITED,NSE_EQ|INE586V01016,,,,,,,,,,,,,,,,,,,,,,,,,"Groww HTTP 401: {""errorCode"":401,""errorMessage"":{""message"":""Please Login and Try Again""}}"
2097,GROWW_ERROR,TCI,INE688A01022,TRANSPORT CORPN OF INDIA,NSE_EQ|INE688A01022,,,,,,,,,,,,,,,,,,,,,,,,,"Groww HTTP 401: {""errorCode"":401,""errorMessage"":{""message"":""Please Login and Try Again""}}"
2096,GROWW_ERROR,TCC,INE887D01016,TCC CONCEPT LIMITED,NSE_EQ|INE887D01016,,,,,,,,,,,,,,,,,,,,,,,,,"Groww HTTP 401: {""errorCode"":401,""errorMessage"":{""message"":""Please Login and Try Again""}}"
2095,GROWW_ERROR,TBZ,INE760L01018,TRIB BHIMJI ZAVERI LTD,NSE_EQ|INE760L01018,,,,,,,,,,,,,,,,,,,,,,,,,"Groww HTTP 401: {""errorCode"":401,""errorMessage"":{""message"":""Please Login and Try Again""}}"
2094,GROWW_ERROR,TBOTEK,INE673O01025,TBO TEK LIMITED,NSE_EQ|INE673O01025,,,,,,,,,,,,,,,,,,,,,,,,,"Groww HTTP 401: {""errorCode"":401,""errorMessage"":{""message"":""Please Login and Try Again""}}"
2093,GROWW_ERROR,TATVA,INE0GK401011,TATVA CHIN PHARM CHEM LTD,NSE_EQ|INE0GK401011,,,,,,,,,,,,,,,,,,,,,,,,,"Groww HTTP 401: {""errorCode"":401,""errorMessage"":{""message"":""Please Login and Try Again""}}"
2092,GROWW_ERROR,TATATECH,INE142M01025,TATA TECHNOLOGIES LIMITED,NSE_EQ|INE142M01025,,,,,,,,,,,,,,,,,,,,,,,,,"Groww HTTP 401: {""errorCode"":401,""errorMessage"":{""message"":""Please Login and Try Again""}}"
2091,GROWW_ERROR,TATASTEEL,INE081A01020,TATA STEEL LIMITED,NSE_EQ|INE081A01020,,,,,,,,,,,,,,,,,,,,,,,,,"Groww HTTP 401: {""errorCode"":401,""errorMessage"":{""message"":""Please Login and Try Again""}}"
2090,GROWW_ERROR,TATAPOWER,INE245A01021,TATA POWER CO LTD,NSE_EQ|INE245A01021,,,,,,,,,,,,,,,,,,,,,,,,,"Groww HTTP 401: {""errorCode"":401,""errorMessage"":{""message"":""Please Login and Try Again""}}"
2089,GROWW_ERROR,TATAINVEST,INE672A01026,TATA INVESTMENT CORP LTD,NSE_EQ|INE672A01026,,,,,,,,,,,,,,,,,,,,,,,,,"Groww HTTP 401: {""errorCode"":401,""errorMessage"":{""message"":""Please Login and Try Again""}}"
2088,GROWW_ERROR,TATAELXSI,INE670A01012,TATA ELXSI LIMITED,NSE_EQ|INE670A01012,,,,,,,,,,,,,,,,,,,,,,,,,"Groww HTTP 401: {""errorCode"":401,""errorMessage"":{""message"":""Please Login and Try Again""}}"
2087,GROWW_ERROR,TATACONSUM,INE192A01025,TATA CONSUMER PRODUCT LTD,NSE_EQ|INE192A01025,,,,,,,,,,,,,,,,,,,,,,,,,"Groww HTTP 401: {""errorCode"":401,""errorMessage"":{""message"":""Please Login and Try Again""}}"
2086,GROWW_ERROR,TATACOMM,INE151A01013,TATA COMMUNICATIONS LTD,NSE_EQ|INE151A01013,,,,,,,,,,,,,,,,,,,,,,,,,"Groww HTTP 401: {""errorCode"":401,""errorMessage"":{""message"":""Please Login and Try Again""}}"
2085,GROWW_ERROR,TATACHEM,INE092A01019,TATA CHEMICALS LTD,NSE_EQ|INE092A01019,,,,,,,,,,,,,,,,,,,,,,,,,"Groww HTTP 401: {""errorCode"":401,""errorMessage"":{""message"":""Please Login and Try Again""}}"
2084,GROWW_ERROR,TATACAP,INE976I01016,TATA CAPITAL LIMITED,NSE_EQ|INE976I01016,,,,,,,,,,,,,,,,,,,,,,,,,"Groww HTTP 401: {""errorCode"":401,""errorMessage"":{""message"":""Please Login and Try Again""}}"
2083,GROWW_ERROR,TASTYBITE,INE488B01017,TASTY BITE EATABLES LTD,NSE_EQ|INE488B01017,,,,,,,,,,,,,,,,,,,,,,,,,"Groww HTTP 401: {""errorCode"":401,""errorMessage"":{""message"":""Please Login and Try Again""}}"
2082,GROWW_ERROR,TARSONS,INE144Z01023,TARSONS PRODUCTS LIMITED,NSE_EQ|INE144Z01023,,,,,,,,,,,,,,,,,,,,,,,,,"Groww HTTP 401: {""errorCode"":401,""errorMessage"":{""message"":""Please Login and Try Again""}}"
2081,GROWW_ERROR,TARMAT,INE924H01018,TARMAT LIMITED,NSE_EQ|INE924H01018,,,,,,,,,,,,,,,,,,,,,,,,,"Groww HTTP 401: {""errorCode"":401,""errorMessage"":{""message"":""Please Login and Try Again""}}"
2080,GROWW_ERROR,TARIL,INE763I01026,TRANS & RECTI. LTD,NSE_EQ|INE763I01026,,,,,,,,,,,,,,,,,,,,,,,,,"Groww HTTP 401: {""errorCode"":401,""errorMessage"":{""message"":""Please Login and Try Again""}}"
2079,GROWW_ERROR,TARC,INE0EK901012,TARC LIMITED,NSE_EQ|INE0EK901012,,,,,,,,,,,,,,,,,,,,,,,,,"Groww HTTP 401: {""errorCode"":401,""errorMessage"":{""message"":""Please Login and Try Again""}}"
2078,GROWW_ERROR,TARAPUR,INE747K01017,TARAPUR TRANSFORMERS LTD,NSE_EQ|INE747K01017,,,,,,,,,,,,,,,,,,,,,,,,,"Groww HTTP 401: {""errorCode"":401,""errorMessage"":{""message"":""Please Login and Try Again""}}"
2077,GROWW_ERROR,TARACHAND,INE555Z01020,TARA CHAND INFRA SOLN LTD,NSE_EQ|INE555Z01020,,,,,,,,,,,,,,,,,,,,,,,,,"Groww HTTP 401: {""errorCode"":401,""errorMessage"":{""message"":""Please Login and Try Again""}}"
2076,GROWW_ERROR,TANLA,INE483C01032,TANLA PLATFORMS LIMITED,NSE_EQ|INE483C01032,,,,,,,,,,,,,,,,,,,,,,,,,"Groww HTTP 401: {""errorCode"":401,""errorMessage"":{""message"":""Please Login and Try Again""}}"
2075,GROWW_ERROR,TAMBOLIIN,INE864J01012,TAMBOLI INDUSTRIES LTD.,NSE_EQ|INE864J01012,,,,,,,,,,,,,,,,,,,,,,,,,"Groww HTTP 401: {""errorCode"":401,""errorMessage"":{""message"":""Please Login and Try Again""}}"
2074,GROWW_ERROR,TALBROAUTO,INE187D01029,TALBROS AUTO. COMP. LTD,NSE_EQ|INE187D01029,,,,,,,,,,,,,,,,,,,,,,,,,"Groww HTTP 401: {""errorCode"":401,""errorMessage"":{""message"":""Please Login and Try Again""}}"
2073,GROWW_ERROR,TAKE,INE142I01023,TAKE SOLUTIONS LTD,NSE_EQ|INE142I01023,,,,,,,,,,,,,,,,,,,,,,,,,"Groww HTTP 401: {""errorCode"":401,""errorMessage"":{""message"":""Please Login and Try Again""}}"
2072,GROWW_ERROR,TAJGVK,INE586B01026,TAJ GVK HOTELS & RESORTS,NSE_EQ|INE586B01026,,,,,,,,,,,,,,,,,,,,,,,,,"Groww HTTP 401: {""errorCode"":401,""errorMessage"":{""message"":""Please Login and Try Again""}}"
2071,GROWW_ERROR,TAINWALCHM,INE123C01018,TAINWALA CHEMICAL AND PLA,NSE_EQ|INE123C01018,,,,,,,,,,,,,,,,,,,,,,,,,"Groww HTTP 401: {""errorCode"":401,""errorMessage"":{""message"":""Please Login and Try Again""}}"
2070,GROWW_ERROR,TAALTECH,INE524T01011,TAAL TECH LTD.,NSE_EQ|INE524T01011,,,,,,,,,,,,,,,,,,,,,,,,,"Groww HTTP 401: {""errorCode"":401,""errorMessage"":{""message"":""Please Login and Try Again""}}"
2069,GROWW_ERROR,SYSTMTXC,INE356B01024,SYSTEMATIX CORP SERVICE L,NSE_EQ|INE356B01024,,,,,,,,,,,,,,,,,,,,,,,,,"Groww HTTP 401: {""errorCode"":401,""errorMessage"":{""message"":""Please Login and Try Again""}}"
2068,GROWW_ERROR,SYRMA,INE0DYJ01015,SYRMA SGS TECHNOLOGY LTD,NSE_EQ|INE0DYJ01015,,,,,,,,,,,,,,,,,,,,,,,,,"Groww HTTP 401: {""errorCode"":401,""errorMessage"":{""message"":""Please Login and Try Again""}}"
2067,GROWW_ERROR,SYNGENE,INE398R01022,SYNGENE INTERNATIONAL LTD,NSE_EQ|INE398R01022,,,,,,,,,,,,,,,,,,,,,,,,,"Groww HTTP 401: {""errorCode"":401,""errorMessage"":{""message"":""Please Login and Try Again""}}"
2066,GROWW_ERROR,SYNCOMF,INE312C01025,SYNCOM FORMU (I) LTD,NSE_EQ|INE312C01025,,,,,,,,,,,,,,,,,,,,,,,,,"Groww HTTP 401: {""errorCode"":401,""errorMessage"":{""message"":""Please Login and Try Again""}}"
2065,GROWW_ERROR,SYMPHONY,INE225D01027,SYMPHONY LIMITED,NSE_EQ|INE225D01027,,,,,,,,,,,,,,,,,,,,,,,,,"Groww HTTP 401: {""errorCode"":401,""errorMessage"":{""message"":""Please Login and Try Again""}}"
2064,GROWW_ERROR,SWSOLAR,INE00M201021,STRLNG & WIL REN ENE LTD,NSE_EQ|INE00M201021,,,,,,,,,,,,,,,,,,,,,,,,,"Groww HTTP 401: {""errorCode"":401,""errorMessage"":{""message"":""Please Login and Try Again""}}"
2063,GROWW_ERROR,SWIGGY,INE00H001014,SWIGGY LIMITED,NSE_EQ|INE00H001014,,,,,,,,,,,,,,,,,,,,,,,,,"Groww HTTP 401: {""errorCode"":401,""errorMessage"":{""message"":""Please Login and Try Again""}}"
2062,GROWW_ERROR,SWELECTES,INE409B01013,SWELECT ENERGY SYS LTD,NSE_EQ|INE409B01013,,,,,,,,,,,,,,,,,,,,,,,,,"Groww HTTP 401: {""errorCode"":401,""errorMessage"":{""message"":""Please Login and Try Again""}}"
2061,GROWW_ERROR,SWARAJENG,INE277A01016,SWARAJ ENGINES LTD,NSE_EQ|INE277A01016,,,,,,,,,,,,,,,,,,,,,,,,,"Groww HTTP 401: {""errorCode"":401,""errorMessage"":{""message"":""Please Login and Try Again""}}"
2060,GROWW_ERROR,SWANDEF,INE542F01020,SWAN DEFENCE N HEVY IND L,NSE_EQ|INE542F01020,,,,,,,,,,,,,,,,,,,,,,,,,"Groww HTTP 401: {""errorCode"":401,""errorMessage"":{""message"":""Please Login and Try Again""}}"
2059,GROWW_ERROR,SWANCORP,INE665A01038,SWAN CORP LIMITED,NSE_EQ|INE665A01038,,,,,,,,,,,,,,,,,,,,,,,,,"Groww HTTP 401: {""errorCode"":401,""errorMessage"":{""message"":""Please Login and Try Again""}}"
2058,GROWW_ERROR,SVPGLOB,INE308E01029,SVP GLOBAL TEXTILES LTD,NSE_EQ|INE308E01029,,,,,,,,,,,,,,,,,,,,,,,,,"Groww HTTP 401: {""errorCode"":401,""errorMessage"":{""message"":""Please Login and Try Again""}}"
2057,GROWW_ERROR,SVLL,INE00CE01017,SHREE VASU LOGISTICS LTD,NSE_EQ|INE00CE01017,,,,,,,,,,,,,,,,,,,,,,,,,"Groww HTTP 401: {""errorCode"":401,""errorMessage"":{""message"":""Please Login and Try Again""}}"
2056,GROWW_ERROR,SUZLON,INE040H01021,SUZLON ENERGY LIMITED,NSE_EQ|INE040H01021,,,,,,,,,,,,,,,,,,,,,,,,,"Groww HTTP 401: {""errorCode"":401,""errorMessage"":{""message"":""Please Login and Try Again""}}"
2055,GROWW_ERROR,SUYOG,INE442P01014,SUYOG TELEMATICS LIMITED,NSE_EQ|INE442P01014,,,,,,,,,,,,,,,,,,,,,,,,,"Groww HTTP 401: {""errorCode"":401,""errorMessage"":{""message"":""Please Login and Try Again""}}"
2054,GROWW_ERROR,SUVIDHAA,INE018401013,SUVIDHAA INFOSERVE LTD,NSE_EQ|INE018401013,,,,,,,,,,,,,,,,,,,,,,,,,"Groww HTTP 401: {""errorCode"":401,""errorMessage"":{""message"":""Please Login and Try Again""}}"
2053,GROWW_ERROR,SUVEN,INE495B01038,SUVEN LIFE SCIENCES LTD,NSE_EQ|INE495B01038,,,,,,,,,,,,,,,,,,,,,,,,,"Groww HTTP 401: {""errorCode"":401,""errorMessage"":{""message"":""Please Login and Try Again""}}"
2052,GROWW_ERROR,SUTLEJTEX,INE645H01027,SUTLEJ TEXT & INDUS LTD,NSE_EQ|INE645H01027,,,,,,,,,,,,,,,,,,,,,,,,,"Groww HTTP 401: {""errorCode"":401,""errorMessage"":{""message"":""Please Login and Try Again""}}"
2051,GROWW_ERROR,SURYODAY,INE428Q01011,SURYODAY SMALL FIN BK LTD,NSE_EQ|INE428Q01011,,,,,,,,,,,,,,,,,,,,,,,,,"Groww HTTP 401: {""errorCode"":401,""errorMessage"":{""message"":""Please Login and Try Again""}}"
2050,GROWW_ERROR,SURYAROSNI,INE335A01020,SURYA ROSHNI LTD,NSE_EQ|INE335A01020,,,,,,,,,,,,,,,,,,,,,,,,,"Groww HTTP 401: {""errorCode"":401,""errorMessage"":{""message"":""Please Login and Try Again""}}"
2049,GROWW_ERROR,SURYALAXMI,INE713B01026,SURYALAKSHMI COT MIL LTD,NSE_EQ|INE713B01026,,,,,,,,,,,,,,,,,,,,,,,,,"Groww HTTP 401: {""errorCode"":401,""errorMessage"":{""message"":""Please Login and Try Again""}}"
2048,GROWW_ERROR,SURYALA,INE132C01027,SURYALATA SPINNING MILL L,NSE_EQ|INE132C01027,,,,,,,,,,,,,,,,,,,,,,,,,"Groww HTTP 401: {""errorCode"":401,""errorMessage"":{""message"":""Please Login and Try Again""}}"
2047,GROWW_ERROR,SURANAT&P,INE130B01031,SURANA TELECOM AND POW LT,NSE_EQ|INE130B01031,,,,,,,,,,,,,,,,,,,,,,,,,"Groww HTTP 401: {""errorCode"":401,""errorMessage"":{""message"":""Please Login and Try Again""}}"
2046,GROWW_ERROR,SURANASOL,INE272L01022,SURANA SOLAR LIMITED,NSE_EQ|INE272L01022,,,,,,,,,,,,,,,,,,,,,,,,,"Groww HTTP 401: {""errorCode"":401,""errorMessage"":{""message"":""Please Login and Try Again""}}"
2045,GROWW_ERROR,SURAKSHA,INE877V01027,SURAKSHA DIAGNOSTIC LTD,NSE_EQ|INE877V01027,,,,,,,,,,,,,,,,,,,,,,,,,"Groww HTTP 401: {""errorCode"":401,""errorMessage"":{""message"":""Please Login and Try Again""}}"
2044,GROWW_ERROR,SURAJLTD,INE713C01016,SURAJ LIMITED,NSE_EQ|INE713C01016,,,,,,,,,,,,,,,,,,,,,,,,,"Groww HTTP 401: {""errorCode"":401,""errorMessage"":{""message"":""Please Login and Try Again""}}"
2043,GROWW_ERROR,SURAJEST,INE843S01025,SURAJ ESTATE DEVELOPERS L,NSE_EQ|INE843S01025,,,,,,,,,,,,,,,,,,,,,,,,,"Groww HTTP 401: {""errorCode"":401,""errorMessage"":{""message"":""Please Login and Try Again""}}"
2042,GROWW_ERROR,SUPRIYA,INE07RO01027,SUPRIYA LIFESCIENCE LTD,NSE_EQ|INE07RO01027,,,,,,,,,,,,,,,,,,,,,,,,,"Groww HTTP 401: {""errorCode"":401,""errorMessage"":{""message"":""Please Login and Try Again""}}"
2041,GROWW_ERROR,SUPREMEINF,INE550H01011,SUPREME INFRA. LTD.,NSE_EQ|INE550H01011,,,,,,,,,,,,,,,,,,,,,,,,,"Groww HTTP 401: {""errorCode"":401,""errorMessage"":{""message"":""Please Login and Try Again""}}"
2040,GROWW_ERROR,SUPREMEIND,INE195A01028,SUPREME INDUSTRIES LTD,NSE_EQ|INE195A01028,,,,,,,,,,,,,,,,,,,,,,,,,"Groww HTTP 401: {""errorCode"":401,""errorMessage"":{""message"":""Please Login and Try Again""}}"
2039,GROWW_ERROR,SUPREMEENG,INE319Z01021,SUPREME ENGINEERING LTD,NSE_EQ|INE319Z01021,,,,,,,,,,,,,,,,,,,,,,,,,"Groww HTTP 401: {""errorCode"":401,""errorMessage"":{""message"":""Please Login and Try Again""}}"
2038,GROWW_ERROR,SUPREME,INE822E01011,SUPREME HOLDIN N HOSP I L,NSE_EQ|INE822E01011,,,,,,,,,,,,,,,,,,,,,,,,,"Groww HTTP 401: {""errorCode"":401,""errorMessage"":{""message"":""Please Login and Try Again""}}"
2037,GROWW_ERROR,SUPRAJIT,INE399C01030,SUPRAJIT ENGINEERING LTD,NSE_EQ|INE399C01030,,,,,,,,,,,,,,,,,,,,,,,,,"Groww HTTP 401: {""errorCode"":401,""errorMessage"":{""message"":""Please Login and Try Again""}}"
2036,GROWW_ERROR,SUPERSPIN,INE662A01027,SUPER SPINNING MILLS LTD,NSE_EQ|INE662A01027,,,,,,,,,,,,,,,,,,,,,,,,,"Groww HTTP 401: {""errorCode"":401,""errorMessage"":{""message"":""Please Login and Try Again""}}"
2035,GROWW_ERROR,SUPERHOUSE,INE712B01010,SUPERHOUSE LIMITED,NSE_EQ|INE712B01010,,,,,,,,,,,,,,,,,,,,,,,,,"Groww HTTP 401: {""errorCode"":401,""errorMessage"":{""message"":""Please Login and Try Again""}}"
2034,GROWW_ERROR,SUNTV,INE424H01027,SUN TV NETWORK LIMITED,NSE_EQ|INE424H01027,,,,,,,,,,,,,,,,,,,,,,,,,"Groww HTTP 401: {""errorCode"":401,""errorMessage"":{""message"":""Please Login and Try Again""}}"
2033,GROWW_ERROR,SUNTECK,INE805D01034,SUNTECK REALTY LIMITED,NSE_EQ|INE805D01034,,,,,,,,,,,,,,,,,,,,,,,,,"Groww HTTP 401: {""errorCode"":401,""errorMessage"":{""message"":""Please Login and Try Again""}}"
2032,GROWW_ERROR,SUNFLAG,INE947A01014,SUNFLAG IRON AND STEEL CO,NSE_EQ|INE947A01014,,,,,,,,,,,,,,,,,,,,,,,,,"Groww HTTP 401: {""errorCode"":401,""errorMessage"":{""message"":""Please Login and Try Again""}}"
2031,GROWW_ERROR,SUNDROP,INE209A01019,SUNDROP BRANDS LIMITED,NSE_EQ|INE209A01019,,,,,,,,,,,,,,,,,,,,,,,,,"Groww HTTP 401: {""errorCode"":401,""errorMessage"":{""message"":""Please Login and Try Again""}}"
2030,GROWW_ERROR,SUNDRMFAST,INE387A01021,SUNDRAM FASTENERS LTD,NSE_EQ|INE387A01021,,,,,,,,,,,,,,,,,,,,,,,,,"Groww HTTP 401: {""errorCode"":401,""errorMessage"":{""message"":""Please Login and Try Again""}}"
2029,GROWW_ERROR,SUNDRMBRAK,INE073D01013,SUNDARAMBRAKE LININGS LTD,NSE_EQ|INE073D01013,,,,,,,,,,,,,,,,,,,,,,,,,"Groww HTTP 401: {""errorCode"":401,""errorMessage"":{""message"":""Please Login and Try Again""}}"
2028,GROWW_ERROR,SUNDARMFIN,INE660A01013,SUNDARAM FINANCE LTD,NSE_EQ|INE660A01013,,,,,,,,,,,,,,,,,,,,,,,,,"Groww HTTP 401: {""errorCode"":401,""errorMessage"":{""message"":""Please Login and Try Again""}}"
2027,GROWW_ERROR,SUNDARAM,INE108E01023,SUNDARAM MULTI PAP LTD,NSE_EQ|INE108E01023,,,,,,,,,,,,,,,,,,,,,,,,,"Groww HTTP 401: {""errorCode"":401,""errorMessage"":{""message"":""Please Login and Try Again""}}"
2026,GROWW_ERROR,SUNCLAY,INE0Q3R01026,SUNDARAM CLAYTON LIMITED,NSE_EQ|INE0Q3R01026,,,,,,,,,,,,,,,,,,,,,,,,,"Groww HTTP 401: {""errorCode"":401,""errorMessage"":{""message"":""Please Login and Try Again""}}"
2025,GROWW_ERROR,SUMMITSEC,INE519C01017,SUMMIT SECURITIES LTD,NSE_EQ|INE519C01017,,,,,,,,,,,,,,,,,,,,,,,,,"Groww HTTP 401: {""errorCode"":401,""errorMessage"":{""message"":""Please Login and Try Again""}}"
2024,GROWW_ERROR,SUMIT,INE748Z01013,SUMIT WOODS LIMITED,NSE_EQ|INE748Z01013,,,,,,,,,,,,,,,,,,,,,,,,,"Groww HTTP 401: {""errorCode"":401,""errorMessage"":{""message"":""Please Login and Try Again""}}"
2023,GROWW_ERROR,SUMICHEM,INE258G01013,SUMITOMO CHEM INDIA LTD,NSE_EQ|INE258G01013,,,,,,,,,,,,,,,,,,,,,,,,,"Groww HTTP 401: {""errorCode"":401,""errorMessage"":{""message"":""Please Login and Try Again""}}"
2022,GROWW_ERROR,SUMEETINDS,INE235C01036,SUMEET IND LIMITED,NSE_EQ|INE235C01036,,,,,,,,,,,,,,,,,,,,,,,,,"Groww HTTP 401: {""errorCode"":401,""errorMessage"":{""message"":""Please Login and Try Again""}}"
2021,GROWW_ERROR,SULA,INE142Q01026,SULA VINEYARDS LIMITED,NSE_EQ|INE142Q01026,,,,,,,,,,,,,,,,,,,,,,,,,"Groww HTTP 401: {""errorCode"":401,""errorMessage"":{""message"":""Please Login and Try Again""}}"
2020,GROWW_ERROR,SUKHJITS,INE450E01029,SUKHJIT STARCH & CHEM LTD,NSE_EQ|INE450E01029,,,,,,,,,,,,,,,,,,,,,,,,,"Groww HTTP 401: {""errorCode"":401,""errorMessage"":{""message"":""Please Login and Try Again""}}"
2019,GROWW_ERROR,SUDEEPPHRM,INE0QPI01025,SUDEEP PHARMA LIMITED,NSE_EQ|INE0QPI01025,,,,,,,,,,,,,,,,,,,,,,,,,"Groww HTTP 401: {""errorCode"":401,""errorMessage"":{""message"":""Please Login and Try Again""}}"
2018,GROWW_ERROR,SUDARSCHEM,INE659A01023,SUDARSHAN CHEMICAL INDS L,NSE_EQ|INE659A01023,,,,,,,,,,,,,,,,,,,,,,,,,"Groww HTTP 401: {""errorCode"":401,""errorMessage"":{""message"":""Please Login and Try Again""}}"
2017,GROWW_ERROR,SUDARCOLOR,INE492A01029,SUDARSHAN COLORNT IND LTD,NSE_EQ|INE492A01029,,,,,,,,,,,,,,,,,,,,,,,,,"Groww HTTP 401: {""errorCode"":401,""errorMessage"":{""message"":""Please Login and Try Again""}}"
2016,GROWW_ERROR,SUBROS,INE287B01021,SUBROS LIMITED,NSE_EQ|INE287B01021,,,,,,,,,,,,,,,,,,,,,,,,,"Groww HTTP 401: {""errorCode"":401,""errorMessage"":{""message"":""Please Login and Try Again""}}"
2015,GROWW_ERROR,SUBEXLTD,INE754A01055,SUBEX LTD,NSE_EQ|INE754A01055,,,,,,,,,,,,,,,,,,,,,,,,,"Groww HTTP 401: {""errorCode"":401,""errorMessage"":{""message"":""Please Login and Try Again""}}"
2014,GROWW_ERROR,STYRENIX,INE189B01011,STYRENIX PERFORMANCE LTD,NSE_EQ|INE189B01011,,,,,,,,,,,,,,,,,,,,,,,,,"Groww HTTP 401: {""errorCode"":401,""errorMessage"":{""message"":""Please Login and Try Again""}}"
2013,GROWW_ERROR,STYLEBAAZA,INE01FR01028,BAAZAR STYLE RETAIL LTD,NSE_EQ|INE01FR01028,,,,,,,,,,,,,,,,,,,,,,,,,"Groww HTTP 401: {""errorCode"":401,""errorMessage"":{""message"":""Please Login and Try Again""}}"
2012,GROWW_ERROR,STYLAMIND,INE239C01020,STYLAM INDUSTRIES LIMITED,NSE_EQ|INE239C01020,,,,,,,,,,,,,,,,,,,,,,,,,"Groww HTTP 401: {""errorCode"":401,""errorMessage"":{""message"":""Please Login and Try Again""}}"
2011,GROWW_ERROR,STYL,INE04VU01023,SESHAASAI TECHNOLOGIES L,NSE_EQ|INE04VU01023,,,,,,,,,,,,,,,,,,,,,,,,,"Groww HTTP 401: {""errorCode"":401,""errorMessage"":{""message"":""Please Login and Try Again""}}"
2010,GROWW_ERROR,STUDDS,INE00Q601028,STUDDS ACCESSORIES LTD,NSE_EQ|INE00Q601028,,,,,,,,,,,,,,,,,,,,,,,,,"Groww HTTP 401: {""errorCode"":401,""errorMessage"":{""message"":""Please Login and Try Again""}}"
2009,GROWW_ERROR,STOVEKRAFT,INE00IN01015,STOVE KRAFT LIMITED,NSE_EQ|INE00IN01015,,,,,,,,,,,,,,,,,,,,,,,,,"Groww HTTP 401: {""errorCode"":401,""errorMessage"":{""message"":""Please Login and Try Again""}}"
2008,GROWW_ERROR,STLTECH,INE089C01029,STERLITE TECHNOLOGIES LTD,NSE_EQ|INE089C01029,,,,,,,,,,,,,,,,,,,,,,,,,"Groww HTTP 401: {""errorCode"":401,""errorMessage"":{""message"":""Please Login and Try Again""}}"
2007,GROWW_ERROR,STLNETWORK,INE1VXE01018,STL NETWORKS LIMITED,NSE_EQ|INE1VXE01018,,,,,,,,,,,,,,,,,,,,,,,,,"Groww HTTP 401: {""errorCode"":401,""errorMessage"":{""message"":""Please Login and Try Again""}}"
2006,GROWW_ERROR,STERTOOLS,INE334A01023,STERLING TOOLS LIMITED,NSE_EQ|INE334A01023,,,,,,,,,,,,,,,,,,,,,,,,,"Groww HTTP 401: {""errorCode"":401,""errorMessage"":{""message"":""Please Login and Try Again""}}"
2005,GROWW_ERROR,STEL,INE577L01016,STEL HOLDINGS LIMITED,NSE_EQ|INE577L01016,,,,,,,,,,,,,,,,,,,,,,,,,"Groww HTTP 401: {""errorCode"":401,""errorMessage"":{""message"":""Please Login and Try Again""}}"
2004,GROWW_ERROR,STEELXIND,INE503B01021,STEEL EXCHANGE INDIA LTD,NSE_EQ|INE503B01021,,,,,,,,,,,,,,,,,,,,,,,,,"Groww HTTP 401: {""errorCode"":401,""errorMessage"":{""message"":""Please Login and Try Again""}}"
2003,GROWW_ERROR,STEELCITY,INE395H01011,STEEL CITY SECURITIES LTD,NSE_EQ|INE395H01011,,,,,,,,,,,,,,,,,,,,,,,,,"Groww HTTP 401: {""errorCode"":401,""errorMessage"":{""message"":""Please Login and Try Again""}}"
2002,GROWW_ERROR,STEELCAS,INE124E01038,STEELCAST LIMITED,NSE_EQ|INE124E01038,,,,,,,,,,,,,,,,,,,,,,,,,"Groww HTTP 401: {""errorCode"":401,""errorMessage"":{""message"":""Please Login and Try Again""}}"
2001,GROWW_ERROR,STCINDIA,INE655A01013,THE STATE TRADING CORPN,NSE_EQ|INE655A01013,,,,,,,,,,,,,,,,,,,,,,,,,"Groww HTTP 401: {""errorCode"":401,""errorMessage"":{""message"":""Please Login and Try Again""}}"
2000,GROWW_ERROR,STARTECK,INE992I01013,STARTECK FINANCE LIMITED,NSE_EQ|INE992I01013,,,,,,,,,,,,,,,,,,,,,,,,,"Groww HTTP 401: {""errorCode"":401,""errorMessage"":{""message"":""Please Login and Try Again""}}"
1999,GROWW_ERROR,STARPAPER,INE733A01018,STAR PAPER MILLS LTD,NSE_EQ|INE733A01018,,,,,,,,,,,,,,,,,,,,,,,,,"Groww HTTP 401: {""errorCode"":401,""errorMessage"":{""message"":""Please Login and Try Again""}}"
1998,GROWW_ERROR,STARHEALTH,INE575P01011,STAR HEALTH & AL INS CO L,NSE_EQ|INE575P01011,,,,,,,,,,,,,,,,,,,,,,,,,"Groww HTTP 401: {""errorCode"":401,""errorMessage"":{""message"":""Please Login and Try Again""}}"
1997,GROWW_ERROR,STARCEMENT,INE460H01021,STAR CEMENT LIMITED,NSE_EQ|INE460H01021,,,,,,,,,,,,,,,,,,,,,,,,,"Groww HTTP 401: {""errorCode"":401,""errorMessage"":{""message"":""Please Login and Try Again""}}"
1996,GROWW_ERROR,STAR,INE939A01011,STRIDES PHARMA SCI LTD,NSE_EQ|INE939A01011,,,,,,,,,,,,,,,,,,,,,,,,,"Groww HTTP 401: {""errorCode"":401,""errorMessage"":{""message"":""Please Login and Try Again""}}"
1995,GROWW_ERROR,STANLEY,INE01A001028,STANLEY LIFESTYLES LTD,NSE_EQ|INE01A001028,,,,,,,,,,,,,,,,,,,,,,,,,"Groww HTTP 401: {""errorCode"":401,""errorMessage"":{""message"":""Please Login and Try Again""}}"
1994,GROWW_ERROR,STALLION,INE0RYC01010,STALLION IND FLUOROCHEM L,NSE_EQ|INE0RYC01010,,,,,,,,,,,,,,,,,,,,,,,,,"Groww HTTP 401: {""errorCode"":401,""errorMessage"":{""message"":""Please Login and Try Again""}}"
1993,GROWW_ERROR,SSWL,INE802C01033,STEEL STRIPS WHEELS LTD.,NSE_EQ|INE802C01033,,,,,,,,,,,,,,,,,,,,,,,,,"Groww HTTP 401: {""errorCode"":401,""errorMessage"":{""message"":""Please Login and Try Again""}}"
1992,GROWW_ERROR,SSDL,INE0PQ101010,SARASWATI SAREE DEPOT LTD,NSE_EQ|INE0PQ101010,,,,,,,,,,,,,,,,,,,,,,,,,"Groww HTTP 401: {""errorCode"":401,""errorMessage"":{""message"":""Please Login and Try Again""}}"
1991,GROWW_ERROR,SRTL,INE19GK01015,SHREE RAM TWISTEX LIMITED,NSE_EQ|INE19GK01015,,,,,,,,,,,,,,,,,,,,,,,,,"Groww HTTP 401: {""errorCode"":401,""errorMessage"":{""message"":""Please Login and Try Again""}}"
1990,GROWW_ERROR,SRM,INE0R6Z01013,SRM CONTRACTORS LIMITED,NSE_EQ|INE0R6Z01013,,,,,,,,,,,,,,,,,,,,,,,,,"Groww HTTP 401: {""errorCode"":401,""errorMessage"":{""message"":""Please Login and Try Again""}}"
1989,GROWW_ERROR,SRHHYPOLTD,INE917H01012,SREE RAYALSEEMA HHP LTD.,NSE_EQ|INE917H01012,,,,,,,,,,,,,,,,,,,,,,,,,"Groww HTTP 401: {""errorCode"":401,""errorMessage"":{""message"":""Please Login and Try Again""}}"
1988,GROWW_ERROR,SRGHFL,INE559N01010,SRG HOUSING FINANCE L,NSE_EQ|INE559N01010,,,,,,,,,,,,,,,,,,,,,,,,,"Groww HTTP 401: {""errorCode"":401,""errorMessage"":{""message"":""Please Login and Try Again""}}"
1987,GROWW_ERROR,SRF,INE647A01010,SRF LTD,NSE_EQ|INE647A01010,,,,,,,,,,,,,,,,,,,,,,,,,"Groww HTTP 401: {""errorCode"":401,""errorMessage"":{""message"":""Please Login and Try Again""}}"
1986,GROWW_ERROR,SREEL,INE099F01013,SREELEATHERS LIMITED,NSE_EQ|INE099F01013,,,,,,,,,,,,,,,,,,,,,,,,,"Groww HTTP 401: {""errorCode"":401,""errorMessage"":{""message"":""Please Login and Try Again""}}"
1985,GROWW_ERROR,SRD,INE01NE01012,SHANKAR LAL RAMPAL LTD,NSE_EQ|INE01NE01012,,,,,,,,,,,,,,,,,,,,,,,,,"Groww HTTP 401: {""errorCode"":401,""errorMessage"":{""message"":""Please Login and Try Again""}}"
1984,GROWW_ERROR,SPORTKING,INE885H01029,SPORTKING INDIA LIMITED,NSE_EQ|INE885H01029,,,,,,,,,,,,,,,,,,,,,,,,,"Groww HTTP 401: {""errorCode"":401,""errorMessage"":{""message"":""Please Login and Try Again""}}"
1983,GROWW_ERROR,SPMLINFRA,INE937A01023,SPML INFRA LIMITED,NSE_EQ|INE937A01023,,,,,,,,,,,,,,,,,,,,,,,,,"Groww HTTP 401: {""errorCode"":401,""errorMessage"":{""message"":""Please Login and Try Again""}}"
1982,GROWW_ERROR,SPLPETRO,INE663A01033,SUPREME PETROCHEM LIMITED,NSE_EQ|INE663A01033,,,,,,,,,,,,,,,,,,,,,,,,,"Groww HTTP 401: {""errorCode"":401,""errorMessage"":{""message"":""Please Login and Try Again""}}"
1981,GROWW_ERROR,SPLIL,INE978G01016,SPL INDUSTRIES LIMITED,NSE_EQ|INE978G01016,,,,,,,,,,,,,,,,,,,,,,,,,"Groww HTTP 401: {""errorCode"":401,""errorMessage"":{""message"":""Please Login and Try Again""}}"
1980,GROWW_ERROR,SPIC,INE147A01011,SPIC LTD,NSE_EQ|INE147A01011,,,,,,,,,,,,,,,,,,,,,,,,,"Groww HTTP 401: {""errorCode"":401,""errorMessage"":{""message"":""Please Login and Try Again""}}"
1979,GROWW_ERROR,SPENCERS,INE020801028,SPENCER S RETAIL LIMITED,NSE_EQ|INE020801028,,,,,,,,,,,,,,,,,,,,,,,,,"Groww HTTP 401: {""errorCode"":401,""errorMessage"":{""message"":""Please Login and Try Again""}}"
1978,GROWW_ERROR,SPECTRUM,INE01EO01010,SPECTRUM ELECTRIC IND LTD,NSE_EQ|INE01EO01010,,,,,,,,,,,,,,,,,,,,,,,,,"Groww HTTP 401: {""errorCode"":401,""errorMessage"":{""message"":""Please Login and Try Again""}}"
1977,GROWW_ERROR,SPECIALITY,INE247M01014,SPECIALITY REST LTD,NSE_EQ|INE247M01014,,,,,,,,,,,,,,,,,,,,,,,,,"Groww HTTP 401: {""errorCode"":401,""errorMessage"":{""message"":""Please Login and Try Again""}}"
1976,GROWW_ERROR,SPCENET,INE970N01027,SPACENET ENTERS IND LTD,NSE_EQ|INE970N01027,,,,,,,,,,,,,,,,,,,,,,,,,"Groww HTTP 401: {""errorCode"":401,""errorMessage"":{""message"":""Please Login and Try Again""}}"
1975,GROWW_ERROR,SPARC,INE232I01014,SUN PHARMA ADV.RES.CO.LTD,NSE_EQ|INE232I01014,,,,,,,,,,,,,,,,,,,,,,,,,"Groww HTTP 401: {""errorCode"":401,""errorMessage"":{""message"":""Please Login and Try Again""}}"
1974,GROWW_ERROR,SPANDANA,INE572J01011,SPANDANA SPHOORTY FIN LTD,NSE_EQ|INE572J01011,,,,,,,,,,,,,,,,,,,,,,,,,"Groww HTTP 401: {""errorCode"":401,""errorMessage"":{""message"":""Please Login and Try Again""}}"
1973,GROWW_ERROR,SPAL,INE212I01016,S. P. APPARELS LIMITED,NSE_EQ|INE212I01016,,,,,,,,,,,,,,,,,,,,,,,,,"Groww HTTP 401: {""errorCode"":401,""errorMessage"":{""message"":""Please Login and Try Again""}}"
1972,GROWW_ERROR,SOUTHWEST,INE980Y01015,SOUTH WEST PINNACLE LTD,NSE_EQ|INE980Y01015,,,,,,,,,,,,,,,,,,,,,,,,,"Groww HTTP 401: {""errorCode"":401,""errorMessage"":{""message"":""Please Login and Try Again""}}"
1971,GROWW_ERROR,SOUTHBANK,INE683A01023,THE SOUTH INDIAN BANK LTD,NSE_EQ|INE683A01023,,,,,,,,,,,,,,,,,,,,,,,,,"Groww HTTP 401: {""errorCode"":401,""errorMessage"":{""message"":""Please Login and Try Again""}}"
1970,GROWW_ERROR,SOTL,INE035D01020,SAVITA OIL TECHNOLO. LTD,NSE_EQ|INE035D01020,,,,,,,,,,,,,,,,,,,,,,,,,"Groww HTTP 401: {""errorCode"":401,""errorMessage"":{""message"":""Please Login and Try Again""}}"
1969,GROWW_ERROR,SONATSOFTW,INE269A01021,SONATA SOFTWARE LTD,NSE_EQ|INE269A01021,,,,,,,,,,,,,,,,,,,,,,,,,"Groww HTTP 401: {""errorCode"":401,""errorMessage"":{""message"":""Please Login and Try Again""}}"
1968,GROWW_ERROR,SONAMLTD,INE00LM01029,SONAM LIMITED,NSE_EQ|INE00LM01029,,,,,,,,,,,,,,,,,,,,,,,,,"Groww HTTP 401: {""errorCode"":401,""errorMessage"":{""message"":""Please Login and Try Again""}}"
1967,GROWW_ERROR,SONAL,INE321M01017,SONAL MERCANTILE LTD.,NSE_EQ|INE321M01017,,,,,,,,,,,,,,,,,,,,,,,,,"Groww HTTP 401: {""errorCode"":401,""errorMessage"":{""message"":""Please Login and Try Again""}}"
1966,GROWW_ERROR,SONACOMS,INE073K01018,SONA BLW PRECISION FRGS L,NSE_EQ|INE073K01018,,,,,,,,,,,,,,,,,,,,,,,,,"Groww HTTP 401: {""errorCode"":401,""errorMessage"":{""message"":""Please Login and Try Again""}}"
1965,GROWW_ERROR,SOMICONVEY,INE323J01019,SOMI CONVEYOR BELT. LTD.,NSE_EQ|INE323J01019,,,,,,,,,,,,,,,,,,,,,,,,,"Groww HTTP 401: {""errorCode"":401,""errorMessage"":{""message"":""Please Login and Try Again""}}"
1964,GROWW_ERROR,SOMATEX,INE314C01013,SOMA TEXTILES & INDUST LT,NSE_EQ|INE314C01013,,,,,,,,,,,,,,,,,,,,,,,,,"Groww HTTP 401: {""errorCode"":401,""errorMessage"":{""message"":""Please Login and Try Again""}}"
1963,GROWW_ERROR,SOMANYCERA,INE355A01028,SOMANY CERAMICS LIMITED,NSE_EQ|INE355A01028,,,,,,,,,,,,,,,,,,,,,,,,,"Groww HTTP 401: {""errorCode"":401,""errorMessage"":{""message"":""Please Login and Try Again""}}"
1962,GROWW_ERROR,SOLEX,INE880Y01017,SOLEX ENERGY LIMITED,NSE_EQ|INE880Y01017,,,,,,,,,,,,,,,,,,,,,,,,,"Groww HTTP 401: {""errorCode"":401,""errorMessage"":{""message"":""Please Login and Try Again""}}"
1961,GROWW_ERROR,SOLARWORLD,INE0TY101024,SOLARWORLD ENERGY SOL LTD,NSE_EQ|INE0TY101024,,,,,,,,,,,,,,,,,,,,,,,,,"Groww HTTP 401: {""errorCode"":401,""errorMessage"":{""message"":""Please Login and Try Again""}}"
1960,GROWW_ERROR,SOLARINDS,INE343H01029,SOLAR INDUSTRIES (I) LTD,NSE_EQ|INE343H01029,,,,,,,,,,,,,,,,,,,,,,,,,"Groww HTTP 401: {""errorCode"":401,""errorMessage"":{""message"":""Please Login and Try Again""}}"
1959,GROWW_ERROR,SOLARA,INE624Z01016,SOLARA ACTIVE PHA SCI LTD,NSE_EQ|INE624Z01016,,,,,,,,,,,,,,,,,,,,,,,,,"Groww HTTP 401: {""errorCode"":401,""errorMessage"":{""message"":""Please Login and Try Again""}}"
1958,GROWW_ERROR,SOFTTECH,INE728Z01015,SOFTTECH ENGINEERS LTD,NSE_EQ|INE728Z01015,,,,,,,,,,,,,,,,,,,,,,,,,"Groww HTTP 401: {""errorCode"":401,""errorMessage"":{""message"":""Please Login and Try Again""}}"
1957,GROWW_ERROR,SOBHA,INE671H01015,SOBHA LIMITED,NSE_EQ|INE671H01015,,,,,,,,,,,,,,,,,,,,,,,,,"Groww HTTP 401: {""errorCode"":401,""errorMessage"":{""message"":""Please Login and Try Again""}}"
1956,GROWW_ERROR,SNOWMAN,INE734N01019,SNOWMAN LOGISTICS LTD.,NSE_EQ|INE734N01019,,,,,,,,,,,,,,,,,,,,,,,,,"Groww HTTP 401: {""errorCode"":401,""errorMessage"":{""message"":""Please Login and Try Again""}}"
1955,GROWW_ERROR,SMSPHARMA,INE812G01025,SMS PHARMACEUTICALS LTD.,NSE_EQ|INE812G01025,,,,,,,,,,,,,,,,,,,,,,,,,"Groww HTTP 401: {""errorCode"":401,""errorMessage"":{""message"":""Please Login and Try Again""}}"
1954,GROWW_ERROR,SMLT,INE017W01010,SARTHAK METALS LIMITED,NSE_EQ|INE017W01010,,,,,,,,,,,,,,,,,,,,,,,,,"Groww HTTP 401: {""errorCode"":401,""errorMessage"":{""message"":""Please Login and Try Again""}}"
1953,GROWW_ERROR,SMLMAH,INE294B01019,SML MAHINDRA LIMITED,NSE_EQ|INE294B01019,,,,,,,,,,,,,,,,,,,,,,,,,"Groww HTTP 401: {""errorCode"":401,""errorMessage"":{""message"":""Please Login and Try Again""}}"
1952,GROWW_ERROR,SMCGLOBAL,INE103C01036,SMC GLOBAL SECURITIES LTD,NSE_EQ|INE103C01036,,,,,,,,,,,,,,,,,,,,,,,,,"Groww HTTP 401: {""errorCode"":401,""errorMessage"":{""message"":""Please Login and Try Again""}}"
1951,GROWW_ERROR,SMARTWORKS,INE0NAZ01010,SMARTWORKS COWORKING SP L,NSE_EQ|INE0NAZ01010,,,,,,,,,,,,,,,,,,,,,,,,,"Groww HTTP 401: {""errorCode"":401,""errorMessage"":{""message"":""Please Login and Try Again""}}"
1950,GROWW_ERROR,SMARTLINK,INE178C01020,SMARTLINK HOLDINGS LTD,NSE_EQ|INE178C01020,,,,,,,,,,,,,,,,,,,,,,,,,"Groww HTTP 401: {""errorCode"":401,""errorMessage"":{""message"":""Please Login and Try Again""}}"
1949,GROWW_ERROR,SKYGOLD,INE01IU01018,SKY GOLD AND DIAMONDS LTD,NSE_EQ|INE01IU01018,,,,,,,,,,,,,,,,,,,,,,,,,"Groww HTTP 401: {""errorCode"":401,""errorMessage"":{""message"":""Please Login and Try Again""}}"
1948,GROWW_ERROR,SKMEGGPROD,INE411D01023,SKM EGG PROD EXPORT(I) LT,NSE_EQ|INE411D01023,,,,,,,,,,,,,,,,,,,,,,,,,"Groww HTTP 401: {""errorCode"":401,""errorMessage"":{""message"":""Please Login and Try Again""}}"
1947,GROWW_ERROR,SKIPPER,INE439E01022,SKIPPER LIMITED,NSE_EQ|INE439E01022,,,,,,,,,,,,,,,,,,,,,,,,,"Groww HTTP 401: {""errorCode"":401,""errorMessage"":{""message"":""Please Login and Try Again""}}"
1946,GROWW_ERROR,SKFINDUS,INE2J8701016,SKF IND (INDUSTRIAL) LTD,NSE_EQ|INE2J8701016,,,,,,,,,,,,,,,,,,,,,,,,,"Groww HTTP 401: {""errorCode"":401,""errorMessage"":{""message"":""Please Login and Try Again""}}"
1945,GROWW_ERROR,SKFINDIA,INE640A01023,SKF INDIA LTD,NSE_EQ|INE640A01023,,,,,,,,,,,,,,,,,,,,,,,,,"Groww HTTP 401: {""errorCode"":401,""errorMessage"":{""message"":""Please Login and Try Again""}}"
1944,GROWW_ERROR,SJVN,INE002L01015,SJVN LTD,NSE_EQ|INE002L01015,,,,,,,,,,,,,,,,,,,,,,,,,"Groww HTTP 401: {""errorCode"":401,""errorMessage"":{""message"":""Please Login and Try Again""}}"
1943,GROWW_ERROR,SJS,INE284S01014,SJS ENTERPRISES LIMITED,NSE_EQ|INE284S01014,,,,,,,,,,,,,,,,,,,,,,,,,"Groww HTTP 401: {""errorCode"":401,""errorMessage"":{""message"":""Please Login and Try Again""}}"
1942,GROWW_ERROR,SIYSIL,INE076B01028,SIYARAM SILK MILLS LTD,NSE_EQ|INE076B01028,,,,,,,,,,,,,,,,,,,,,,,,,"Groww HTTP 401: {""errorCode"":401,""errorMessage"":{""message"":""Please Login and Try Again""}}"
1941,GROWW_ERROR,SITINET,INE965H01011,SITI NETWORKS LIMITED,NSE_EQ|INE965H01011,,,,,,,,,,,,,,,,,,,,,,,,,"Groww HTTP 401: {""errorCode"":401,""errorMessage"":{""message"":""Please Login and Try Again""}}"
1940,GROWW_ERROR,SIS,INE285J01028,SIS LIMITED,NSE_EQ|INE285J01028,,,,,,,,,,,,,,,,,,,,,,,,,"Groww HTTP 401: {""errorCode"":401,""errorMessage"":{""message"":""Please Login and Try Again""}}"
1939,GROWW_ERROR,SIRCA,INE792Z01011,SIRCA PAINT INDIA LIMITED,NSE_EQ|INE792Z01011,,,,,,,,,,,,,,,,,,,,,,,,,"Groww HTTP 401: {""errorCode"":401,""errorMessage"":{""message"":""Please Login and Try Again""}}"
1938,GROWW_ERROR,SINTERCOM,INE129Z01016,SINTERCOM INDIA LIMITED,NSE_EQ|INE129Z01016,,,,,,,,,,,,,,,,,,,,,,,,,"Groww HTTP 401: {""errorCode"":401,""errorMessage"":{""message"":""Please Login and Try Again""}}"
1937,GROWW_ERROR,SINGERIND,INE638A01035,SINGER INDIA LIMITED,NSE_EQ|INE638A01035,,,,,,,,,,,,,,,,,,,,,,,,,"Groww HTTP 401: {""errorCode"":401,""errorMessage"":{""message"":""Please Login and Try Again""}}"
1936,GROWW_ERROR,SINDHUTRAD,INE325D01025,SINDHU TRADE LINKS LTD,NSE_EQ|INE325D01025,,,,,,,,,,,,,,,,,,,,,,,,,"Groww HTTP 401: {""errorCode"":401,""errorMessage"":{""message"":""Please Login and Try Again""}}"
1935,GROWW_ERROR,SINCLAIR,INE985A01022,SINCLAIRS HOTELS LIMITED,NSE_EQ|INE985A01022,,,,,,,,,,,,,,,,,,,,,,,,,"Groww HTTP 401: {""errorCode"":401,""errorMessage"":{""message"":""Please Login and Try Again""}}"
1934,GROWW_ERROR,SIMPLEXINF,INE059B01024,SIMPLEX INFRASTRUCTURES L,NSE_EQ|INE059B01024,,,,,,,,,,,,,,,,,,,,,,,,,"Groww HTTP 401: {""errorCode"":401,""errorMessage"":{""message"":""Please Login and Try Again""}}"
1933,GROWW_ERROR,SIMBHALS,INE748T01016,SIMBHAOLI SUGARS LTD.,NSE_EQ|INE748T01016,,,,,,,,,,,,,,,,,,,,,,,,,"Groww HTTP 401: {""errorCode"":401,""errorMessage"":{""message"":""Please Login and Try Again""}}"
1932,GROWW_ERROR,SILVERTUC,INE625X01026,SILVER TOUCH TECHNO LTD,NSE_EQ|INE625X01026,,,,,,,,,,,,,,,,,,,,,,,,,"Groww HTTP 401: {""errorCode"":401,""errorMessage"":{""message"":""Please Login and Try Again""}}"
1931,GROWW_ERROR,SILLYMONKS,INE203Y01012,SILLY MONKS ENTERTAIN LTD,NSE_EQ|INE203Y01012,,,,,,,,,,,,,,,,,,,,,,,,,"Groww HTTP 401: {""errorCode"":401,""errorMessage"":{""message"":""Please Login and Try Again""}}"
1930,GROWW_ERROR,SILINV,INE923A01015,SIL INVESTMENTS LIMITED,NSE_EQ|INE923A01015,,,,,,,,,,,,,,,,,,,,,,,,,"Groww HTTP 401: {""errorCode"":401,""errorMessage"":{""message"":""Please Login and Try Again""}}"
1929,GROWW_ERROR,SILGO,INE01II01013,SILGO RETAIL LIMITED,NSE_EQ|INE01II01013,,,,,,,,,,,,,,,,,,,,,,,,,"Groww HTTP 401: {""errorCode"":401,""errorMessage"":{""message"":""Please Login and Try Again""}}"
1928,GROWW_ERROR,SIL,INE173A01025,STANDARD INDUSTRIES LTD.,NSE_EQ|INE173A01025,,,,,,,,,,,,,,,,,,,,,,,,,"Groww HTTP 401: {""errorCode"":401,""errorMessage"":{""message"":""Please Login and Try Again""}}"
1927,GROWW_ERROR,SIKKO,INE112X01025,SIKKO INDUSTRIES LIMITED,NSE_EQ|INE112X01025,,,,,,,,,,,,,,,,,,,,,,,,,"Groww HTTP 401: {""errorCode"":401,""errorMessage"":{""message"":""Please Login and Try Again""}}"
1926,GROWW_ERROR,SIKA,INE438E01032,SIKA INTERPLANT SYSTEMS L,NSE_EQ|INE438E01032,,,,,,,,,,,,,,,,,,,,,,,,,"Groww HTTP 401: {""errorCode"":401,""errorMessage"":{""message"":""Please Login and Try Again""}}"
1925,GROWW_ERROR,SIGNPOST,INE0KGZ01021,SIGNPOST INDIA LIMITED,NSE_EQ|INE0KGZ01021,,,,,,,,,,,,,,,,,,,,,,,,,"Groww HTTP 401: {""errorCode"":401,""errorMessage"":{""message"":""Please Login and Try Again""}}"
1924,GROWW_ERROR,SIGNATURE,INE903U01023,SIGNATUREGLOBAL INDIA LTD,NSE_EQ|INE903U01023,,,,,,,,,,,,,,,,,,,,,,,,,"Groww HTTP 401: {""errorCode"":401,""errorMessage"":{""message"":""Please Login and Try Again""}}"
1923,GROWW_ERROR,SIGMAADV,INE933B01012,SIGMA ADVANCED SYSTEM LTD,NSE_EQ|INE933B01012,,,,,,,,,,,,,,,,,,,,,,,,,"Groww HTTP 401: {""errorCode"":401,""errorMessage"":{""message"":""Please Login and Try Again""}}"
1922,GROWW_ERROR,SIGMA,INE0A0S01028,SIGMA SOLVE LIMITED,NSE_EQ|INE0A0S01028,,,,,,,,,,,,,,,,,,,,,,,,,"Groww HTTP 401: {""errorCode"":401,""errorMessage"":{""message"":""Please Login and Try Again""}}"
1921,GROWW_ERROR,SIGIND,INE529F01035,SIGNET INDUSTRIES LIMITED,NSE_EQ|INE529F01035,,,,,,,,,,,,,,,,,,,,,,,,,"Groww HTTP 401: {""errorCode"":401,""errorMessage"":{""message"":""Please Login and Try Again""}}"
1920,GROWW_ERROR,SIGACHI,INE0D0K01022,SIGACHI INDUSTRIES LTD,NSE_EQ|INE0D0K01022,,,,,,,,,,,,,,,,,,,,,,,,,"Groww HTTP 401: {""errorCode"":401,""errorMessage"":{""message"":""Please Login and Try Again""}}"
1919,GROWW_ERROR,SIEMENS,INE003A01024,SIEMENS LTD,NSE_EQ|INE003A01024,,,,,,,,,,,,,,,,,,,,,,,,,"Groww HTTP 401: {""errorCode"":401,""errorMessage"":{""message"":""Please Login and Try Again""}}"
1918,GROWW_ERROR,SICAGEN,INE176J01011,SICAGEN INDIA LIMITED,NSE_EQ|INE176J01011,,,,,,,,,,,,,,,,,,,,,,,,,"Groww HTTP 401: {""errorCode"":401,""errorMessage"":{""message"":""Please Login and Try Again""}}"
1917,GROWW_ERROR,SHYAMTEL,INE635A01023,SHYAM TELECOM LIMITED,NSE_EQ|INE635A01023,,,,,,,,,,,,,,,,,,,,,,,,,"Groww HTTP 401: {""errorCode"":401,""errorMessage"":{""message"":""Please Login and Try Again""}}"
1916,GROWW_ERROR,SHYAMMETL,INE810G01011,SHYAM METALICS AND ENGY L,NSE_EQ|INE810G01011,,,,,,,,,,,,,,,,,,,,,,,,,"Groww HTTP 401: {""errorCode"":401,""errorMessage"":{""message"":""Please Login and Try Again""}}"
1915,GROWW_ERROR,SHYAMCENT,INE979R01011,SHYAM CENTURY FERROUS LTD,NSE_EQ|INE979R01011,,,,,,,,,,,,,,,,,,,,,,,,,"Groww HTTP 401: {""errorCode"":401,""errorMessage"":{""message"":""Please Login and Try Again""}}"
1914,GROWW_ERROR,SHRIRAMPPS,INE217L01019,SHRIRAM PROPERTIES LTD,NSE_EQ|INE217L01019,,,,,,,,,,,,,,,,,,,,,,,,,"Groww HTTP 401: {""errorCode"":401,""errorMessage"":{""message"":""Please Login and Try Again""}}"
1913,GROWW_ERROR,SHRIRAMFIN,INE721A01047,SHRIRAM FINANCE LIMITED,NSE_EQ|INE721A01047,,,,,,,,,,,,,,,,,,,,,,,,,"Groww HTTP 401: {""errorCode"":401,""errorMessage"":{""message"":""Please Login and Try Again""}}"
1912,GROWW_ERROR,SHRIPISTON,INE526E01018,SPR AUTO TECHNOLOGIES LTD,NSE_EQ|INE526E01018,,,,,,,,,,,,,,,,,,,,,,,,,"Groww HTTP 401: {""errorCode"":401,""errorMessage"":{""message"":""Please Login and Try Again""}}"
1911,GROWW_ERROR,SHRINGARMS,INE1B3L01017,SHRINGAR HOU OF MANGALS L,NSE_EQ|INE1B3L01017,,,,,,,,,,,,,,,,,,,,,,,,,"Groww HTTP 401: {""errorCode"":401,""errorMessage"":{""message"":""Please Login and Try Again""}}"
1910,GROWW_ERROR,SHRIKRISH,INE997I01012,SHRI KRISHNA DEVCON LTD.,NSE_EQ|INE997I01012,,,,,,,,,,,,,,,,,,,,,,,,,"Groww HTTP 401: {""errorCode"":401,""errorMessage"":{""message"":""Please Login and Try Again""}}"
1909,GROWW_ERROR,SHREYANIND,INE231C01019,SHREYANS INDUSTRIES LTD,NSE_EQ|INE231C01019,,,,,,,,,,,,,,,,,,,,,,,,,"Groww HTTP 401: {""errorCode"":401,""errorMessage"":{""message"":""Please Login and Try Again""}}"
1908,GROWW_ERROR,SHRENIK,INE632X01030,SHRENIK LIMITED,NSE_EQ|INE632X01030,,,,,,,,,,,,,,,,,,,,,,,,,"Groww HTTP 401: {""errorCode"":401,""errorMessage"":{""message"":""Please Login and Try Again""}}"
1907,GROWW_ERROR,SHREERAMA,INE879A01019,SHREE RAMA MULTI TECH LTD,NSE_EQ|INE879A01019,,,,,,,,,,,,,,,,,,,,,,,,,"Groww HTTP 401: {""errorCode"":401,""errorMessage"":{""message"":""Please Login and Try Again""}}"
1906,GROWW_ERROR,SHREEPUSHK,INE712K01011,SHRE PUSH CHEM & FERT LTD,NSE_EQ|INE712K01011,,,,,,,,,,,,,,,,,,,,,,,,,"Groww HTTP 401: {""errorCode"":401,""errorMessage"":{""message"":""Please Login and Try Again""}}"
1905,GROWW_ERROR,SHREEJISPG,INE1B6101010,SHREEJI SHIPPING GLOBAL L,NSE_EQ|INE1B6101010,,,,,,,,,,,,,,,,,,,,,,,,,"Groww HTTP 401: {""errorCode"":401,""errorMessage"":{""message"":""Please Login and Try Again""}}"
1904,GROWW_ERROR,SHREECEM,INE070A01015,SHREE CEMENT LIMITED,NSE_EQ|INE070A01015,,,,,,,,,,,,,,,,,,,,,,,,,"Groww HTTP 401: {""errorCode"":401,""errorMessage"":{""message"":""Please Login and Try Again""}}"
1903,GROWW_ERROR,SHREDIGCEM,INE232A01011,SHREE DIGVIJAY CEM CO LTD,NSE_EQ|INE232A01011,,,,,,,,,,,,,,,,,,,,,,,,,"Groww HTTP 401: {""errorCode"":401,""errorMessage"":{""message"":""Please Login and Try Again""}}"
1902,GROWW_ERROR,SHRADHA,INE715Y01031,SHRADHA REALTY LIMITED,NSE_EQ|INE715Y01031,,,,,,,,,,,,,,,,,,,,,,,,,"Groww HTTP 401: {""errorCode"":401,""errorMessage"":{""message"":""Please Login and Try Again""}}"
1901,GROWW_ERROR,SHOPERSTOP,INE498B01024,SHOPPERS STOP LIMITED,NSE_EQ|INE498B01024,,,,,,,,,,,,,,,,,,,,,,,,,"Groww HTTP 401: {""errorCode"":401,""errorMessage"":{""message"":""Please Login and Try Again""}}"
1900,GROWW_ERROR,SHK,INE500L01026,S H KELKAR AND CO. LTD.,NSE_EQ|INE500L01026,,,,,,,,,,,,,,,,,,,,,,,,,"Groww HTTP 401: {""errorCode"":401,""errorMessage"":{""message"":""Please Login and Try Again""}}"
1899,GROWW_ERROR,SHIVAUM,INE719F01016,SHIV AUM STEELS LIMITED,NSE_EQ|INE719F01016,,,,,,,,,,,,,,,,,,,,,,,,,"Groww HTTP 401: {""errorCode"":401,""errorMessage"":{""message"":""Please Login and Try Again""}}"
1898,GROWW_ERROR,SHIVATEX,INE705C01020,SHIVA TEXYARN LIMITED,NSE_EQ|INE705C01020,,,,,,,,,,,,,,,,,,,,,,,,,"Groww HTTP 401: {""errorCode"":401,""errorMessage"":{""message"":""Please Login and Try Again""}}"
1897,GROWW_ERROR,SHIVAMILLS,INE644Y01017,SHIVA MILLS LIMITED,NSE_EQ|INE644Y01017,,,,,,,,,,,,,,,,,,,,,,,,,"Groww HTTP 401: {""errorCode"":401,""errorMessage"":{""message"":""Please Login and Try Again""}}"
1896,GROWW_ERROR,SHIVAMAUTO,INE637H01024,SHIVAM AUTO.LTD,NSE_EQ|INE637H01024,,,,,,,,,,,,,,,,,,,,,,,,,"Groww HTTP 401: {""errorCode"":401,""errorMessage"":{""message"":""Please Login and Try Again""}}"
1895,GROWW_ERROR,SHIVALIK,INE788J01021,SHIVALIK RASAYAN LIMITED,NSE_EQ|INE788J01021,,,,,,,,,,,,,,,,,,,,,,,,,"Groww HTTP 401: {""errorCode"":401,""errorMessage"":{""message"":""Please Login and Try Again""}}"
1894,GROWW_ERROR,SHINDL,INE220Z01013,SHARAT INDUSTRIES LTD.,NSE_EQ|INE220Z01013,,,,,,,,,,,,,,,,,,,,,,,,,"Groww HTTP 401: {""errorCode"":401,""errorMessage"":{""message"":""Please Login and Try Again""}}"
1893,GROWW_ERROR,SHILPAMED,INE790G01031,SHILPA MEDICARE LTD,NSE_EQ|INE790G01031,,,,,,,,,,,,,,,,,,,,,,,,,"Groww HTTP 401: {""errorCode"":401,""errorMessage"":{""message"":""Please Login and Try Again""}}"
1892,GROWW_ERROR,SHILCTECH,INE024F01011,SHILCHAR TECHNOLOGIES LTD,NSE_EQ|INE024F01011,,,,,,,,,,,,,,,,,,,,,,,,,"Groww HTTP 401: {""errorCode"":401,""errorMessage"":{""message"":""Please Login and Try Again""}}"
1891,GROWW_ERROR,SHEMAROO,INE363M01019,SHEMAROO ENTER. LTD.,NSE_EQ|INE363M01019,,,,,,,,,,,,,,,,,,,,,,,,,"Groww HTTP 401: {""errorCode"":401,""errorMessage"":{""message"":""Please Login and Try Again""}}"
1890,GROWW_ERROR,SHEKHAWATI,INE268L01046,SHEKHAWATI INDUSTRIES LTD,NSE_EQ|INE268L01046,,,,,,,,,,,,,,,,,,,,,,,,,"Groww HTTP 401: {""errorCode"":401,""errorMessage"":{""message"":""Please Login and Try Again""}}"
1889,GROWW_ERROR,SHBAJRG,INE402H01015,SHRI BAJRANG ALLIANCE L,NSE_EQ|INE402H01015,,,,,,,,,,,,,,,,,,,,,,,,,"Groww HTTP 401: {""errorCode"":401,""errorMessage"":{""message"":""Please Login and Try Again""}}"
1888,GROWW_ERROR,SHAREINDIA,INE932X01026,SHARE IND. SECURITIES LTD,NSE_EQ|INE932X01026,,,,,,,,,,,,,,,,,,,,,,,,,"Groww HTTP 401: {""errorCode"":401,""errorMessage"":{""message"":""Please Login and Try Again""}}"
1887,GROWW_ERROR,SHARDUL,INE037B01020,SHARDUL SECURITIES LTD.,NSE_EQ|INE037B01020,,,,,,,,,,,,,,,,,,,,,,,,,"Groww HTTP 401: {""errorCode"":401,""errorMessage"":{""message"":""Please Login and Try Again""}}"
1886,GROWW_ERROR,SHARDAMOTR,INE597I01028,SHARDA MOTOR INDS LTD,NSE_EQ|INE597I01028,,,,,,,,,,,,,,,,,,,,,,,,,"Groww HTTP 401: {""errorCode"":401,""errorMessage"":{""message"":""Please Login and Try Again""}}"
1885,GROWW_ERROR,SHARDACROP,INE221J01015,SHARDA CROPCHEM LTD.,NSE_EQ|INE221J01015,,,,,,,,,,,,,,,,,,,,,,,,,"Groww HTTP 401: {""errorCode"":401,""errorMessage"":{""message"":""Please Login and Try Again""}}"
1884,GROWW_ERROR,SHANTIGOLD,INE06ZD01017,SHANTI GOLD INTERNATION L,NSE_EQ|INE06ZD01017,,,,,,,,,,,,,,,,,,,,,,,,,"Groww HTTP 401: {""errorCode"":401,""errorMessage"":{""message"":""Please Login and Try Again""}}"
1883,GROWW_ERROR,SHANTIGEAR,INE631A01022,SHANTHI GEARS LTD,NSE_EQ|INE631A01022,,,,,,,,,,,,,,,,,,,,,,,,,"Groww HTTP 401: {""errorCode"":401,""errorMessage"":{""message"":""Please Login and Try Again""}}"
1882,GROWW_ERROR,SHANTI,INE933X01016,SHANTI OVERSEAS INDIA LTD,NSE_EQ|INE933X01016,,,,,,,,,,,,,,,,,,,,,,,,,"Groww HTTP 401: {""errorCode"":401,""errorMessage"":{""message"":""Please Login and Try Again""}}"
1881,GROWW_ERROR,SHANKARA,INE274V01019,SHANKARA BLDG PRODUCT LTD,NSE_EQ|INE274V01019,,,,,,,,,,,,,,,,,,,,,,,,,"Groww HTTP 401: {""errorCode"":401,""errorMessage"":{""message"":""Please Login and Try Again""}}"
1880,GROWW_ERROR,SHALPAINTS,INE849C01026,SHALIM PAINTS LTD,NSE_EQ|INE849C01026,,,,,,,,,,,,,,,,,,,,,,,,,"Groww HTTP 401: {""errorCode"":401,""errorMessage"":{""message"":""Please Login and Try Again""}}"
1879,GROWW_ERROR,SHALBY,INE597J01018,SHALBY LIMITED,NSE_EQ|INE597J01018,,,,,,,,,,,,,,,,,,,,,,,,,"Groww HTTP 401: {""errorCode"":401,""errorMessage"":{""message"":""Please Login and Try Again""}}"
1878,GROWW_ERROR,SHAKTIPUMP,INE908D01010,SHAKTI PUMPS (I) LTD,NSE_EQ|INE908D01010,,,,,,,,,,,,,,,,,,,,,,,,,"Groww HTTP 401: {""errorCode"":401,""errorMessage"":{""message"":""Please Login and Try Again""}}"
1877,GROWW_ERROR,SHAILY,INE151G01028,SHAILY ENG PLASTICS LTD,NSE_EQ|INE151G01028,,,,,,,,,,,,,,,,,,,,,,,,,"Groww HTTP 401: {""errorCode"":401,""errorMessage"":{""message"":""Please Login and Try Again""}}"
1876,GROWW_ERROR,SHAHALLOYS,INE640C01011,SHAH ALLOYS LIMITED,NSE_EQ|INE640C01011,,,,,,,,,,,,,,,,,,,,,,,,,"Groww HTTP 401: {""errorCode"":401,""errorMessage"":{""message"":""Please Login and Try Again""}}"
1875,GROWW_ERROR,SHAH,INE482J01021,SHAH METACORP LIMITED,NSE_EQ|INE482J01021,,,,,,,,,,,,,,,,,,,,,,,,,"Groww HTTP 401: {""errorCode"":401,""errorMessage"":{""message"":""Please Login and Try Again""}}"
1874,GROWW_ERROR,SHADOWFAX,INE12UN01015,SHADOWFAX TECHNOLOGIES L,NSE_EQ|INE12UN01015,,,,,,,,,,,,,,,,,,,,,,,,,"Groww HTTP 401: {""errorCode"":401,""errorMessage"":{""message"":""Please Login and Try Again""}}"
1873,GROWW_ERROR,SGMART,INE385F01024,SG MART LIMITED,NSE_EQ|INE385F01024,,,,,,,,,,,,,,,,,,,,,,,,,"Groww HTTP 401: {""errorCode"":401,""errorMessage"":{""message"":""Please Login and Try Again""}}"
1872,GROWW_ERROR,SGL,INE353H01010,STL GLOBAL LIMITED,NSE_EQ|INE353H01010,,,,,,,,,,,,,,,,,,,,,,,,,"Groww HTTP 401: {""errorCode"":401,""errorMessage"":{""message"":""Please Login and Try Again""}}"
1871,GROWW_ERROR,SGIL,INE00QT01015,SYNERGY GREEN IND. LTD,NSE_EQ|INE00QT01015,,,,,,,,,,,,,,,,,,,,,,,,,"Groww HTTP 401: {""errorCode"":401,""errorMessage"":{""message"":""Please Login and Try Again""}}"
1870,GROWW_ERROR,SGFIN,INE618R01015,SG FINSERVE LIMITED,NSE_EQ|INE618R01015,,,,,,,,,,,,,,,,,,,,,,,,,"Groww HTTP 401: {""errorCode"":401,""errorMessage"":{""message"":""Please Login and Try Again""}}"
1869,GROWW_ERROR,SFL,INE916U01025,SHEELA FOAM LIMITED,NSE_EQ|INE916U01025,,,,,,,,,,,,,,,,,,,,,,,,,"Groww HTTP 401: {""errorCode"":401,""errorMessage"":{""message"":""Please Login and Try Again""}}"
1868,GROWW_ERROR,SEYAIND,INE573R01012,SEYA INDUSTRIES LIMITED,NSE_EQ|INE573R01012,,,,,,,,,,,,,,,,,,,,,,,,,"Groww HTTP 401: {""errorCode"":401,""errorMessage"":{""message"":""Please Login and Try Again""}}"
1867,GROWW_ERROR,SETUINFRA,INE023M01027,SETUBANDHAN INFRA LTD,NSE_EQ|INE023M01027,,,,,,,,,,,,,,,,,,,,,,,,,"Groww HTTP 401: {""errorCode"":401,""errorMessage"":{""message"":""Please Login and Try Again""}}"
1866,GROWW_ERROR,SETL,INE0M4D01010,STANDARD ENGNG TCNLGY LTD,NSE_EQ|INE0M4D01010,,,,,,,,,,,,,,,,,,,,,,,,,"Groww HTTP 401: {""errorCode"":401,""errorMessage"":{""message"":""Please Login and Try Again""}}"
1865,GROWW_ERROR,SETCO,INE878E01021,SETCO AUTOMOTIVE LTD,NSE_EQ|INE878E01021,,,,,,,,,,,,,,,,,,,,,,,,,"Groww HTTP 401: {""errorCode"":401,""errorMessage"":{""message"":""Please Login and Try Again""}}"
1864,GROWW_ERROR,SESHAPAPER,INE630A01024,SESHASAYEE PAPER & BOARDS,NSE_EQ|INE630A01024,,,,,,,,,,,,,,,,,,,,,,,,,"Groww HTTP 401: {""errorCode"":401,""errorMessage"":{""message"":""Please Login and Try Again""}}"
1863,GROWW_ERROR,SERVOTECH,INE782X01033,SERVOTECH REN POW SYS LTD,NSE_EQ|INE782X01033,,,,,,,,,,,,,,,,,,,,,,,,,"Groww HTTP 401: {""errorCode"":401,""errorMessage"":{""message"":""Please Login and Try Again""}}"
1862,GROWW_ERROR,SEPC,INE964H01014,SEPC LIMITED,NSE_EQ|INE964H01014,,,,,,,,,,,,,,,,,,,,,,,,,"Groww HTTP 401: {""errorCode"":401,""errorMessage"":{""message"":""Please Login and Try Again""}}"
1861,GROWW_ERROR,SENORES,INE0RB801010,SENORES PHARMACEUTICALS L,NSE_EQ|INE0RB801010,,,,,,,,,,,,,,,,,,,,,,,,,"Groww HTTP 401: {""errorCode"":401,""errorMessage"":{""message"":""Please Login and Try Again""}}"
1860,GROWW_ERROR,SENCO,INE602W01027,SENCO GOLD LIMITED,NSE_EQ|INE602W01027,,,,,,,,,,,,,,,,,,,,,,,,,"Groww HTTP 401: {""errorCode"":401,""errorMessage"":{""message"":""Please Login and Try Again""}}"
1859,GROWW_ERROR,SEMAC,INE617A01013,SEMAC CONSTRUCTION LTD,NSE_EQ|INE617A01013,,,,,,,,,,,,,,,,,,,,,,,,,"Groww HTTP 401: {""errorCode"":401,""errorMessage"":{""message"":""Please Login and Try Again""}}"
1858,GROWW_ERROR,SELMC,INE105I01020,SEL MANUFACTURING CO LTD,NSE_EQ|INE105I01020,,,,,,,,,,,,,,,,,,,,,,,,,"Groww HTTP 401: {""errorCode"":401,""errorMessage"":{""message"":""Please Login and Try Again""}}"
1857,GROWW_ERROR,SEJALLTD,INE955I01044,SEJAL GLASS LIMITED,NSE_EQ|INE955I01044,,,,,,,,,,,,,,,,,,,,,,,,,"Groww HTTP 401: {""errorCode"":401,""errorMessage"":{""message"":""Please Login and Try Again""}}"
1856,GROWW_ERROR,SEIL,INE440T01028,SHANTI EDU INITIATIVES L,NSE_EQ|INE440T01028,,,,,,,,,,,,,,,,,,,,,,,,,"Groww HTTP 401: {""errorCode"":401,""errorMessage"":{""message"":""Please Login and Try Again""}}"
1855,GROWW_ERROR,SEDEMAC,INE00XB01019,SEDEMAC MECHATRONICS LTD,NSE_EQ|INE00XB01019,,,,,,,,,,,,,,,,,,,,,,,,,"Groww HTTP 401: {""errorCode"":401,""errorMessage"":{""message"":""Please Login and Try Again""}}"
1854,GROWW_ERROR,SECURKLOUD,INE650K01021,SECUREKLOUD TECH LIMITED,NSE_EQ|INE650K01021,,,,,,,,,,,,,,,,,,,,,,,,,"Groww HTTP 401: {""errorCode"":401,""errorMessage"":{""message"":""Please Login and Try Again""}}"
1853,GROWW_ERROR,SECMARK,INE0BTM01013,SECMARK CONSULTANCY LTD,NSE_EQ|INE0BTM01013,,,,,,,,,,,,,,,,,,,,,,,,,"Groww HTTP 401: {""errorCode"":401,""errorMessage"":{""message"":""Please Login and Try Again""}}"
1852,GROWW_ERROR,SEAMECLTD,INE497B01018,SEAMEC LIMITED,NSE_EQ|INE497B01018,,,,,,,,,,,,,,,,,,,,,,,,,"Groww HTTP 401: {""errorCode"":401,""errorMessage"":{""message"":""Please Login and Try Again""}}"
1851,GROWW_ERROR,SDBL,INE480C01038,SOM DIST & BREW LTD,NSE_EQ|INE480C01038,,,,,,,,,,,,,,,,,,,,,,,,,"Groww HTTP 401: {""errorCode"":401,""errorMessage"":{""message"":""Please Login and Try Again""}}"
1850,GROWW_ERROR,SCPL,INE501Y01019,SHEETAL COOL PRODUCTS LTD,NSE_EQ|INE501Y01019,,,,,,,,,,,,,,,,,,,,,,,,,"Groww HTTP 401: {""errorCode"":401,""errorMessage"":{""message"":""Please Login and Try Again""}}"
1849,GROWW_ERROR,SCODATUBES,INE090501011,SCODA TUBES LIMITED,NSE_EQ|INE090501011,,,,,,,,,,,,,,,,,,,,,,,,,"Groww HTTP 401: {""errorCode"":401,""errorMessage"":{""message"":""Please Login and Try Again""}}"
1848,GROWW_ERROR,SCILAL,INE0PB301013,SHIPPING CORP OF ILA LTD,NSE_EQ|INE0PB301013,,,,,,,,,,,,,,,,,,,,,,,,,"Groww HTTP 401: {""errorCode"":401,""errorMessage"":{""message"":""Please Login and Try Again""}}"
1847,GROWW_ERROR,SCI,INE109A01011,SHIPPING CORP OF INDIA LT,NSE_EQ|INE109A01011,,,,,,,,,,,,,,,,,,,,,,,,,"Groww HTTP 401: {""errorCode"":401,""errorMessage"":{""message"":""Please Login and Try Again""}}"
1846,GROWW_ERROR,SCHNEIDER,INE839M01018,SCHNEIDER ELECTRIC INFRA,NSE_EQ|INE839M01018,,,,,,,,,,,,,,,,,,,,,,,,,"Groww HTTP 401: {""errorCode"":401,""errorMessage"":{""message"":""Please Login and Try Again""}}"
1845,GROWW_ERROR,SCHAND,INE807K01035,S CHAND AND COMPANY LTD,NSE_EQ|INE807K01035,,,,,,,,,,,,,,,,,,,,,,,,,"Groww HTTP 401: {""errorCode"":401,""errorMessage"":{""message"":""Please Login and Try Again""}}"
1844,GROWW_ERROR,SCHAEFFLER,INE513A01022,SCHAEFFLER INDIA LIMITED,NSE_EQ|INE513A01022,,,,,,,,,,,,,,,,,,,,,,,,,"Groww HTTP 401: {""errorCode"":401,""errorMessage"":{""message"":""Please Login and Try Again""}}"
1843,GROWW_ERROR,SCANSTL,INE099G01011,SCAN STEELS LTD.,NSE_EQ|INE099G01011,,,,,,,,,,,,,,,,,,,,,,,,,"Groww HTTP 401: {""errorCode"":401,""errorMessage"":{""message"":""Please Login and Try Again""}}"
1842,GROWW_ERROR,SBILIFE,INE123W01016,SBI LIFE INSURANCE CO LTD,NSE_EQ|INE123W01016,,,,,,,,,,,,,,,,,,,,,,,,,"Groww HTTP 401: {""errorCode"":401,""errorMessage"":{""message"":""Please Login and Try Again""}}"
1841,GROWW_ERROR,SBICARD,INE018E01016,SBI CARDS & PAY SER LTD,NSE_EQ|INE018E01016,,,,,,,,,,,,,,,,,,,,,,,,,"Groww HTTP 401: {""errorCode"":401,""errorMessage"":{""message"":""Please Login and Try Again""}}"
1840,GROWW_ERROR,SBGLP,INE05ST01028,SURATWWALA BUS GROUP LTD,NSE_EQ|INE05ST01028,,,,,,,,,,,,,,,,,,,,,,,,,"Groww HTTP 401: {""errorCode"":401,""errorMessage"":{""message"":""Please Login and Try Again""}}"
1839,GROWW_ERROR,SBFC,INE423Y01016,SBFC FINANCE LIMITED,NSE_EQ|INE423Y01016,,,,,,,,,,,,,,,,,,,,,,,,,"Groww HTTP 401: {""errorCode"":401,""errorMessage"":{""message"":""Please Login and Try Again""}}"
1838,GROWW_ERROR,SBCL,INE386D01027,SHIVALIK BIMETAL CON. LTD,NSE_EQ|INE386D01027,,,,,,,,,,,,,,,,,,,,,,,,,"Groww HTTP 401: {""errorCode"":401,""errorMessage"":{""message"":""Please Login and Try Again""}}"
1837,GROWW_ERROR,SBC,INE04AK01028,SBC EXPORTS LIMITED,NSE_EQ|INE04AK01028,,,,,,,,,,,,,,,,,,,,,,,,,"Groww HTTP 401: {""errorCode"":401,""errorMessage"":{""message"":""Please Login and Try Again""}}"
1836,GROWW_ERROR,SAYAJIHOTL,INE318C01014,SAYAJI HOTELS LTD.,NSE_EQ|INE318C01014,,,,,,,,,,,,,,,,,,,,,,,,,"Groww HTTP 401: {""errorCode"":401,""errorMessage"":{""message"":""Please Login and Try Again""}}"
1835,GROWW_ERROR,SAURASHCEM,INE626A01014,SAURASHTRA CEMENT LIMITED,NSE_EQ|INE626A01014,,,,,,,,,,,,,,,,,,,,,,,,,"Groww HTTP 401: {""errorCode"":401,""errorMessage"":{""message"":""Please Login and Try Again""}}"
1834,GROWW_ERROR,SATIN,INE836B01017,SATIN CREDIT NET LTD,NSE_EQ|INE836B01017,,,,,,,,,,,,,,,,,,,,,,,,,"Groww HTTP 401: {""errorCode"":401,""errorMessage"":{""message"":""Please Login and Try Again""}}"
1833,GROWW_ERROR,SATIA,INE170E01023,SATIA INDUSTRIES LIMITED,NSE_EQ|INE170E01023,,,,,,,,,,,,,,,,,,,,,,,,,"Groww HTTP 401: {""errorCode"":401,""errorMessage"":{""message"":""Please Login and Try Again""}}"
1832,GROWW_ERROR,SASKEN,INE231F01020,SASKEN TECHNOLOGIES LTD,NSE_EQ|INE231F01020,,,,,,,,,,,,,,,,,,,,,,,,,"Groww HTTP 401: {""errorCode"":401,""errorMessage"":{""message"":""Please Login and Try Again""}}"
1831,GROWW_ERROR,SARVESHWAR,INE324X01026,SARVESHWAR FOODS LIMITED,NSE_EQ|INE324X01026,,,,,,,,,,,,,,,,,,,,,,,,,"Groww HTTP 401: {""errorCode"":401,""errorMessage"":{""message"":""Please Login and Try Again""}}"
1830,GROWW_ERROR,SARLAPOLY,INE453D01025,SARLA PERF. FIBERS LTD,NSE_EQ|INE453D01025,,,,,,,,,,,,,,,,,,,,,,,,,"Groww HTTP 401: {""errorCode"":401,""errorMessage"":{""message"":""Please Login and Try Again""}}"
1829,GROWW_ERROR,SAREGAMA,INE979A01025,SAREGAMA INDIA LIMITED,NSE_EQ|INE979A01025,,,,,,,,,,,,,,,,,,,,,,,,,"Groww HTTP 401: {""errorCode"":401,""errorMessage"":{""message"":""Please Login and Try Again""}}"
1828,GROWW_ERROR,SARDAEN,INE385C01021,SARDA ENERGY & MIN LTD,NSE_EQ|INE385C01021,,,,,,,,,,,,,,,,,,,,,,,,,"Groww HTTP 401: {""errorCode"":401,""errorMessage"":{""message"":""Please Login and Try Again""}}"
1827,GROWW_ERROR,SAPPL,INE185C01017,SHREE AJIT PULP & PAPER L,NSE_EQ|INE185C01017,,,,,,,,,,,,,,,,,,,,,,,,,"Groww HTTP 401: {""errorCode"":401,""errorMessage"":{""message"":""Please Login and Try Again""}}"
1826,GROWW_ERROR,SAPPHIRE,INE806T01020,SAPPHIRE FOODS INDIA LTD,NSE_EQ|INE806T01020,,,,,,,,,,,,,,,,,,,,,,,,,"Groww HTTP 401: {""errorCode"":401,""errorMessage"":{""message"":""Please Login and Try Again""}}"
1825,GROWW_ERROR,SANWARIA,INE890C01046,SANWARIA CONSUMER LIMITED,NSE_EQ|INE890C01046,,,,,,,,,,,,,,,,,,,,,,,,,"Groww HTTP 401: {""errorCode"":401,""errorMessage"":{""message"":""Please Login and Try Again""}}"
1824,GROWW_ERROR,SANSTAR,INE08NE01025,SANSTAR LIMITED,NSE_EQ|INE08NE01025,,,,,,,,,,,,,,,,,,,,,,,,,"Groww HTTP 401: {""errorCode"":401,""errorMessage"":{""message"":""Please Login and Try Again""}}"
1823,GROWW_ERROR,SANSERA,INE953O01021,SANSERA ENGINEERING LTD,NSE_EQ|INE953O01021,,,,,,,,,,,,,,,,,,,,,,,,,"Groww HTTP 401: {""errorCode"":401,""errorMessage"":{""message"":""Please Login and Try Again""}}"
1822,GROWW_ERROR,SANOFICONR,INE0UOS01011,SANOFI CONS HEALTHC IND L,NSE_EQ|INE0UOS01011,,,,,,,,,,,,,,,,,,,,,,,,,"Groww HTTP 401: {""errorCode"":401,""errorMessage"":{""message"":""Please Login and Try Again""}}"
1821,GROWW_ERROR,SANOFI,INE058A01010,SANOFI INDIA LIMITED,NSE_EQ|INE058A01010,,,,,,,,,,,,,,,,,,,,,,,,,"Groww HTTP 401: {""errorCode"":401,""errorMessage"":{""message"":""Please Login and Try Again""}}"
1820,GROWW_ERROR,SANGINITA,INE753W01010,SANGINITA CHEMICALS LTD,NSE_EQ|INE753W01010,,,,,,,,,,,,,,,,,,,,,,,,,"Groww HTTP 401: {""errorCode"":401,""errorMessage"":{""message"":""Please Login and Try Again""}}"
1819,GROWW_ERROR,SANGHVIMOV,INE989A01032,SANGHVI MOVERS LTD,NSE_EQ|INE989A01032,,,,,,,,,,,,,,,,,,,,,,,,,"Groww HTTP 401: {""errorCode"":401,""errorMessage"":{""message"":""Please Login and Try Again""}}"
1818,GROWW_ERROR,SANGAMIND,INE495C01010,SANGAM (INDIA) LTD,NSE_EQ|INE495C01010,,,,,,,,,,,,,,,,,,,,,,,,,"Groww HTTP 401: {""errorCode"":401,""errorMessage"":{""message"":""Please Login and Try Again""}}"
1817,GROWW_ERROR,SANDUMA,INE149K01016,SANDUR MANG & IRON ORES L,NSE_EQ|INE149K01016,,,,,,,,,,,,,,,,,,,,,,,,,"Groww HTTP 401: {""errorCode"":401,""errorMessage"":{""message"":""Please Login and Try Again""}}"
1816,GROWW_ERROR,SANDHAR,INE278H01035,SANDHAR TECHNOLOGIES LTD,NSE_EQ|INE278H01035,,,,,,,,,,,,,,,,,,,,,,,,,"Groww HTTP 401: {""errorCode"":401,""errorMessage"":{""message"":""Please Login and Try Again""}}"
1815,GROWW_ERROR,SANDESH,INE583B01015,SANDESH LTD,NSE_EQ|INE583B01015,,,,,,,,,,,,,,,,,,,,,,,,,"Groww HTTP 401: {""errorCode"":401,""errorMessage"":{""message"":""Please Login and Try Again""}}"
1814,GROWW_ERROR,SANATHAN,INE0JPD01013,SANATHAN TEXTILES LIMITED,NSE_EQ|INE0JPD01013,,,,,,,,,,,,,,,,,,,,,,,,,"Groww HTTP 401: {""errorCode"":401,""errorMessage"":{""message"":""Please Login and Try Again""}}"
1813,GROWW_ERROR,SAMPANN,INE735M01018,SAMPANN UTPADAN INDIA LTD,NSE_EQ|INE735M01018,,,,,,,,,,,,,,,,,,,,,,,,,"Groww HTTP 401: {""errorCode"":401,""errorMessage"":{""message"":""Please Login and Try Again""}}"
1812,GROWW_ERROR,SAMMAANCAP,INE148I01020,SAMMAAN CAPITAL LIMITED,NSE_EQ|INE148I01020,,,,,,,,,,,,,,,,,,,,,,,,,"Groww HTTP 401: {""errorCode"":401,""errorMessage"":{""message"":""Please Login and Try Again""}}"
1811,GROWW_ERROR,SAMHI,INE08U801020,SAMHI HOTELS LIMITED,NSE_EQ|INE08U801020,,,,,,,,,,,,,,,,,,,,,,,,,"Groww HTTP 401: {""errorCode"":401,""errorMessage"":{""message"":""Please Login and Try Again""}}"
1810,GROWW_ERROR,SAMBHV,INE12NJ01018,SAMBHV STEEL TUBES LTD,NSE_EQ|INE12NJ01018,,,,,,,,,,,,,,,,,,,,,,,,,"Groww HTTP 401: {""errorCode"":401,""errorMessage"":{""message"":""Please Login and Try Again""}}"
1809,GROWW_ERROR,SAMBHAAV,INE699B01027,SAMBHAAV MEDIA LTD,NSE_EQ|INE699B01027,,,,,,,,,,,,,,,,,,,,,,,,,"Groww HTTP 401: {""errorCode"":401,""errorMessage"":{""message"":""Please Login and Try Again""}}"
1808,GROWW_ERROR,SALZERELEC,INE457F01013,SALZER ELECTRONICS LTD,NSE_EQ|INE457F01013,,,,,,,,,,,,,,,,,,,,,,,,,"Groww HTTP 401: {""errorCode"":401,""errorMessage"":{""message"":""Please Login and Try Again""}}"
1807,GROWW_ERROR,SALSTEEL,INE658G01014,S.A.L. STEEL LTD.,NSE_EQ|INE658G01014,,,,,,,,,,,,,,,,,,,,,,,,,"Groww HTTP 401: {""errorCode"":401,""errorMessage"":{""message"":""Please Login and Try Again""}}"
1806,GROWW_ERROR,SALONA,INE498E01010,SALONA COTSPIN LTD.,NSE_EQ|INE498E01010,,,,,,,,,,,,,,,,,,,,,,,,,"Groww HTTP 401: {""errorCode"":401,""errorMessage"":{""message"":""Please Login and Try Again""}}"
1805,GROWW_ERROR,SALASAR,INE170V01027,SALASAR TECHNO ENGG. LTD.,NSE_EQ|INE170V01027,,,,,,,,,,,,,,,,,,,,,,,,,"Groww HTTP 401: {""errorCode"":401,""errorMessage"":{""message"":""Please Login and Try Again""}}"
1804,GROWW_ERROR,SAKUMA,INE190H01024,SAKUMA EXPORTS LIMITED,NSE_EQ|INE190H01024,,,,,,,,,,,,,,,,,,,,,,,,,"Groww HTTP 401: {""errorCode"":401,""errorMessage"":{""message"":""Please Login and Try Again""}}"
1803,GROWW_ERROR,SAKSOFT,INE667G01023,SAKSOFT LIMITED,NSE_EQ|INE667G01023,,,,,,,,,,,,,,,,,,,,,,,,,"Groww HTTP 401: {""errorCode"":401,""errorMessage"":{""message"":""Please Login and Try Again""}}"
1802,GROWW_ERROR,SAKHTISUG,INE623A01011,SAKTHI SUGARS LTD,NSE_EQ|INE623A01011,,,,,,,,,,,,,,,,,,,,,,,,,"Groww HTTP 401: {""errorCode"":401,""errorMessage"":{""message"":""Please Login and Try Again""}}"
1801,GROWW_ERROR,SAKAR,INE732S01012,SAKAR HEALTHCARE LIMITED,NSE_EQ|INE732S01012,,,,,,,,,,,,,,,,,,,,,,,,,"Groww HTTP 401: {""errorCode"":401,""errorMessage"":{""message"":""Please Login and Try Again""}}"
1800,GROWW_ERROR,SAIPARENT,INE0H9F01037,SAI PARENTERALS LIMITED,NSE_EQ|INE0H9F01037,,,,,,,,,,,,,,,,,,,,,,,,,"Groww HTTP 401: {""errorCode"":401,""errorMessage"":{""message"":""Please Login and Try Again""}}"
1799,GROWW_ERROR,SAILIFE,INE570L01029,SAI LIFE SCIENCES LIMITED,NSE_EQ|INE570L01029,,,,,,,,,,,,,,,,,,,,,,,,,"Groww HTTP 401: {""errorCode"":401,""errorMessage"":{""message"":""Please Login and Try Again""}}"
1798,GROWW_ERROR,SAIL,INE114A01011,STEEL AUTHORITY OF INDIA,NSE_EQ|INE114A01011,,,,,,,,,,,,,,,,,,,,,,,,,"Groww HTTP 401: {""errorCode"":401,""errorMessage"":{""message"":""Please Login and Try Again""}}"
1797,GROWW_ERROR,SAHYADRI,INE280H01015,SAHYADRI INDUSTRIES LTD,NSE_EQ|INE280H01015,,,,,,,,,,,,,,,,,,,,,,,,,"Groww HTTP 401: {""errorCode"":401,""errorMessage"":{""message"":""Please Login and Try Again""}}"
1796,GROWW_ERROR,SAHLIBHFI,INE861D01011,SHALIBHADRA FINANCE LTD,NSE_EQ|INE861D01011,,,,,,,,,,,,,,,,,,,,,,,,,"Groww HTTP 401: {""errorCode"":401,""errorMessage"":{""message"":""Please Login and Try Again""}}"
1795,GROWW_ERROR,SAGILITY,INE0W2G01015,SAGILITY LIMITED,NSE_EQ|INE0W2G01015,,,,,,,,,,,,,,,,,,,,,,,,,"Groww HTTP 401: {""errorCode"":401,""errorMessage"":{""message"":""Please Login and Try Again""}}"
1794,GROWW_ERROR,SAGCEM,INE229C01021,SAGAR CEMENTS LIMITED,NSE_EQ|INE229C01021,,,,,,,,,,,,,,,,,,,,,,,,,"Groww HTTP 401: {""errorCode"":401,""errorMessage"":{""message"":""Please Login and Try Again""}}"
1793,GROWW_ERROR,SAGARDEEP,INE976T01013,SAGARDEEP ALLOYS LIMITED,NSE_EQ|INE976T01013,,,,,,,,,,,,,,,,,,,,,,,,,"Groww HTTP 401: {""errorCode"":401,""errorMessage"":{""message"":""Please Login and Try Again""}}"
1792,GROWW_ERROR,SAFARI,INE429E01023,SAFARI IND (INDIA) LTD,NSE_EQ|INE429E01023,,,,,,,,,,,,,,,,,,,,,,,,,"Groww HTTP 401: {""errorCode"":401,""errorMessage"":{""message"":""Please Login and Try Again""}}"
1791,GROWW_ERROR,SADHNANIQ,INE888C01040,SADHANA NITROCHEM LIMITED,NSE_EQ|INE888C01040,,,,,,,,,,,,,,,,,,,,,,,,,"Groww HTTP 401: {""errorCode"":401,""errorMessage"":{""message"":""Please Login and Try Again""}}"
1790,GROWW_ERROR,SADBHIN,INE764L01010,SADBHAV INFRA PROJ LTD.,NSE_EQ|INE764L01010,,,,,,,,,,,,,,,,,,,,,,,,,"Groww HTTP 401: {""errorCode"":401,""errorMessage"":{""message"":""Please Login and Try Again""}}"
1789,GROWW_ERROR,SADBHAV,INE226H01026,SADBHAV ENGINEERING LTD,NSE_EQ|INE226H01026,,,,,,,,,,,,,,,,,,,,,,,,,"Groww HTTP 401: {""errorCode"":401,""errorMessage"":{""message"":""Please Login and Try Again""}}"
1788,GROWW_ERROR,SABEVENTS,INE860T01019,SAB EVENTS & GOVERNANCE,NSE_EQ|INE860T01019,,,,,,,,,,,,,,,,,,,,,,,,,"Groww HTTP 401: {""errorCode"":401,""errorMessage"":{""message"":""Please Login and Try Again""}}"
1787,GROWW_ERROR,SAATVIKGL,INE13B501022,SAATVIK GREEN ENERGY LTD,NSE_EQ|INE13B501022,,,,,,,,,,,,,,,,,,,,,,,,,"Groww HTTP 401: {""errorCode"":401,""errorMessage"":{""message"":""Please Login and Try Again""}}"
1786,GROWW_ERROR,S&SPOWER,INE902B01017,S&S POWER SWITCHGEARS LTD,NSE_EQ|INE902B01017,,,,,,,,,,,,,,,,,,,,,,,,,"Groww HTTP 401: {""errorCode"":401,""errorMessage"":{""message"":""Please Login and Try Again""}}"
1785,GROWW_ERROR,RVTH,INE0DAB01012,REVATHI EQUIPMENT INDIA L,NSE_EQ|INE0DAB01012,,,,,,,,,,,,,,,,,,,,,,,,,"Groww HTTP 401: {""errorCode"":401,""errorMessage"":{""message"":""Please Login and Try Again""}}"
1784,GROWW_ERROR,RVNL,INE415G01027,RAIL VIKAS NIGAM LIMITED,NSE_EQ|INE415G01027,,,,,,,,,,,,,,,,,,,,,,,,,"Groww HTTP 401: {""errorCode"":401,""errorMessage"":{""message"":""Please Login and Try Again""}}"
1783,GROWW_ERROR,RVHL,INE09E501017,RAVINDER HEIGHTS LIMITED,NSE_EQ|INE09E501017,,,,,,,,,,,,,,,,,,,,,,,,,"Groww HTTP 401: {""errorCode"":401,""errorMessage"":{""message"":""Please Login and Try Again""}}"
1782,GROWW_ERROR,RUSTOMJEE,INE263M01029,KEYSTONE REALTORS LIMITED,NSE_EQ|INE263M01029,,,,,,,,,,,,,,,,,,,,,,,,,"Groww HTTP 401: {""errorCode"":401,""errorMessage"":{""message"":""Please Login and Try Again""}}"
1781,GROWW_ERROR,RUSHIL,INE573K01025,RUSHIL DECOR LIMITED,NSE_EQ|INE573K01025,,,,,,,,,,,,,,,,,,,,,,,,,"Groww HTTP 401: {""errorCode"":401,""errorMessage"":{""message"":""Please Login and Try Again""}}"
1780,GROWW_ERROR,RUPA,INE895B01021,RUPA & COMPANY LTD,NSE_EQ|INE895B01021,,,,,,,,,,,,,,,,,,,,,,,,,"Groww HTTP 401: {""errorCode"":401,""errorMessage"":{""message"":""Please Login and Try Again""}}"
1779,GROWW_ERROR,RUDRA,INE027T01023,RUDRA GLOBAL INFRA PROD L,NSE_EQ|INE027T01023,,,,,,,,,,,,,,,,,,,,,,,,,"Groww HTTP 401: {""errorCode"":401,""errorMessage"":{""message"":""Please Login and Try Again""}}"
1778,GROWW_ERROR,RUCHIRA,INE803H01014,RUCHIRA PAPERS LIMITED,NSE_EQ|INE803H01014,,,,,,,,,,,,,,,,,,,,,,,,,"Groww HTTP 401: {""errorCode"":401,""errorMessage"":{""message"":""Please Login and Try Again""}}"
1777,GROWW_ERROR,RUCHINFRA,INE413B01023,RUCHI INFRASTRUCTURE LTD,NSE_EQ|INE413B01023,,,,,,,,,,,,,,,,,,,,,,,,,"Groww HTTP 401: {""errorCode"":401,""errorMessage"":{""message"":""Please Login and Try Again""}}"
1776,GROWW_ERROR,RUBYMILLS,INE301D01026,THE RUBY MILLS LTD,NSE_EQ|INE301D01026,,,,,,,,,,,,,,,,,,,,,,,,,"Groww HTTP 401: {""errorCode"":401,""errorMessage"":{""message"":""Please Login and Try Again""}}"
1775,GROWW_ERROR,RUBICON,INE506V01022,RUBICON RESEARCH LIMITED,NSE_EQ|INE506V01022,,,,,,,,,,,,,,,,,,,,,,,,,"Groww HTTP 401: {""errorCode"":401,""errorMessage"":{""message"":""Please Login and Try Again""}}"
1774,GROWW_ERROR,RUBFILA,INE642C01025,RUBFILA INTERNATIONAL LTD,NSE_EQ|INE642C01025,,,,,,,,,,,,,,,,,,,,,,,,,"Groww HTTP 401: {""errorCode"":401,""errorMessage"":{""message"":""Please Login and Try Again""}}"
1773,GROWW_ERROR,RTNPOWER,INE399K01017,RATTANINDIA POWER LIMITED,NSE_EQ|INE399K01017,,,,,,,,,,,,,,,,,,,,,,,,,"Groww HTTP 401: {""errorCode"":401,""errorMessage"":{""message"":""Please Login and Try Again""}}"
1772,GROWW_ERROR,RTNINDIA,INE834M01019,RATTANINDIA ENT LIMITED,NSE_EQ|INE834M01019,,,,,,,,,,,,,,,,,,,,,,,,,"Groww HTTP 401: {""errorCode"":401,""errorMessage"":{""message"":""Please Login and Try Again""}}"
1771,GROWW_ERROR,RSYSTEMS,INE411H01032,R SYS INTERNATIONAL LTD,NSE_EQ|INE411H01032,,,,,,,,,,,,,,,,,,,,,,,,,"Groww HTTP 401: {""errorCode"":401,""errorMessage"":{""message"":""Please Login and Try Again""}}"
1770,GROWW_ERROR,RSWM,INE611A01016,RSWM LIMITED,NSE_EQ|INE611A01016,,,,,,,,,,,,,,,,,,,,,,,,,"Groww HTTP 401: {""errorCode"":401,""errorMessage"":{""message"":""Please Login and Try Again""}}"
1769,GROWW_ERROR,RSSOFTWARE,INE165B01029,R. S. SOFTWARE (INDIA) LI,NSE_EQ|INE165B01029,,,,,,,,,,,,,,,,,,,,,,,,,"Groww HTTP 401: {""errorCode"":401,""errorMessage"":{""message"":""Please Login and Try Again""}}"
1768,GROWW_ERROR,RSL,INE313L01016,RAJPUTANA STAINLESS LTD,NSE_EQ|INE313L01016,,,,,,,,,,,,,,,,,,,,,,,,,"Groww HTTP 401: {""errorCode"":401,""errorMessage"":{""message"":""Please Login and Try Again""}}"
1767,GROWW_ERROR,RSDFIN,INE616F01022,R S D FINANCE LTD.,NSE_EQ|INE616F01022,,,,,,,,,,,,,,,,,,,,,,,,,"Groww HTTP 401: {""errorCode"":401,""errorMessage"":{""message"":""Please Login and Try Again""}}"
1766,GROWW_ERROR,RRKABEL,INE777K01022,R R KABEL LIMITED,NSE_EQ|INE777K01022,,,,,,,,,,,,,,,,,,,,,,,,,"Groww HTTP 401: {""errorCode"":401,""errorMessage"":{""message"":""Please Login and Try Again""}}"
1765,GROWW_ERROR,RRIL,INE951M01037,R R I L LTD.,NSE_EQ|INE951M01037,,,,,,,,,,,,,,,,,,,,,,,,,"Groww HTTP 401: {""errorCode"":401,""errorMessage"":{""message"":""Please Login and Try Again""}}"
1764,GROWW_ERROR,RPTECH,INE0J1F01024,RASHI PERIPHERALS LIMITED,NSE_EQ|INE0J1F01024,,,,,,,,,,,,,,,,,,,,,,,,,"Groww HTTP 401: {""errorCode"":401,""errorMessage"":{""message"":""Please Login and Try Again""}}"
1763,GROWW_ERROR,RPSGVENT,INE425Y01011,RPSG VENTURES LIMITED,NSE_EQ|INE425Y01011,,,,,,,,,,,,,,,,,,,,,,,,,"Groww HTTP 401: {""errorCode"":401,""errorMessage"":{""message"":""Please Login and Try Again""}}"
1762,GROWW_ERROR,RPPL,INE760W01023,RAJSHREE POLYPACK LTD,NSE_EQ|INE760W01023,,,,,,,,,,,,,,,,,,,,,,,,,"Groww HTTP 401: {""errorCode"":401,""errorMessage"":{""message"":""Please Login and Try Again""}}"
1761,GROWW_ERROR,RPPINFRA,INE324L01013,R.P.P INFRA PROJECTS LTD,NSE_EQ|INE324L01013,,,,,,,,,,,,,,,,,,,,,,,,,"Groww HTTP 401: {""errorCode"":401,""errorMessage"":{""message"":""Please Login and Try Again""}}"
1760,GROWW_ERROR,RPOWER,INE614G01033,RELIANCE POWER LTD.,NSE_EQ|INE614G01033,,,,,,,,,,,,,,,,,,,,,,,,,"Groww HTTP 401: {""errorCode"":401,""errorMessage"":{""message"":""Please Login and Try Again""}}"
1759,GROWW_ERROR,RPGLIFE,INE105J01010,RPG LIFE SCIENCES LTD,NSE_EQ|INE105J01010,,,,,,,,,,,,,,,,,,,,,,,,,"Groww HTTP 401: {""errorCode"":401,""errorMessage"":{""message"":""Please Login and Try Again""}}"
1758,GROWW_ERROR,RPEL,INE912T01018,RAGHAV PRODUCTIVITY ENH L,NSE_EQ|INE912T01018,,,,,,,,,,,,,,,,,,,,,,,,,"Groww HTTP 401: {""errorCode"":401,""errorMessage"":{""message"":""Please Login and Try Again""}}"
1757,GROWW_ERROR,ROUTE,INE450U01017,ROUTE MOBILE LIMITED,NSE_EQ|INE450U01017,,,,,,,,,,,,,,,,,,,,,,,,,"Groww HTTP 401: {""errorCode"":401,""errorMessage"":{""message"":""Please Login and Try Again""}}"
1756,GROWW_ERROR,ROTO,INE535D01037,ROTO PUMPS LIMITED,NSE_EQ|INE535D01037,,,,,,,,,,,,,,,,,,,,,,,,,"Groww HTTP 401: {""errorCode"":401,""errorMessage"":{""message"":""Please Login and Try Again""}}"
1755,GROWW_ERROR,ROSSTECH,INE0OJW01016,ROSSELL TECHSYS LIMITED,NSE_EQ|INE0OJW01016,,,,,,,,,,,,,,,,,,,,,,,,,"Groww HTTP 401: {""errorCode"":401,""errorMessage"":{""message"":""Please Login and Try Again""}}"
1754,GROWW_ERROR,ROSSELLIND,INE847C01020,ROSSELL INDIA LIMITED,NSE_EQ|INE847C01020,,,,,,,,,,,,,,,,,,,,,,,,,"Groww HTTP 401: {""errorCode"":401,""errorMessage"":{""message"":""Please Login and Try Again""}}"
1753,GROWW_ERROR,ROSSARI,INE02A801020,ROSSARI BIOTECH LIMITED,NSE_EQ|INE02A801020,,,,,,,,,,,,,,,,,,,,,,,,,"Groww HTTP 401: {""errorCode"":401,""errorMessage"":{""message"":""Please Login and Try Again""}}"
1752,GROWW_ERROR,ROML,INE294G01026,RAJ OIL MILLS LIMITED,NSE_EQ|INE294G01026,,,,,,,,,,,,,,,,,,,,,,,,,"Groww HTTP 401: {""errorCode"":401,""errorMessage"":{""message"":""Please Login and Try Again""}}"
1751,GROWW_ERROR,ROLLT,INE927A01040,ROLLATAINERS LIMITED,NSE_EQ|INE927A01040,,,,,,,,,,,,,,,,,,,,,,,,,"Groww HTTP 401: {""errorCode"":401,""errorMessage"":{""message"":""Please Login and Try Again""}}"
1750,GROWW_ERROR,ROLEXRINGS,INE645S01024,ROLEX RINGS LIMITED,NSE_EQ|INE645S01024,,,,,,,,,,,,,,,,,,,,,,,,,"Groww HTTP 401: {""errorCode"":401,""errorMessage"":{""message"":""Please Login and Try Again""}}"
1749,GROWW_ERROR,ROHLTD,INE283H01019,ROYAL ORCHID HOTELS LTD,NSE_EQ|INE283H01019,,,,,,,,,,,,,,,,,,,,,,,,,"Groww HTTP 401: {""errorCode"":401,""errorMessage"":{""message"":""Please Login and Try Again""}}"
1748,GROWW_ERROR,RNBDENIMS,INE012Q01039,R&B DENIMS LIMITED,NSE_EQ|INE012Q01039,,,,,,,,,,,,,,,,,,,,,,,,,"Groww HTTP 401: {""errorCode"":401,""errorMessage"":{""message"":""Please Login and Try Again""}}"
1747,GROWW_ERROR,RML,INE050H01012,RANE (MADRAS) LIMITED,NSE_EQ|INE050H01012,,,,,,,,,,,,,,,,,,,,,,,,,"Groww HTTP 401: {""errorCode"":401,""errorMessage"":{""message"":""Please Login and Try Again""}}"
1746,GROWW_ERROR,RMDRIP,INE219Y01026,R M DRIP & SPRINK SYS LTD,NSE_EQ|INE219Y01026,,,,,,,,,,,,,,,,,,,,,,,,,"Groww HTTP 401: {""errorCode"":401,""errorMessage"":{""message"":""Please Login and Try Again""}}"
1745,GROWW_ERROR,RMC,INE655V01019,RMC SWITCHGEARS LIMITED,NSE_EQ|INE655V01019,,,,,,,,,,,,,,,,,,,,,,,,,"Groww HTTP 401: {""errorCode"":401,""errorMessage"":{""message"":""Please Login and Try Again""}}"
1744,GROWW_ERROR,RKSWAMY,INE0NQ801033,R K SWAMY LIMITED,NSE_EQ|INE0NQ801033,,,,,,,,,,,,,,,,,,,,,,,,,"Groww HTTP 401: {""errorCode"":401,""errorMessage"":{""message"":""Please Login and Try Again""}}"
1743,GROWW_ERROR,RKFORGE,INE399G01023,RAMKRISHNA FORGINGS LTD,NSE_EQ|INE399G01023,,,,,,,,,,,,,,,,,,,,,,,,,"Groww HTTP 401: {""errorCode"":401,""errorMessage"":{""message"":""Please Login and Try Again""}}"
1742,GROWW_ERROR,RKEC,INE786W01010,RKEC PROJECTS LIMITED,NSE_EQ|INE786W01010,,,,,,,,,,,,,,,,,,,,,,,,,"Groww HTTP 401: {""errorCode"":401,""errorMessage"":{""message"":""Please Login and Try Again""}}"
1741,GROWW_ERROR,RKDL,INE722J01012,RAVI KUMAR DIST. LTD.,NSE_EQ|INE722J01012,,,,,,,,,,,,,,,,,,,,,,,,,"Groww HTTP 401: {""errorCode"":401,""errorMessage"":{""message"":""Please Login and Try Again""}}"
1740,GROWW_ERROR,RITES,INE320J01015,RITES LIMITED,NSE_EQ|INE320J01015,,,,,,,,,,,,,,,,,,,,,,,,,"Groww HTTP 401: {""errorCode"":401,""errorMessage"":{""message"":""Please Login and Try Again""}}"
1739,GROWW_ERROR,RITCO,INE01EG01016,RITCO LOGISTICS LIMITED,NSE_EQ|INE01EG01016,,,,,,,,,,,,,,,,,,,,,,,,,"Groww HTTP 401: {""errorCode"":401,""errorMessage"":{""message"":""Please Login and Try Again""}}"
1738,GROWW_ERROR,RISHABH,INE0N2P01017,RISHABH INSTRUMENTS LTD,NSE_EQ|INE0N2P01017,,,,,,,,,,,,,,,,,,,,,,,,,"Groww HTTP 401: {""errorCode"":401,""errorMessage"":{""message"":""Please Login and Try Again""}}"
1737,GROWW_ERROR,RIIL,INE046A01015,RELIANCE INDUSTRIAL INFRA,NSE_EQ|INE046A01015,,,,,,,,,,,,,,,,,,,,,,,,,"Groww HTTP 401: {""errorCode"":401,""errorMessage"":{""message"":""Please Login and Try Again""}}"
1736,GROWW_ERROR,RICOAUTO,INE209B01025,RICO AUTO INDUSTRIES LTD,NSE_EQ|INE209B01025,,,,,,,,,,,,,,,,,,,,,,,,,"Groww HTTP 401: {""errorCode"":401,""errorMessage"":{""message"":""Please Login and Try Again""}}"
1735,GROWW_ERROR,RHL,INE508K01013,ROBUST HOTELS LIMITED,NSE_EQ|INE508K01013,,,,,,,,,,,,,,,,,,,,,,,,,"Groww HTTP 401: {""errorCode"":401,""errorMessage"":{""message"":""Please Login and Try Again""}}"
1734,GROWW_ERROR,RHIM,INE743M01012,RHI MAGNESITA INDIA LTD,NSE_EQ|INE743M01012,,,,,,,,,,,,,,,,,,,,,,,,,"Groww HTTP 401: {""errorCode"":401,""errorMessage"":{""message"":""Please Login and Try Again""}}"
1733,GROWW_ERROR,RHFL,INE217K01011,RELIANCE HOME FINANCE LTD,NSE_EQ|INE217K01011,,,,,,,,,,,,,,,,,,,,,,,,,"Groww HTTP 401: {""errorCode"":401,""errorMessage"":{""message"":""Please Login and Try Again""}}"
1732,GROWW_ERROR,RHETAN,INE0KKN01029,RHETAN TMT LIMITED,NSE_EQ|INE0KKN01029,,,,,,,,,,,,,,,,,,,,,,,,,"Groww HTTP 401: {""errorCode"":401,""errorMessage"":{""message"":""Please Login and Try Again""}}"
1731,GROWW_ERROR,RGL,INE722H01024,RENAISSANCE GLOBAL LTD,NSE_EQ|INE722H01024,,,,,,,,,,,,,,,,,,,,,,,,,"Groww HTTP 401: {""errorCode"":401,""errorMessage"":{""message"":""Please Login and Try Again""}}"
1730,GROWW_ERROR,RETAIL,INE03DD01011,JHS SVENDGAARD RETAIL V L,NSE_EQ|INE03DD01011,,,,,,,,,,,,,,,,,,,,,,,,,"Groww HTTP 401: {""errorCode"":401,""errorMessage"":{""message"":""Please Login and Try Again""}}"
1729,GROWW_ERROR,RESPONIND,INE688D01026,RESPONSIVE INDUSTRIES LTD,NSE_EQ|INE688D01026,,,,,,,,,,,,,,,,,,,,,,,,,"Groww HTTP 401: {""errorCode"":401,""errorMessage"":{""message"":""Please Login and Try Again""}}"
1728,GROWW_ERROR,REPRO,INE461B01014,REPRO INDIA LIMITED,NSE_EQ|INE461B01014,,,,,,,,,,,,,,,,,,,,,,,,,"Groww HTTP 401: {""errorCode"":401,""errorMessage"":{""message"":""Please Login and Try Again""}}"
1727,GROWW_ERROR,REPL,INE364Z01019,RUDRABHISHEK ENTERP LTD,NSE_EQ|INE364Z01019,,,,,,,,,,,,,,,,,,,,,,,,,"Groww HTTP 401: {""errorCode"":401,""errorMessage"":{""message"":""Please Login and Try Again""}}"
1726,GROWW_ERROR,REPCOHOME,INE612J01015,REPCO HOME FINANCE LTD,NSE_EQ|INE612J01015,,,,,,,,,,,,,,,,,,,,,,,,,"Groww HTTP 401: {""errorCode"":401,""errorMessage"":{""message"":""Please Login and Try Again""}}"
1725,GROWW_ERROR,RENUKA,INE087H01022,SHREE RENUKA SUGARS LTD,NSE_EQ|INE087H01022,,,,,,,,,,,,,,,,,,,,,,,,,"Groww HTTP 401: {""errorCode"":401,""errorMessage"":{""message"":""Please Login and Try Again""}}"
1724,GROWW_ERROR,REMSONSIND,INE474C01023,REMSONS INDUSTRIES LTD,NSE_EQ|INE474C01023,,,,,,,,,,,,,,,,,,,,,,,,,"Groww HTTP 401: {""errorCode"":401,""errorMessage"":{""message"":""Please Login and Try Again""}}"
1723,GROWW_ERROR,RELTD,INE206N01018,RAVINDRA ENERGY LIMITED,NSE_EQ|INE206N01018,,,,,,,,,,,,,,,,,,,,,,,,,"Groww HTTP 401: {""errorCode"":401,""errorMessage"":{""message"":""Please Login and Try Again""}}"
1722,GROWW_ERROR,RELIGARE,INE621H01010,RELIGARE ENTER. LTD.,NSE_EQ|INE621H01010,,,,,,,,,,,,,,,,,,,,,,,,,"Groww HTTP 401: {""errorCode"":401,""errorMessage"":{""message"":""Please Login and Try Again""}}"
1721,GROWW_ERROR,RELIABLE,INE375Y01018,RELIABLE DATA SERVICE LTD,NSE_EQ|INE375Y01018,,,,,,,,,,,,,,,,,,,,,,,,,"Groww HTTP 401: {""errorCode"":401,""errorMessage"":{""message"":""Please Login and Try Again""}}"
1720,GROWW_ERROR,RELCHEMQ,INE750D01016,RELIANCE CHEMOTEX IND LTD,NSE_EQ|INE750D01016,,,,,,,,,,,,,,,,,,,,,,,,,"Groww HTTP 401: {""errorCode"":401,""errorMessage"":{""message"":""Please Login and Try Again""}}"
1719,GROWW_ERROR,RELAXO,INE131B01039,RELAXO FOOT LTD.,NSE_EQ|INE131B01039,,,,,,,,,,,,,,,,,,,,,,,,,"Groww HTTP 401: {""errorCode"":401,""errorMessage"":{""message"":""Please Login and Try Again""}}"
1718,GROWW_ERROR,REGENCERAM,INE277C01012,REGENCY CERAMICS LTD.,NSE_EQ|INE277C01012,,,,,,,,,,,,,,,,,,,,,,,,,"Groww HTTP 401: {""errorCode"":401,""errorMessage"":{""message"":""Please Login and Try Again""}}"
1717,GROWW_ERROR,REGAAL,INE0MHO01029,REGAAL RESOURCES LIMITED,NSE_EQ|INE0MHO01029,,,,,,,,,,,,,,,,,,,,,,,,,"Groww HTTP 401: {""errorCode"":401,""errorMessage"":{""message"":""Please Login and Try Again""}}"
1716,GROWW_ERROR,REFEX,INE056I01025,REFEX INDUSTRIES LIMITED,NSE_EQ|INE056I01025,,,,,,,,,,,,,,,,,,,,,,,,,"Groww HTTP 401: {""errorCode"":401,""errorMessage"":{""message"":""Please Login and Try Again""}}"
1715,GROWW_ERROR,REDTAPE,INE0LXT01019,REDTAPE LIMITED,NSE_EQ|INE0LXT01019,,,,,,,,,,,,,,,,,,,,,,,,,"Groww HTTP 401: {""errorCode"":401,""errorMessage"":{""message"":""Please Login and Try Again""}}"
1714,GROWW_ERROR,REDINGTON,INE891D01026,REDINGTON LIMITED,NSE_EQ|INE891D01026,,,,,,,,,,,,,,,,,,,,,,,,,"Groww HTTP 401: {""errorCode"":401,""errorMessage"":{""message"":""Please Login and Try Again""}}"
1713,GROWW_ERROR,RECLTD,INE020B01018,REC LIMITED,NSE_EQ|INE020B01018,,,,,,,,,,,,,,,,,,,,,,,,,"Groww HTTP 401: {""errorCode"":401,""errorMessage"":{""message"":""Please Login and Try Again""}}"
1712,GROWW_ERROR,RCOM,INE330H01018,RELIANCE COMMUNICATIONS L,NSE_EQ|INE330H01018,,,,,,,,,,,,,,,,,,,,,,,,,"Groww HTTP 401: {""errorCode"":401,""errorMessage"":{""message"":""Please Login and Try Again""}}"
1711,GROWW_ERROR,RCF,INE027A01015,RASHTRIYA CHEMICALS & FER,NSE_EQ|INE027A01015,,,,,,,,,,,,,,,,,,,,,,,,,"Groww HTTP 401: {""errorCode"":401,""errorMessage"":{""message"":""Please Login and Try Again""}}"
1710,GROWW_ERROR,RBZJEWEL,INE0PEQ01016,RBZ JEWELLERS LIMITED,NSE_EQ|INE0PEQ01016,,,,,,,,,,,,,,,,,,,,,,,,,"Groww HTTP 401: {""errorCode"":401,""errorMessage"":{""message"":""Please Login and Try Again""}}"
1709,GROWW_ERROR,RBLBANK,INE976G01028,RBL BANK LIMITED,NSE_EQ|INE976G01028,,,,,,,,,,,,,,,,,,,,,,,,,"Groww HTTP 401: {""errorCode"":401,""errorMessage"":{""message"":""Please Login and Try Again""}}"
1708,GROWW_ERROR,RBA,INE07T201019,RESTAURANT BRAND ASIA LTD,NSE_EQ|INE07T201019,,,,,,,,,,,,,,,,,,,,,,,,,"Groww HTTP 401: {""errorCode"":401,""errorMessage"":{""message"":""Please Login and Try Again""}}"
1707,GROWW_ERROR,RAYMONDREL,INE1SY401010,RAYMOND REALTY LIMITED,NSE_EQ|INE1SY401010,,,,,,,,,,,,,,,,,,,,,,,,,"Groww HTTP 401: {""errorCode"":401,""errorMessage"":{""message"":""Please Login and Try Again""}}"
1706,GROWW_ERROR,RAYMONDLSL,INE02ID01020,RAYMOND LIFESTYLE LIMITED,NSE_EQ|INE02ID01020,,,,,,,,,,,,,,,,,,,,,,,,,"Groww HTTP 401: {""errorCode"":401,""errorMessage"":{""message"":""Please Login and Try Again""}}"
1705,GROWW_ERROR,RAYMOND,INE301A01014,RAYMOND LTD,NSE_EQ|INE301A01014,,,,,,,,,,,,,,,,,,,,,,,,,"Groww HTTP 401: {""errorCode"":401,""errorMessage"":{""message"":""Please Login and Try Again""}}"
1704,GROWW_ERROR,RATNAVEER,INE05CZ01011,RATNAVEER PRECISION ENG L,NSE_EQ|INE05CZ01011,,,,,,,,,,,,,,,,,,,,,,,,,"Groww HTTP 401: {""errorCode"":401,""errorMessage"":{""message"":""Please Login and Try Again""}}"
1703,GROWW_ERROR,RATNAMANI,INE703B01027,RATNAMANI MET & TUB LTD.,NSE_EQ|INE703B01027,,,,,,,,,,,,,,,,,,,,,,,,,"Groww HTTP 401: {""errorCode"":401,""errorMessage"":{""message"":""Please Login and Try Again""}}"
1702,GROWW_ERROR,RATEGAIN,INE0CLI01024,RATEGAIN TRAVEL TECHN LTD,NSE_EQ|INE0CLI01024,,,,,,,,,,,,,,,,,,,,,,,,,"Groww HTTP 401: {""errorCode"":401,""errorMessage"":{""message"":""Please Login and Try Again""}}"
1701,GROWW_ERROR,RANEHOLDIN,INE384A01010,RANE HOLDINGS LIMITED,NSE_EQ|INE384A01010,,,,,,,,,,,,,,,,,,,,,,,,,"Groww HTTP 401: {""errorCode"":401,""errorMessage"":{""message"":""Please Login and Try Again""}}"
1700,GROWW_ERROR,RANASUG,INE625B01014,RANA SUGARS LTD.,NSE_EQ|INE625B01014,,,,,,,,,,,,,,,,,,,,,,,,,"Groww HTTP 401: {""errorCode"":401,""errorMessage"":{""message"":""Please Login and Try Again""}}"
1699,GROWW_ERROR,RAMRAT,INE207E01023,RAM RATNA WIRES LIMITED,NSE_EQ|INE207E01023,,,,,,,,,,,,,,,,,,,,,,,,,"Groww HTTP 401: {""errorCode"":401,""errorMessage"":{""message"":""Please Login and Try Again""}}"
1698,GROWW_ERROR,RAMKY,INE874I01013,RAMKY INFRA LTD,NSE_EQ|INE874I01013,,,,,,,,,,,,,,,,,,,,,,,,,"Groww HTTP 401: {""errorCode"":401,""errorMessage"":{""message"":""Please Login and Try Again""}}"
1697,GROWW_ERROR,RAMCOSYS,INE246B01019,RAMCO SYSTEMS LTD.,NSE_EQ|INE246B01019,,,,,,,,,,,,,,,,,,,,,,,,,"Groww HTTP 401: {""errorCode"":401,""errorMessage"":{""message"":""Please Login and Try Again""}}"
1696,GROWW_ERROR,RAMCOIND,INE614A01028,RAMCO INDUSTRIES LIMITED,NSE_EQ|INE614A01028,,,,,,,,,,,,,,,,,,,,,,,,,"Groww HTTP 401: {""errorCode"":401,""errorMessage"":{""message"":""Please Login and Try Again""}}"
1695,GROWW_ERROR,RAMCOCEM,INE331A01037,THE RAMCO CEMENTS LIMITED,NSE_EQ|INE331A01037,,,,,,,,,,,,,,,,,,,,,,,,,"Groww HTTP 401: {""errorCode"":401,""errorMessage"":{""message"":""Please Login and Try Again""}}"
1694,GROWW_ERROR,RAMASTEEL,INE230R01035,RAMA STEEL TUBES LIMITED,NSE_EQ|INE230R01035,,,,,,,,,,,,,,,,,,,,,,,,,"Groww HTTP 401: {""errorCode"":401,""errorMessage"":{""message"":""Please Login and Try Again""}}"
1693,GROWW_ERROR,RAMAPHO,INE809A01032,RAMA PHOSPHATES LIMITED,NSE_EQ|INE809A01032,,,,,,,,,,,,,,,,,,,,,,,,,"Groww HTTP 401: {""errorCode"":401,""errorMessage"":{""message"":""Please Login and Try Again""}}"
1692,GROWW_ERROR,RAMANEWS,INE278B01020,SHREE RAMA NEWSPRINT LTD,NSE_EQ|INE278B01020,,,,,,,,,,,,,,,,,,,,,,,,,"Groww HTTP 401: {""errorCode"":401,""errorMessage"":{""message"":""Please Login and Try Again""}}"
1691,GROWW_ERROR,RALLIS,INE613A01020,RALLIS INDIA LTD,NSE_EQ|INE613A01020,,,,,,,,,,,,,,,,,,,,,,,,,"Groww HTTP 401: {""errorCode"":401,""errorMessage"":{""message"":""Please Login and Try Again""}}"
1690,GROWW_ERROR,RAJTV,INE952H01027,RAJ TV NETWORK LTD,NSE_EQ|INE952H01027,,,,,,,,,,,,,,,,,,,,,,,,,"Groww HTTP 401: {""errorCode"":401,""errorMessage"":{""message"":""Please Login and Try Again""}}"
1689,GROWW_ERROR,RAJSREESUG,INE562B01019,RAJSHREE SUGAR & CHEMICAL,NSE_EQ|INE562B01019,,,,,,,,,,,,,,,,,,,,,,,,,"Groww HTTP 401: {""errorCode"":401,""errorMessage"":{""message"":""Please Login and Try Again""}}"
1688,GROWW_ERROR,RAJRILTD,INE533D01032,RAJ RAYON INDUSTRIES LTD,NSE_EQ|INE533D01032,,,,,,,,,,,,,,,,,,,,,,,,,"Groww HTTP 401: {""errorCode"":401,""errorMessage"":{""message"":""Please Login and Try Again""}}"
1687,GROWW_ERROR,RAJRATAN,INE451D01029,RAJRATAN GLOBAL WIRE LTD,NSE_EQ|INE451D01029,,,,,,,,,,,,,,,,,,,,,,,,,"Groww HTTP 401: {""errorCode"":401,""errorMessage"":{""message"":""Please Login and Try Again""}}"
1686,GROWW_ERROR,RAJPALAYAM,INE296E01026,RAJAPALAYAM MILLS LTD.,NSE_EQ|INE296E01026,,,,,,,,,,,,,,,,,,,,,,,,,"Groww HTTP 401: {""errorCode"":401,""errorMessage"":{""message"":""Please Login and Try Again""}}"
1685,GROWW_ERROR,RAJOOENG,INE535F01024,RAJOO ENGINEERS LIMITED,NSE_EQ|INE535F01024,,,,,,,,,,,,,,,,,,,,,,,,,"Groww HTTP 401: {""errorCode"":401,""errorMessage"":{""message"":""Please Login and Try Again""}}"
1684,GROWW_ERROR,RAJMET,INE00KV01022,RAJNANDINI METAL LIMITED,NSE_EQ|INE00KV01022,,,,,,,,,,,,,,,,,,,,,,,,,"Groww HTTP 401: {""errorCode"":401,""errorMessage"":{""message"":""Please Login and Try Again""}}"
1683,GROWW_ERROR,RAJESHEXPO,INE343B01030,RAJESH EXPORTS LTD,NSE_EQ|INE343B01030,,,,,,,,,,,,,,,,,,,,,,,,,"Groww HTTP 401: {""errorCode"":401,""errorMessage"":{""message"":""Please Login and Try Again""}}"
1682,GROWW_ERROR,RAINBOW,INE961O01016,RAINBOW CHILDRENS MED LTD,NSE_EQ|INE961O01016,,,,,,,,,,,,,,,,,,,,,,,,,"Groww HTTP 401: {""errorCode"":401,""errorMessage"":{""message"":""Please Login and Try Again""}}"
1681,GROWW_ERROR,RAIN,INE855B01025,RAIN INDUSTRIES LIMITED,NSE_EQ|INE855B01025,,,,,,,,,,,,,,,,,,,,,,,,,"Groww HTTP 401: {""errorCode"":401,""errorMessage"":{""message"":""Please Login and Try Again""}}"
1680,GROWW_ERROR,RAILTEL,INE0DD101019,RAILTEL CORP OF IND LTD,NSE_EQ|INE0DD101019,,,,,,,,,,,,,,,,,,,,,,,,,"Groww HTTP 401: {""errorCode"":401,""errorMessage"":{""message"":""Please Login and Try Again""}}"
1679,GROWW_ERROR,RADIOCITY,INE919I01024,MUSIC BROADCAST LIMITED,NSE_EQ|INE919I01024,,,,,,,,,,,,,,,,,,,,,,,,,"Groww HTTP 401: {""errorCode"":401,""errorMessage"":{""message"":""Please Login and Try Again""}}"
1678,GROWW_ERROR,RADICO,INE944F01028,RADICO KHAITAN LTD,NSE_EQ|INE944F01028,,,,,,,,,,,,,,,,,,,,,,,,,"Groww HTTP 401: {""errorCode"":401,""errorMessage"":{""message"":""Please Login and Try Again""}}"
1677,GROWW_ERROR,RADIANTCMS,INE855R01021,RADIANT CASH MGMT SER LTD,NSE_EQ|INE855R01021,,,,,,,,,,,,,,,,,,,,,,,,,"Groww HTTP 401: {""errorCode"":401,""errorMessage"":{""message"":""Please Login and Try Again""}}"
1676,GROWW_ERROR,RADHIKAJWE,INE583V01021,RADHIKA JEWELTECH LIMITED,NSE_EQ|INE583V01021,,,,,,,,,,,,,,,,,,,,,,,,,"Groww HTTP 401: {""errorCode"":401,""errorMessage"":{""message"":""Please Login and Try Again""}}"
1675,GROWW_ERROR,RADAAN,INE874F01027,RADAAN MEDIAWORKS (I) LTD,NSE_EQ|INE874F01027,,,,,,,,,,,,,,,,,,,,,,,,,"Groww HTTP 401: {""errorCode"":401,""errorMessage"":{""message"":""Please Login and Try Again""}}"
1674,GROWW_ERROR,RACLGEAR,INE704B01017,RACL GEARTECH LIMITED,NSE_EQ|INE704B01017,,,,,,,,,,,,,,,,,,,,,,,,,"Groww HTTP 401: {""errorCode"":401,""errorMessage"":{""message"":""Please Login and Try Again""}}"
1673,GROWW_ERROR,RACE,INE084Q01012,RACE ECO CHAIN LIMITED,NSE_EQ|INE084Q01012,,,,,,,,,,,,,,,,,,,,,,,,,"Groww HTTP 401: {""errorCode"":401,""errorMessage"":{""message"":""Please Login and Try Again""}}"
1672,GROWW_ERROR,QUINT,INE641R01017,QUINT DIGITAL LTD.,NSE_EQ|INE641R01017,,,,,,,,,,,,,,,,,,,,,,,,,"Groww HTTP 401: {""errorCode"":401,""errorMessage"":{""message"":""Please Login and Try Again""}}"
1671,GROWW_ERROR,QUICKHEAL,INE306L01010,QUICK HEAL TECH LTD,NSE_EQ|INE306L01010,,,,,,,,,,,,,,,,,,,,,,,,,"Groww HTTP 401: {""errorCode"":401,""errorMessage"":{""message"":""Please Login and Try Again""}}"
1670,GROWW_ERROR,QUESS,INE615P01015,QUESS CORP LIMITED,NSE_EQ|INE615P01015,,,,,,,,,,,,,,,,,,,,,,,,,"Groww HTTP 401: {""errorCode"":401,""errorMessage"":{""message"":""Please Login and Try Again""}}"
1669,GROWW_ERROR,QUADFUTURE,INE0LRY01011,QUADRANT FUTURE TEK LTD,NSE_EQ|INE0LRY01011,,,,,,,,,,,,,,,,,,,,,,,,,"Groww HTTP 401: {""errorCode"":401,""errorMessage"":{""message"":""Please Login and Try Again""}}"
1668,GROWW_ERROR,QPOWER,INE0SII01026,QUALITY POWER ELEC EQUP L,NSE_EQ|INE0SII01026,,,,,,,,,,,,,,,,,,,,,,,,,"Groww HTTP 401: {""errorCode"":401,""errorMessage"":{""message"":""Please Login and Try Again""}}"
1667,GROWW_ERROR,QMSMEDI,INE0FMW01018,QMS MEDICAL ALLIED S LTD,NSE_EQ|INE0FMW01018,,,,,,,,,,,,,,,,,,,,,,,,,"Groww HTTP 401: {""errorCode"":401,""errorMessage"":{""message"":""Please Login and Try Again""}}"
1666,GROWW_ERROR,PYRAMID,INE0MIS01010,PYRAMID TECHNOPLAST LTD,NSE_EQ|INE0MIS01010,,,,,,,,,,,,,,,,,,,,,,,,,"Groww HTTP 401: {""errorCode"":401,""errorMessage"":{""message"":""Please Login and Try Again""}}"
1665,GROWW_ERROR,PWL,INE0LP301011,PHYSICSWALLAH LIMITED,NSE_EQ|INE0LP301011,,,,,,,,,,,,,,,,,,,,,,,,,"Groww HTTP 401: {""errorCode"":401,""errorMessage"":{""message"":""Please Login and Try Again""}}"
1664,GROWW_ERROR,PVSL,INE772T01024,POPULAR VEHICLES N SER L,NSE_EQ|INE772T01024,,,,,,,,,,,,,,,,,,,,,,,,,"Groww HTTP 401: {""errorCode"":401,""errorMessage"":{""message"":""Please Login and Try Again""}}"
1663,GROWW_ERROR,PVRINOX,INE191H01014,PVR INOX LIMITED,NSE_EQ|INE191H01014,,,,,,,,,,,,,,,,,,,,,,,,,"Groww HTTP 401: {""errorCode"":401,""errorMessage"":{""message"":""Please Login and Try Again""}}"
1662,GROWW_ERROR,PVP,INE362A01016,PVP VENTURES LIMITED,NSE_EQ|INE362A01016,,,,,,,,,,,,,,,,,,,,,,,,,"Groww HTTP 401: {""errorCode"":401,""errorMessage"":{""message"":""Please Login and Try Again""}}"
1661,GROWW_ERROR,PURVA,INE323I01011,PURAVANKARA LIMITED,NSE_EQ|INE323I01011,,,,,,,,,,,,,,,,,,,,,,,,,"Groww HTTP 401: {""errorCode"":401,""errorMessage"":{""message"":""Please Login and Try Again""}}"
1660,GROWW_ERROR,PUNJABCHEM,INE277B01014,PUNJAB CHEM & CROP PROT L,NSE_EQ|INE277B01014,,,,,,,,,,,,,,,,,,,,,,,,,"Groww HTTP 401: {""errorCode"":401,""errorMessage"":{""message"":""Please Login and Try Again""}}"
1659,GROWW_ERROR,PTL,INE034D01049,PTL ENTERPRISES LTD,NSE_EQ|INE034D01049,,,,,,,,,,,,,,,,,,,,,,,,,"Groww HTTP 401: {""errorCode"":401,""errorMessage"":{""message"":""Please Login and Try Again""}}"
1658,GROWW_ERROR,PTCIL,INE596F01018,PTC INDUSTRIES LIMITED,NSE_EQ|INE596F01018,,,,,,,,,,,,,,,,,,,,,,,,,"Groww HTTP 401: {""errorCode"":401,""errorMessage"":{""message"":""Please Login and Try Again""}}"
1657,GROWW_ERROR,PTC,INE877F01012,PTC INDIA LIMITED,NSE_EQ|INE877F01012,,,,,,,,,,,,,,,,,,,,,,,,,"Groww HTTP 401: {""errorCode"":401,""errorMessage"":{""message"":""Please Login and Try Again""}}"
1656,GROWW_ERROR,PSPPROJECT,INE488V01015,PSP PROJECTS LIMITED,NSE_EQ|INE488V01015,,,,,,,,,,,,,,,,,,,,,,,,,"Groww HTTP 401: {""errorCode"":401,""errorMessage"":{""message"":""Please Login and Try Again""}}"
1655,GROWW_ERROR,PSB,INE608A01012,PUNJAB & SIND BANK,NSE_EQ|INE608A01012,,,,,,,,,,,,,,,,,,,,,,,,,"Groww HTTP 401: {""errorCode"":401,""errorMessage"":{""message"":""Please Login and Try Again""}}"
1654,GROWW_ERROR,PRUDMOULI,INE024D01016,PRUDENTIAL SUGAR CORPORAT,NSE_EQ|INE024D01016,,,,,,,,,,,,,,,,,,,,,,,,,"Groww HTTP 401: {""errorCode"":401,""errorMessage"":{""message"":""Please Login and Try Again""}}"
1653,GROWW_ERROR,PRUDENT,INE00F201020,PRUDENT CORP ADV SER LTD,NSE_EQ|INE00F201020,,,,,,,,,,,,,,,,,,,,,,,,,"Groww HTTP 401: {""errorCode"":401,""errorMessage"":{""message"":""Please Login and Try Again""}}"
1652,GROWW_ERROR,PRSMJOHNSN,INE010A01011,PRISM JOHNSON LIMITED,NSE_EQ|INE010A01011,,,,,,,,,,,,,,,,,,,,,,,,,"Groww HTTP 401: {""errorCode"":401,""errorMessage"":{""message"":""Please Login and Try Again""}}"
1651,GROWW_ERROR,PROZONER,INE195N01013,PROZONE REALTY LIMITED,NSE_EQ|INE195N01013,,,,,,,,,,,,,,,,,,,,,,,,,"Groww HTTP 401: {""errorCode"":401,""errorMessage"":{""message"":""Please Login and Try Again""}}"
1650,GROWW_ERROR,PROTEAN,INE004A01022,PROTEAN EGOV TECHNO LTD,NSE_EQ|INE004A01022,,,,,,,,,,,,,,,,,,,,,,,,,"Groww HTTP 401: {""errorCode"":401,""errorMessage"":{""message"":""Please Login and Try Again""}}"
1649,GROWW_ERROR,PROSTARM,INE0BX301013,PROSTARM INFO SYSTEMS LTD,NSE_EQ|INE0BX301013,,,,,,,,,,,,,,,,,,,,,,,,,"Groww HTTP 401: {""errorCode"":401,""errorMessage"":{""message"":""Please Login and Try Again""}}"
1648,GROWW_ERROR,PRIVISCL,INE959A01019,PRIVI SPECIALITY CHE LTD,NSE_EQ|INE959A01019,,,,,,,,,,,,,,,,,,,,,,,,,"Groww HTTP 401: {""errorCode"":401,""errorMessage"":{""message"":""Please Login and Try Again""}}"
1647,GROWW_ERROR,PRITIKAUTO,INE583R01029,PRITIKA AUTO INDUS LTD,NSE_EQ|INE583R01029,,,,,,,,,,,,,,,,,,,,,,,,,"Groww HTTP 401: {""errorCode"":401,""errorMessage"":{""message"":""Please Login and Try Again""}}"
1646,GROWW_ERROR,PRITI,INE974Z01015,PRITI INTERNATIONAL LTD,NSE_EQ|INE974Z01015,,,,,,,,,,,,,,,,,,,,,,,,,"Groww HTTP 401: {""errorCode"":401,""errorMessage"":{""message"":""Please Login and Try Again""}}"
1645,GROWW_ERROR,PRINCEPIPE,INE689W01016,PRINCE PIPES FITTINGS LTD,NSE_EQ|INE689W01016,,,,,,,,,,,,,,,,,,,,,,,,,"Groww HTTP 401: {""errorCode"":401,""errorMessage"":{""message"":""Please Login and Try Again""}}"
1644,GROWW_ERROR,PRIMO,INE607A01022,PRIMO CHEMICALS LIMITED,NSE_EQ|INE607A01022,,,,,,,,,,,,,,,,,,,,,,,,,"Groww HTTP 401: {""errorCode"":401,""errorMessage"":{""message"":""Please Login and Try Again""}}"
1643,GROWW_ERROR,PRIMESECU,INE032B01021,PRIME SECURITIES LIMITED,NSE_EQ|INE032B01021,,,,,,,,,,,,,,,,,,,,,,,,,"Groww HTTP 401: {""errorCode"":401,""errorMessage"":{""message"":""Please Login and Try Again""}}"
1642,GROWW_ERROR,PRICOLLTD,INE726V01018,PRICOL LIMITED,NSE_EQ|INE726V01018,,,,,,,,,,,,,,,,,,,,,,,,,"Groww HTTP 401: {""errorCode"":401,""errorMessage"":{""message"":""Please Login and Try Again""}}"
1641,GROWW_ERROR,PRESTIGE,INE811K01011,PRESTIGE ESTATE LTD,NSE_EQ|INE811K01011,,,,,,,,,,,,,,,,,,,,,,,,,"Groww HTTP 401: {""errorCode"":401,""errorMessage"":{""message"":""Please Login and Try Again""}}"
1640,GROWW_ERROR,PREMIERPOL,INE309M01020,PREMIER POLYFILMS LTD,NSE_EQ|INE309M01020,,,,,,,,,,,,,,,,,,,,,,,,,"Groww HTTP 401: {""errorCode"":401,""errorMessage"":{""message"":""Please Login and Try Again""}}"
1639,GROWW_ERROR,PREMIERENE,INE0BS701011,PREMIER ENERGIES LIMITED,NSE_EQ|INE0BS701011,,,,,,,,,,,,,,,,,,,,,,,,,"Groww HTTP 401: {""errorCode"":401,""errorMessage"":{""message"":""Please Login and Try Again""}}"
1638,GROWW_ERROR,PREMIER,INE342A01018,PREMIER LIMITED,NSE_EQ|INE342A01018,,,,,,,,,,,,,,,,,,,,,,,,,"Groww HTTP 401: {""errorCode"":401,""errorMessage"":{""message"":""Please Login and Try Again""}}"
1637,GROWW_ERROR,PREMEXPLN,INE863B01029,PREMIER EXPLOSIVES LTD,NSE_EQ|INE863B01029,,,,,,,,,,,,,,,,,,,,,,,,,"Groww HTTP 401: {""errorCode"":401,""errorMessage"":{""message"":""Please Login and Try Again""}}"
1636,GROWW_ERROR,PREMCO,INE001E01012,PREMCO GLOBAL LTD.,NSE_EQ|INE001E01012,,,,,,,,,,,,,,,,,,,,,,,,,"Groww HTTP 401: {""errorCode"":401,""errorMessage"":{""message"":""Please Login and Try Again""}}"
1635,GROWW_ERROR,PRECWIRE,INE372C01037,PRECISION WIRES INDIA LTD,NSE_EQ|INE372C01037,,,,,,,,,,,,,,,,,,,,,,,,,"Groww HTTP 401: {""errorCode"":401,""errorMessage"":{""message"":""Please Login and Try Again""}}"
1634,GROWW_ERROR,PRECOT,INE283A01014,PRECOT LIMITED,NSE_EQ|INE283A01014,,,,,,,,,,,,,,,,,,,,,,,,,"Groww HTTP 401: {""errorCode"":401,""errorMessage"":{""message"":""Please Login and Try Again""}}"
1633,GROWW_ERROR,PRECAM,INE484I01029,PRECISION CAMSHAFTS LTD.,NSE_EQ|INE484I01029,,,,,,,,,,,,,,,,,,,,,,,,,"Groww HTTP 401: {""errorCode"":401,""errorMessage"":{""message"":""Please Login and Try Again""}}"
1632,GROWW_ERROR,PRAXIS,INE546Y01022,PRAXIS HOME RETAIL LTD,NSE_EQ|INE546Y01022,,,,,,,,,,,,,,,,,,,,,,,,,"Groww HTTP 401: {""errorCode"":401,""errorMessage"":{""message"":""Please Login and Try Again""}}"
1631,GROWW_ERROR,PRAVEG,INE722B01019,PRAVEG LTD.,NSE_EQ|INE722B01019,,,,,,,,,,,,,,,,,,,,,,,,,"Groww HTTP 401: {""errorCode"":401,""errorMessage"":{""message"":""Please Login and Try Again""}}"
1630,GROWW_ERROR,PRAKASHSTL,INE696K01024,PRAKASH STEELAGE LTD,NSE_EQ|INE696K01024,,,,,,,,,,,,,,,,,,,,,,,,,"Groww HTTP 401: {""errorCode"":401,""errorMessage"":{""message"":""Please Login and Try Again""}}"
1629,GROWW_ERROR,PRAKASH,INE603A01013,PRAKASH INDUSTRIES LTD,NSE_EQ|INE603A01013,,,,,,,,,,,,,,,,,,,,,,,,,"Groww HTTP 401: {""errorCode"":401,""errorMessage"":{""message"":""Please Login and Try Again""}}"
1628,GROWW_ERROR,PRAJIND,INE074A01025,PRAJ INDUSTRIES LTD,NSE_EQ|INE074A01025,,,,,,,,,,,,,,,,,,,,,,,,,"Groww HTTP 401: {""errorCode"":401,""errorMessage"":{""message"":""Please Login and Try Again""}}"
1627,GROWW_ERROR,PRAENG,INE505C01016,PRAJAY ENG. SYN. LTD.,NSE_EQ|INE505C01016,,,,,,,,,,,,,,,,,,,,,,,,,"Groww HTTP 401: {""errorCode"":401,""errorMessage"":{""message"":""Please Login and Try Again""}}"
1626,GROWW_ERROR,PRADPME,INE770A01010,PRADEEP METALS LTD.,NSE_EQ|INE770A01010,,,,,,,,,,,,,,,,,,,,,,,,,"Groww HTTP 401: {""errorCode"":401,""errorMessage"":{""message"":""Please Login and Try Again""}}"
1625,GROWW_ERROR,PRABHA,INE0I0M01023,PRABHA ENERGY LIMITED,NSE_EQ|INE0I0M01023,,,,,,,,,,,,,,,,,,,,,,,,,"Groww HTTP 401: {""errorCode"":401,""errorMessage"":{""message"":""Please Login and Try Again""}}"
1624,GROWW_ERROR,PPLPHARMA,INE0DK501011,PIRAMAL PHARMA LIMITED,NSE_EQ|INE0DK501011,,,,,,,,,,,,,,,,,,,,,,,,,"Groww HTTP 401: {""errorCode"":401,""errorMessage"":{""message"":""Please Login and Try Again""}}"
1623,GROWW_ERROR,PPL,INE050001010,PRAKASH PIPES LIMITED,NSE_EQ|INE050001010,,,,,,,,,,,,,,,,,,,,,,,,,"Groww HTTP 401: {""errorCode"":401,""errorMessage"":{""message"":""Please Login and Try Again""}}"
1622,GROWW_ERROR,PPAP,INE095I01015,PPAP AUTOMOTIVE LIMITED,NSE_EQ|INE095I01015,,,,,,,,,,,,,,,,,,,,,,,,,"Groww HTTP 401: {""errorCode"":401,""errorMessage"":{""message"":""Please Login and Try Again""}}"
1621,GROWW_ERROR,POWERMECH,INE211R01019,POWER MECH PROJECTS LTD.,NSE_EQ|INE211R01019,,,,,,,,,,,,,,,,,,,,,,,,,"Groww HTTP 401: {""errorCode"":401,""errorMessage"":{""message"":""Please Login and Try Again""}}"
1620,GROWW_ERROR,POWERINDIA,INE07Y701011,HITACHI ENERGY INDIA LTD,NSE_EQ|INE07Y701011,,,,,,,,,,,,,,,,,,,,,,,,,"Groww HTTP 401: {""errorCode"":401,""errorMessage"":{""message"":""Please Login and Try Again""}}"
1619,GROWW_ERROR,POWERICA,INE921L01032,POWERICA LIMITED,NSE_EQ|INE921L01032,,,,,,,,,,,,,,,,,,,,,,,,,"Groww HTTP 401: {""errorCode"":401,""errorMessage"":{""message"":""Please Login and Try Again""}}"
1618,GROWW_ERROR,POONAWALLA,INE511C01022,POONAWALLA FINCORP LTD,NSE_EQ|INE511C01022,,,,,,,,,,,,,,,,,,,,,,,,,"Groww HTTP 401: {""errorCode"":401,""errorMessage"":{""message"":""Please Login and Try Again""}}"
1617,GROWW_ERROR,PONNIERODE,INE838E01017,PONNIE SUGARS (ERODE) LTD,NSE_EQ|INE838E01017,,,,,,,,,,,,,,,,,,,,,,,,,"Groww HTTP 401: {""errorCode"":401,""errorMessage"":{""message"":""Please Login and Try Again""}}"
1616,GROWW_ERROR,POLYPLEX,INE633B01018,POLYPLEX CORPORATION LTD,NSE_EQ|INE633B01018,,,,,,,,,,,,,,,,,,,,,,,,,"Groww HTTP 401: {""errorCode"":401,""errorMessage"":{""message"":""Please Login and Try Again""}}"
1615,GROWW_ERROR,POLYMED,INE205C01021,POLY MEDICURE LIMITED,NSE_EQ|INE205C01021,,,,,,,,,,,,,,,,,,,,,,,,,"Groww HTTP 401: {""errorCode"":401,""errorMessage"":{""message"":""Please Login and Try Again""}}"
1614,GROWW_ERROR,POLYCAB,INE455K01017,POLYCAB INDIA LIMITED,NSE_EQ|INE455K01017,,,,,,,,,,,,,,,,,,,,,,,,,"Groww HTTP 401: {""errorCode"":401,""errorMessage"":{""message"":""Please Login and Try Again""}}"
1613,GROWW_ERROR,POLICYBZR,INE417T01026,PB FINTECH LIMITED,NSE_EQ|INE417T01026,,,,,,,,,,,,,,,,,,,,,,,,,"Groww HTTP 401: {""errorCode"":401,""errorMessage"":{""message"":""Please Login and Try Again""}}"
1612,GROWW_ERROR,POKARNA,INE637C01025,POKARNA LIMITED,NSE_EQ|INE637C01025,,,,,,,,,,,,,,,,,,,,,,,,,"Groww HTTP 401: {""errorCode"":401,""errorMessage"":{""message"":""Please Login and Try Again""}}"
1611,GROWW_ERROR,PODDARMENT,INE371C01013,PODDAR PIGMENTS LIMITED,NSE_EQ|INE371C01013,,,,,,,,,,,,,,,,,,,,,,,,,"Groww HTTP 401: {""errorCode"":401,""errorMessage"":{""message"":""Please Login and Try Again""}}"
1610,GROWW_ERROR,POCL,INE063E01053,PONDY OXIDES & CHEM LTD,NSE_EQ|INE063E01053,,,,,,,,,,,,,,,,,,,,,,,,,"Groww HTTP 401: {""errorCode"":401,""errorMessage"":{""message"":""Please Login and Try Again""}}"
1609,GROWW_ERROR,PNGSREVA,INE1RDG01013,PNGS REVA DIAMOND JEWEL L,NSE_EQ|INE1RDG01013,,,,,,,,,,,,,,,,,,,,,,,,,"Groww HTTP 401: {""errorCode"":401,""errorMessage"":{""message"":""Please Login and Try Again""}}"
1608,GROWW_ERROR,PNGJL,INE953R01016,P N GADGIL JEWELLERS LTD,NSE_EQ|INE953R01016,,,,,,,,,,,,,,,,,,,,,,,,,"Groww HTTP 401: {""errorCode"":401,""errorMessage"":{""message"":""Please Login and Try Again""}}"
1607,GROWW_ERROR,PNCINFRA,INE195J01029,PNC INFRATECH LTD.,NSE_EQ|INE195J01029,,,,,,,,,,,,,,,,,,,,,,,,,"Groww HTTP 401: {""errorCode"":401,""errorMessage"":{""message"":""Please Login and Try Again""}}"
1606,GROWW_ERROR,PNC,INE392B01011,PRITISH NANDY COMMUNICATI,NSE_EQ|INE392B01011,,,,,,,,,,,,,,,,,,,,,,,,,"Groww HTTP 401: {""errorCode"":401,""errorMessage"":{""message"":""Please Login and Try Again""}}"
1605,GROWW_ERROR,PNBHOUSING,INE572E01012,PNB HOUSING FIN LTD.,NSE_EQ|INE572E01012,,,,,,,,,,,,,,,,,,,,,,,,,"Groww HTTP 401: {""errorCode"":401,""errorMessage"":{""message"":""Please Login and Try Again""}}"
1604,GROWW_ERROR,PNBGILTS,INE859A01011,PNB GILTS LIMITED,NSE_EQ|INE859A01011,,,,,,,,,,,,,,,,,,,,,,,,,"Groww HTTP 401: {""errorCode"":401,""errorMessage"":{""message"":""Please Login and Try Again""}}"
1603,GROWW_ERROR,PNB,INE160A01022,PUNJAB NATIONAL BANK,NSE_EQ|INE160A01022,,,,,,,,,,,,,,,,,,,,,,,,,"Groww HTTP 401: {""errorCode"":401,""errorMessage"":{""message"":""Please Login and Try Again""}}"
1602,GROWW_ERROR,PML,INE291E01019,PAUL MERCHANTS LTD.,NSE_EQ|INE291E01019,,,,,,,,,,,,,,,,,,,,,,,,,"Groww HTTP 401: {""errorCode"":401,""errorMessage"":{""message"":""Please Login and Try Again""}}"
1601,GROWW_ERROR,PLAZACABLE,INE0INJ01017,PLAZA WIRES LIMITED,NSE_EQ|INE0INJ01017,,,,,,,,,,,,,,,,,,,,,,,,,"Groww HTTP 401: {""errorCode"":401,""errorMessage"":{""message"":""Please Login and Try Again""}}"
1600,GROWW_ERROR,PLATIND,INE0PT501018,PLATINUM INDUSTRIES LTD,NSE_EQ|INE0PT501018,,,,,,,,,,,,,,,,,,,,,,,,,"Groww HTTP 401: {""errorCode"":401,""errorMessage"":{""message"":""Please Login and Try Again""}}"
1599,GROWW_ERROR,PLASTIBLEN,INE083C01022,PLASTIBLENDS INDIA LTD,NSE_EQ|INE083C01022,,,,,,,,,,,,,,,,,,,,,,,,,"Groww HTTP 401: {""errorCode"":401,""errorMessage"":{""message"":""Please Login and Try Again""}}"
1598,GROWW_ERROR,PKTEA,INE431F01018,THE P K TEA PROD CO LTD,NSE_EQ|INE431F01018,,,,,,,,,,,,,,,,,,,,,,,,,"Groww HTTP 401: {""errorCode"":401,""errorMessage"":{""message"":""Please Login and Try Again""}}"
1597,GROWW_ERROR,PIXTRANS,INE751B01018,PIX TRANSMISSIONS LIMITED,NSE_EQ|INE751B01018,,,,,,,,,,,,,,,,,,,,,,,,,"Groww HTTP 401: {""errorCode"":401,""errorMessage"":{""message"":""Please Login and Try Again""}}"
1596,GROWW_ERROR,PITTIENG,INE450D01021,PITTI ENGINEERING LIMITED,NSE_EQ|INE450D01021,,,,,,,,,,,,,,,,,,,,,,,,,"Groww HTTP 401: {""errorCode"":401,""errorMessage"":{""message"":""Please Login and Try Again""}}"
1595,GROWW_ERROR,PIRAMALFIN,INE202B01038,PIRAMAL FINANCE LIMITED,NSE_EQ|INE202B01038,,,,,,,,,,,,,,,,,,,,,,,,,"Groww HTTP 401: {""errorCode"":401,""errorMessage"":{""message"":""Please Login and Try Again""}}"
1594,GROWW_ERROR,PIONRINV,INE746D01014,PIONEER INVESTCORP LTD.,NSE_EQ|INE746D01014,,,,,,,,,,,,,,,,,,,,,,,,,"Groww HTTP 401: {""errorCode"":401,""errorMessage"":{""message"":""Please Login and Try Again""}}"
1593,GROWW_ERROR,PIONEEREMB,INE156C01018,PIONEER EMBROIDERIES LTD,NSE_EQ|INE156C01018,,,,,,,,,,,,,,,,,,,,,,,,,"Groww HTTP 401: {""errorCode"":401,""errorMessage"":{""message"":""Please Login and Try Again""}}"
1592,GROWW_ERROR,PINELABS,INE15B701018,PINE LABS LIMITED,NSE_EQ|INE15B701018,,,,,,,,,,,,,,,,,,,,,,,,,"Groww HTTP 401: {""errorCode"":401,""errorMessage"":{""message"":""Please Login and Try Again""}}"
1591,GROWW_ERROR,PILITA,INE600A01035,PIL ITALICA LIFESTYLE LTD,NSE_EQ|INE600A01035,,,,,,,,,,,,,,,,,,,,,,,,,"Groww HTTP 401: {""errorCode"":401,""errorMessage"":{""message"":""Please Login and Try Again""}}"
1590,GROWW_ERROR,PILANIINVS,INE417C01014,PILANI INV & IND COR LTD,NSE_EQ|INE417C01014,,,,,,,,,,,,,,,,,,,,,,,,,"Groww HTTP 401: {""errorCode"":401,""errorMessage"":{""message"":""Please Login and Try Again""}}"
1589,GROWW_ERROR,PIIND,INE603J01030,PI INDUSTRIES LTD,NSE_EQ|INE603J01030,,,,,,,,,,,,,,,,,,,,,,,,,"Groww HTTP 401: {""errorCode"":401,""errorMessage"":{""message"":""Please Login and Try Again""}}"
1588,GROWW_ERROR,PIGL,INE557Z01018,POWER INSTRUMENT (G) LTD,NSE_EQ|INE557Z01018,,,,,,,,,,,,,,,,,,,,,,,,,"Groww HTTP 401: {""errorCode"":401,""errorMessage"":{""message"":""Please Login and Try Again""}}"
1587,GROWW_ERROR,PIDILITIND,INE318A01026,PIDILITE INDUSTRIES LTD,NSE_EQ|INE318A01026,,,,,,,,,,,,,,,,,,,,,,,,,"Groww HTTP 401: {""errorCode"":401,""errorMessage"":{""message"":""Please Login and Try Again""}}"
1586,GROWW_ERROR,PICCADIL,INE546C01010,PICCADILY AGRO INDUSTRI L,NSE_EQ|INE546C01010,,,,,,,,,,,,,,,,,,,,,,,,,"Groww HTTP 401: {""errorCode"":401,""errorMessage"":{""message"":""Please Login and Try Again""}}"
1585,GROWW_ERROR,PHOENIXLTD,INE211B01039,THE PHOENIX MILLS LTD,NSE_EQ|INE211B01039,,,,,,,,,,,,,,,,,,,,,,,,,"Groww HTTP 401: {""errorCode"":401,""errorMessage"":{""message"":""Please Login and Try Again""}}"
1584,GROWW_ERROR,PGIL,INE940H01022,PEARL GLOBAL IND LIMITED,NSE_EQ|INE940H01022,,,,,,,,,,,,,,,,,,,,,,,,,"Groww HTTP 401: {""errorCode"":401,""errorMessage"":{""message"":""Please Login and Try Again""}}"
1583,GROWW_ERROR,PGHL,INE199A01012,PROCTER & GAMBLE HEALTH L,NSE_EQ|INE199A01012,,,,,,,,,,,,,,,,,,,,,,,,,"Groww HTTP 401: {""errorCode"":401,""errorMessage"":{""message"":""Please Login and Try Again""}}"
1582,GROWW_ERROR,PGHH,INE179A01014,P&G HYGIENE & HEALTH CARE,NSE_EQ|INE179A01014,,,,,,,,,,,,,,,,,,,,,,,,,"Groww HTTP 401: {""errorCode"":401,""errorMessage"":{""message"":""Please Login and Try Again""}}"
1581,GROWW_ERROR,PGEL,INE457L01029,PG ELECTROPLAST LTD,NSE_EQ|INE457L01029,,,,,,,,,,,,,,,,,,,,,,,,,"Groww HTTP 401: {""errorCode"":401,""errorMessage"":{""message"":""Please Login and Try Again""}}"
1580,GROWW_ERROR,PFS,INE560K01014,PTC INDIA FIN SERV LTD,NSE_EQ|INE560K01014,,,,,,,,,,,,,,,,,,,,,,,,,"Groww HTTP 401: {""errorCode"":401,""errorMessage"":{""message"":""Please Login and Try Again""}}"
1579,GROWW_ERROR,PFOCUS,INE367G01038,PRIME FOCUS LIMITED,NSE_EQ|INE367G01038,,,,,,,,,,,,,,,,,,,,,,,,,"Groww HTTP 401: {""errorCode"":401,""errorMessage"":{""message"":""Please Login and Try Again""}}"
1578,GROWW_ERROR,PFIZER,INE182A01018,PFIZER LTD,NSE_EQ|INE182A01018,,,,,,,,,,,,,,,,,,,,,,,,,"Groww HTTP 401: {""errorCode"":401,""errorMessage"":{""message"":""Please Login and Try Again""}}"
1577,GROWW_ERROR,PFC,INE134E01011,POWER FIN CORP LTD.,NSE_EQ|INE134E01011,,,,,,,,,,,,,,,,,,,,,,,,,"Groww HTTP 401: {""errorCode"":401,""errorMessage"":{""message"":""Please Login and Try Again""}}"
1576,GROWW_ERROR,PETRONET,INE347G01014,PETRONET LNG LIMITED,NSE_EQ|INE347G01014,,,,,,,,,,,,,,,,,,,,,,,,,"Groww HTTP 401: {""errorCode"":401,""errorMessage"":{""message"":""Please Login and Try Again""}}"
1575,GROWW_ERROR,PERSISTENT,INE262H01021,PERSISTENT SYSTEMS LTD,NSE_EQ|INE262H01021,,,,,,,,,,,,,,,,,,,,,,,,,"Groww HTTP 401: {""errorCode"":401,""errorMessage"":{""message"":""Please Login and Try Again""}}"
1574,GROWW_ERROR,PENINLAND,INE138A01028,PENINSULA LAND LIMITED,NSE_EQ|INE138A01028,,,,,,,,,,,,,,,,,,,,,,,,,"Groww HTTP 401: {""errorCode"":401,""errorMessage"":{""message"":""Please Login and Try Again""}}"
1573,GROWW_ERROR,PENIND,INE932A01024,PENNAR INDUSTRIES LTD,NSE_EQ|INE932A01024,,,,,,,,,,,,,,,,,,,,,,,,,"Groww HTTP 401: {""errorCode"":401,""errorMessage"":{""message"":""Please Login and Try Again""}}"
1572,GROWW_ERROR,PEARLPOLY,INE844A01013,PEARL POLYMERS LTD,NSE_EQ|INE844A01013,,,,,,,,,,,,,,,,,,,,,,,,,"Groww HTTP 401: {""errorCode"":401,""errorMessage"":{""message"":""Please Login and Try Again""}}"
1571,GROWW_ERROR,PDSL,INE111Q01021,PDS LIMITED,NSE_EQ|INE111Q01021,,,,,,,,,,,,,,,,,,,,,,,,,"Groww HTTP 401: {""errorCode"":401,""errorMessage"":{""message"":""Please Login and Try Again""}}"
1570,GROWW_ERROR,PDMJEPAPER,INE865T01018,PUDUMJEE PAPER PRO. LTD,NSE_EQ|INE865T01018,,,,,,,,,,,,,,,,,,,,,,,,,"Groww HTTP 401: {""errorCode"":401,""errorMessage"":{""message"":""Please Login and Try Again""}}"
1569,GROWW_ERROR,PCJEWELLER,INE785M01021,PC JEWELLER LTD,NSE_EQ|INE785M01021,,,,,,,,,,,,,,,,,,,,,,,,,"Groww HTTP 401: {""errorCode"":401,""errorMessage"":{""message"":""Please Login and Try Again""}}"
1568,GROWW_ERROR,PCBL,INE602A01031,PCBL CHEMICAL LIMITED,NSE_EQ|INE602A01031,,,,,,,,,,,,,,,,,,,,,,,,,"Groww HTTP 401: {""errorCode"":401,""errorMessage"":{""message"":""Please Login and Try Again""}}"
1567,GROWW_ERROR,PAYTM,INE982J01020,ONE 97 COMMUNICATIONS LTD,NSE_EQ|INE982J01020,,,,,,,,,,,,,,,,,,,,,,,,,"Groww HTTP 401: {""errorCode"":401,""errorMessage"":{""message"":""Please Login and Try Again""}}"
1566,GROWW_ERROR,PAVNAIND,INE07S101038,PAVNA INDUSTRIES LIMITED,NSE_EQ|INE07S101038,,,,,,,,,,,,,,,,,,,,,,,,,"Groww HTTP 401: {""errorCode"":401,""errorMessage"":{""message"":""Please Login and Try Again""}}"
1565,GROWW_ERROR,PAUSHAKLTD,INE111F01024,PAUSHAK LIMITED,NSE_EQ|INE111F01024,,,,,,,,,,,,,,,,,,,,,,,,,"Groww HTTP 401: {""errorCode"":401,""errorMessage"":{""message"":""Please Login and Try Again""}}"
1564,GROWW_ERROR,PATINTLOG,INE529D01014,PATEL INT. LOG. LTD,NSE_EQ|INE529D01014,,,,,,,,,,,,,,,,,,,,,,,,,"Groww HTTP 401: {""errorCode"":401,""errorMessage"":{""message"":""Please Login and Try Again""}}"
1563,GROWW_ERROR,PATELRMART,INE0R8B01010,PATEL RETAIL LIMITED,NSE_EQ|INE0R8B01010,,,,,,,,,,,,,,,,,,,,,,,,,"Groww HTTP 401: {""errorCode"":401,""errorMessage"":{""message"":""Please Login and Try Again""}}"
1562,GROWW_ERROR,PATELENG,INE244B01030,PATEL ENGINEERING LTD.,NSE_EQ|INE244B01030,,,,,,,,,,,,,,,,,,,,,,,,,"Groww HTTP 401: {""errorCode"":401,""errorMessage"":{""message"":""Please Login and Try Again""}}"
1561,GROWW_ERROR,PATANJALI,INE619A01035,PATANJALI FOODS LIMITED,NSE_EQ|INE619A01035,,,,,,,,,,,,,,,,,,,,,,,,,"Groww HTTP 401: {""errorCode"":401,""errorMessage"":{""message"":""Please Login and Try Again""}}"
1560,GROWW_ERROR,PASUPTAC,INE818B01023,PASUPATI ACRYLON LIMITED,NSE_EQ|INE818B01023,,,,,,,,,,,,,,,,,,,,,,,,,"Groww HTTP 401: {""errorCode"":401,""errorMessage"":{""message"":""Please Login and Try Again""}}"
1559,GROWW_ERROR,PASHUPATI,INE124Y01028,PASHUPATI COTSPIN LIMITED,NSE_EQ|INE124Y01028,,,,,,,,,,,,,,,,,,,,,,,,,"Groww HTTP 401: {""errorCode"":401,""errorMessage"":{""message"":""Please Login and Try Again""}}"
1558,GROWW_ERROR,PARSVNATH,INE561H01026,PARSVNATH DEVELOPER LTD,NSE_EQ|INE561H01026,,,,,,,,,,,,,,,,,,,,,,,,,"Groww HTTP 401: {""errorCode"":401,""errorMessage"":{""message"":""Please Login and Try Again""}}"
1557,GROWW_ERROR,PARKHOTELS,INE988S01028,PARKHOTELS,NSE_EQ|INE988S01028,,,,,,,,,,,,,,,,,,,,,,,,,"Groww HTTP 401: {""errorCode"":401,""errorMessage"":{""message"":""Please Login and Try Again""}}"
1556,GROWW_ERROR,PARKHOSPS,INE119201023,PARK MEDI WORLD LIMITED,NSE_EQ|INE119201023,,,,,,,,,,,,,,,,,,,,,,,,,"Groww HTTP 401: {""errorCode"":401,""errorMessage"":{""message"":""Please Login and Try Again""}}"
1555,GROWW_ERROR,PARASPETRO,INE162C01024,PARAS PETROFILS LTD.,NSE_EQ|INE162C01024,,,,,,,,,,,,,,,,,,,,,,,,,"Groww HTTP 401: {""errorCode"":401,""errorMessage"":{""message"":""Please Login and Try Again""}}"
1554,GROWW_ERROR,PARAS,INE045601023,PARAS DEF AND SPCE TECH L,NSE_EQ|INE045601023,,,,,,,,,,,,,,,,,,,,,,,,,"Groww HTTP 401: {""errorCode"":401,""errorMessage"":{""message"":""Please Login and Try Again""}}"
1553,GROWW_ERROR,PARAGMILK,INE883N01014,PARAG MILK FOODS LTD.,NSE_EQ|INE883N01014,,,,,,,,,,,,,,,,,,,,,,,,,"Groww HTTP 401: {""errorCode"":401,""errorMessage"":{""message"":""Please Login and Try Again""}}"
1552,GROWW_ERROR,PARADEEP,INE088F01024,PARADEEP PHOSPHATES LTD,NSE_EQ|INE088F01024,,,,,,,,,,,,,,,,,,,,,,,,,"Groww HTTP 401: {""errorCode"":401,""errorMessage"":{""message"":""Please Login and Try Again""}}"
1551,GROWW_ERROR,PARACABLES,INE074B01023,PARAMOUNT COMM LTD,NSE_EQ|INE074B01023,,,,,,,,,,,,,,,,,,,,,,,,,"Groww HTTP 401: {""errorCode"":401,""errorMessage"":{""message"":""Please Login and Try Again""}}"
1550,GROWW_ERROR,PAR,INE04LG01015,PAR DRUGS AND CHEM LTD,NSE_EQ|INE04LG01015,,,,,,,,,,,,,,,,,,,,,,,,,"Groww HTTP 401: {""errorCode"":401,""errorMessage"":{""message"":""Please Login and Try Again""}}"
1549,GROWW_ERROR,PANSARI,INE697V01011,PANSARI DEVELOPERS LTD,NSE_EQ|INE697V01011,,,,,,,,,,,,,,,,,,,,,,,,,"Groww HTTP 401: {""errorCode"":401,""errorMessage"":{""message"":""Please Login and Try Again""}}"
1548,GROWW_ERROR,PANAMAPET,INE305C01029,PANAMA PETROCHEM LTD,NSE_EQ|INE305C01029,,,,,,,,,,,,,,,,,,,,,,,,,"Groww HTTP 401: {""errorCode"":401,""errorMessage"":{""message"":""Please Login and Try Again""}}"
1547,GROWW_ERROR,PANACHE,INE895W01019,PANACHE DIGILIFE LIMITED,NSE_EQ|INE895W01019,,,,,,,,,,,,,,,,,,,,,,,,,"Groww HTTP 401: {""errorCode"":401,""errorMessage"":{""message"":""Please Login and Try Again""}}"
1546,GROWW_ERROR,PANACEABIO,INE922B01023,PANACEA BIOTEC LTD,NSE_EQ|INE922B01023,,,,,,,,,,,,,,,,,,,,,,,,,"Groww HTTP 401: {""errorCode"":401,""errorMessage"":{""message"":""Please Login and Try Again""}}"
1545,GROWW_ERROR,PALREDTEC,INE218G01033,PALRED TECHNOLOGIES LTD,NSE_EQ|INE218G01033,,,,,,,,,,,,,,,,,,,,,,,,,"Groww HTTP 401: {""errorCode"":401,""errorMessage"":{""message"":""Please Login and Try Again""}}"
1544,GROWW_ERROR,PALASHSECU,INE471W01019,PALASH SECURITIES LTD,NSE_EQ|INE471W01019,,,,,,,,,,,,,,,,,,,,,,,,,"Groww HTTP 401: {""errorCode"":401,""errorMessage"":{""message"":""Please Login and Try Again""}}"
1543,GROWW_ERROR,PAKKA,INE551D01018,PAKKA LIMITED,NSE_EQ|INE551D01018,,,,,,,,,,,,,,,,,,,,,,,,,"Groww HTTP 401: {""errorCode"":401,""errorMessage"":{""message"":""Please Login and Try Again""}}"
1542,GROWW_ERROR,PAISALO,INE420C01059,PAISALO DIGITAL LIMITED,NSE_EQ|INE420C01059,,,,,,,,,,,,,,,,,,,,,,,,,"Groww HTTP 401: {""errorCode"":401,""errorMessage"":{""message"":""Please Login and Try Again""}}"
1541,GROWW_ERROR,PAGEIND,INE761H01022,PAGE INDUSTRIES LTD,NSE_EQ|INE761H01022,,,,,,,,,,,,,,,,,,,,,,,,,"Groww HTTP 401: {""errorCode"":401,""errorMessage"":{""message"":""Please Login and Try Again""}}"
1540,GROWW_ERROR,PACEDIGITK,INE0S3G01027,PACE DIGITEK LIMITED,NSE_EQ|INE0S3G01027,,,,,,,,,,,,,,,,,,,,,,,,,"Groww HTTP 401: {""errorCode"":401,""errorMessage"":{""message"":""Please Login and Try Again""}}"
1539,GROWW_ERROR,OSWALSEEDS,INE00IK01029,SHREEOSWAL S AND CHE LTD,NSE_EQ|INE00IK01029,,,,,,,,,,,,,,,,,,,,,,,,,"Groww HTTP 401: {""errorCode"":401,""errorMessage"":{""message"":""Please Login and Try Again""}}"
1538,GROWW_ERROR,OSWALPUMPS,INE0BYP01024,OSWAL PUMPS LIMITED,NSE_EQ|INE0BYP01024,,,,,,,,,,,,,,,,,,,,,,,,,"Groww HTTP 401: {""errorCode"":401,""errorMessage"":{""message"":""Please Login and Try Again""}}"
1537,GROWW_ERROR,OSWALGREEN,INE143A01010,OSWAL GREENTECH LIMITED,NSE_EQ|INE143A01010,,,,,,,,,,,,,,,,,,,,,,,,,"Groww HTTP 401: {""errorCode"":401,""errorMessage"":{""message"":""Please Login and Try Again""}}"
1536,GROWW_ERROR,OSWALAGRO,INE142A01012,OSWAL AGRO MILLS LTD,NSE_EQ|INE142A01012,,,,,,,,,,,,,,,,,,,,,,,,,"Groww HTTP 401: {""errorCode"":401,""errorMessage"":{""message"":""Please Login and Try Again""}}"
1535,GROWW_ERROR,OSIAHYPER,INE06IR01021,OSIA HYPER RETAIL LIMITED,NSE_EQ|INE06IR01021,,,,,,,,,,,,,,,,,,,,,,,,,"Groww HTTP 401: {""errorCode"":401,""errorMessage"":{""message"":""Please Login and Try Again""}}"
1534,GROWW_ERROR,ORTINGLOBE,INE749B01020,ORTIN GLOBAL LIMITED,NSE_EQ|INE749B01020,,,,,,,,,,,,,,,,,,,,,,,,,"Groww HTTP 401: {""errorCode"":401,""errorMessage"":{""message"":""Please Login and Try Again""}}"
1533,GROWW_ERROR,ORTEL,INE849L01019,ORTEL COMMUNICATIONS LTD,NSE_EQ|INE849L01019,,,,,,,,,,,,,,,,,,,,,,,,,"Groww HTTP 401: {""errorCode"":401,""errorMessage"":{""message"":""Please Login and Try Again""}}"
1532,GROWW_ERROR,ORKLAINDIA,INE16NZ01023,ORKLA INDIA LIMITED,NSE_EQ|INE16NZ01023,,,,,,,,,,,,,,,,,,,,,,,,,"Groww HTTP 401: {""errorCode"":401,""errorMessage"":{""message"":""Please Login and Try Again""}}"
1531,GROWW_ERROR,ORISSAMINE,INE725E01024,ORISSA MIN DEV CO LTD,NSE_EQ|INE725E01024,,,,,,,,,,,,,,,,,,,,,,,,,"Groww HTTP 401: {""errorCode"":401,""errorMessage"":{""message"":""Please Login and Try Again""}}"
1530,GROWW_ERROR,ORIENTTECH,INE0PPK01015,ORIENT TECHNOLOGIES LTD,NSE_EQ|INE0PPK01015,,,,,,,,,,,,,,,,,,,,,,,,,"Groww HTTP 401: {""errorCode"":401,""errorMessage"":{""message"":""Please Login and Try Again""}}"
1529,GROWW_ERROR,ORIENTPPR,INE592A01026,ORIENT PAPER AND INDS LTD,NSE_EQ|INE592A01026,,,,,,,,,,,,,,,,,,,,,,,,,"Groww HTTP 401: {""errorCode"":401,""errorMessage"":{""message"":""Please Login and Try Again""}}"
1528,GROWW_ERROR,ORIENTLTD,INE609C01024,ORIENT PRESS LIMITED,NSE_EQ|INE609C01024,,,,,,,,,,,,,,,,,,,,,,,,,"Groww HTTP 401: {""errorCode"":401,""errorMessage"":{""message"":""Please Login and Try Again""}}"
1527,GROWW_ERROR,ORIENTHOT,INE750A01020,ORIENT HOTELS LTD,NSE_EQ|INE750A01020,,,,,,,,,,,,,,,,,,,,,,,,,"Groww HTTP 401: {""errorCode"":401,""errorMessage"":{""message"":""Please Login and Try Again""}}"
1526,GROWW_ERROR,ORIENTELEC,INE142Z01019,ORIENT ELECTRIC LIMITED,NSE_EQ|INE142Z01019,,,,,,,,,,,,,,,,,,,,,,,,,"Groww HTTP 401: {""errorCode"":401,""errorMessage"":{""message"":""Please Login and Try Again""}}"
1525,GROWW_ERROR,ORIENTCER,INE569C01020,ORIENT CERATECH LIMITED,NSE_EQ|INE569C01020,,,,,,,,,,,,,,,,,,,,,,,,,"Groww HTTP 401: {""errorCode"":401,""errorMessage"":{""message"":""Please Login and Try Again""}}"
1524,GROWW_ERROR,ORIENTCEM,INE876N01018,ORIENT CEMENT LTD.,NSE_EQ|INE876N01018,,,,,,,,,,,,,,,,,,,,,,,,,"Groww HTTP 401: {""errorCode"":401,""errorMessage"":{""message"":""Please Login and Try Again""}}"
1523,GROWW_ERROR,ORIENTBELL,INE607D01018,ORIENT BELL LIMITED,NSE_EQ|INE607D01018,,,,,,,,,,,,,,,,,,,,,,,,,"Groww HTTP 401: {""errorCode"":401,""errorMessage"":{""message"":""Please Login and Try Again""}}"
1522,GROWW_ERROR,ORIENTALTL,INE998H01012,ORIENTAL TRIMEX LTD,NSE_EQ|INE998H01012,,,,,,,,,,,,,,,,,,,,,,,,,"Groww HTTP 401: {""errorCode"":401,""errorMessage"":{""message"":""Please Login and Try Again""}}"
1521,GROWW_ERROR,ORICONENT,INE730A01022,ORICON ENTERPRISES LTD,NSE_EQ|INE730A01022,,,,,,,,,,,,,,,,,,,,,,,,,"Groww HTTP 401: {""errorCode"":401,""errorMessage"":{""message"":""Please Login and Try Again""}}"
1520,GROWW_ERROR,ORCHPHARMA,INE191A01027,ORCHID PHARMA LIMITED,NSE_EQ|INE191A01027,,,,,,,,,,,,,,,,,,,,,,,,,"Groww HTTP 401: {""errorCode"":401,""errorMessage"":{""message"":""Please Login and Try Again""}}"
1519,GROWW_ERROR,ORCHASP,INE215B01022,ORCHASP LIMITED,NSE_EQ|INE215B01022,,,,,,,,,,,,,,,,,,,,,,,,,"Groww HTTP 401: {""errorCode"":401,""errorMessage"":{""message"":""Please Login and Try Again""}}"
1518,GROWW_ERROR,ORBTEXP,INE231G01010,ORBIT EXPORTS LIMITED,NSE_EQ|INE231G01010,,,,,,,,,,,,,,,,,,,,,,,,,"Groww HTTP 401: {""errorCode"":401,""errorMessage"":{""message"":""Please Login and Try Again""}}"
1517,GROWW_ERROR,OPTIEMUS,INE350C01017,OPTIEMUS INFRACOM LTD,NSE_EQ|INE350C01017,,,,,,,,,,,,,,,,,,,,,,,,,"Groww HTTP 401: {""errorCode"":401,""errorMessage"":{""message"":""Please Login and Try Again""}}"
1516,GROWW_ERROR,ONWARDTEC,INE229A01017,ONWARD TECHNOLOGIES LTD,NSE_EQ|INE229A01017,,,,,,,,,,,,,,,,,,,,,,,,,"Groww HTTP 401: {""errorCode"":401,""errorMessage"":{""message"":""Please Login and Try Again""}}"
1515,GROWW_ERROR,ONMOBILE,INE809I01019,ONMOBILE GLOBAL LTD.,NSE_EQ|INE809I01019,,,,,,,,,,,,,,,,,,,,,,,,,"Groww HTTP 401: {""errorCode"":401,""errorMessage"":{""message"":""Please Login and Try Again""}}"
1514,GROWW_ERROR,ONIDA,INE831A01028,ONIDA ELECTRONICS LIMITED,NSE_EQ|INE831A01028,,,,,,,,,,,,,,,,,,,,,,,,,"Groww HTTP 401: {""errorCode"":401,""errorMessage"":{""message"":""Please Login and Try Again""}}"
1513,GROWW_ERROR,ONGC,INE213A01029,OIL AND NATURAL GAS CORP.,NSE_EQ|INE213A01029,,,,,,,,,,,,,,,,,,,,,,,,,"Groww HTTP 401: {""errorCode"":401,""errorMessage"":{""message"":""Please Login and Try Again""}}"
1512,GROWW_ERROR,ONESOURCE,INE013P01021,ONESOURCE SPECL PHARMA L,NSE_EQ|INE013P01021,,,,,,,,,,,,,,,,,,,,,,,,,"Groww HTTP 401: {""errorCode"":401,""errorMessage"":{""message"":""Please Login and Try Again""}}"
1511,GROWW_ERROR,ONEPOINT,INE840Y01029,ONE POINT ONE SOL LTD,NSE_EQ|INE840Y01029,,,,,,,,,,,,,,,,,,,,,,,,,"Groww HTTP 401: {""errorCode"":401,""errorMessage"":{""message"":""Please Login and Try Again""}}"
1510,GROWW_ERROR,ONELIFECAP,INE912L01015,ONELIFE CAP ADVISORS LTD,NSE_EQ|INE912L01015,,,,,,,,,,,,,,,,,,,,,,,,,"Groww HTTP 401: {""errorCode"":401,""errorMessage"":{""message"":""Please Login and Try Again""}}"
1509,GROWW_ERROR,OMPOWER,INE25E901019,OM POWER TRANSMISSION LTD,NSE_EQ|INE25E901019,,,,,,,,,,,,,,,,,,,,,,,,,"Groww HTTP 401: {""errorCode"":401,""errorMessage"":{""message"":""Please Login and Try Again""}}"
1508,GROWW_ERROR,OMNI,INE0UH301010,OMNITECH ENGINEERING LTD,NSE_EQ|INE0UH301010,,,,,,,,,,,,,,,,,,,,,,,,,"Groww HTTP 401: {""errorCode"":401,""errorMessage"":{""message"":""Please Login and Try Again""}}"
1507,GROWW_ERROR,OMINFRAL,INE239D01028,OM INFRA LIMITED,NSE_EQ|INE239D01028,,,,,,,,,,,,,,,,,,,,,,,,,"Groww HTTP 401: {""errorCode"":401,""errorMessage"":{""message"":""Please Login and Try Again""}}"
1506,GROWW_ERROR,OMFREIGHT,INE1BZC01019,OM FREIGHT FORWARDERS LTD,NSE_EQ|INE1BZC01019,,,,,,,,,,,,,,,,,,,,,,,,,"Groww HTTP 401: {""errorCode"":401,""errorMessage"":{""message"":""Please Login and Try Again""}}"
1505,GROWW_ERROR,OMAXE,INE800H01010,OMAXE LIMITED,NSE_EQ|INE800H01010,,,,,,,,,,,,,,,,,,,,,,,,,"Groww HTTP 401: {""errorCode"":401,""errorMessage"":{""message"":""Please Login and Try Again""}}"
1504,GROWW_ERROR,OMAXAUTO,INE090B01011,OMAX AUTOS LTD,NSE_EQ|INE090B01011,,,,,,,,,,,,,,,,,,,,,,,,,"Groww HTTP 401: {""errorCode"":401,""errorMessage"":{""message"":""Please Login and Try Again""}}"
1503,GROWW_ERROR,OLECTRA,INE260D01016,OLECTRA GREENTECH LIMITED,NSE_EQ|INE260D01016,,,,,,,,,,,,,,,,,,,,,,,,,"Groww HTTP 401: {""errorCode"":401,""errorMessage"":{""message"":""Please Login and Try Again""}}"
1502,GROWW_ERROR,OLAELEC,INE0LXG01040,OLA ELECTRIC MOBILITY LTD,NSE_EQ|INE0LXG01040,,,,,,,,,,,,,,,,,,,,,,,,,"Groww HTTP 401: {""errorCode"":401,""errorMessage"":{""message"":""Please Login and Try Again""}}"
1501,GROWW_ERROR,OILCOUNTUB,INE591A01010,OIL COUNTRY TUBULAR LTD.,NSE_EQ|INE591A01010,,,,,,,,,,,,,,,,,,,,,,,,,"Groww HTTP 401: {""errorCode"":401,""errorMessage"":{""message"":""Please Login and Try Again""}}"
1500,GROWW_ERROR,OIL,INE274J01014,OIL INDIA LTD,NSE_EQ|INE274J01014,,,,,,,,,,,,,,,,,,,,,,,,,"Groww HTTP 401: {""errorCode"":401,""errorMessage"":{""message"":""Please Login and Try Again""}}"
1499,GROWW_ERROR,OFSS,INE881D01027,ORACLE FIN SERV SOFT LTD.,NSE_EQ|INE881D01027,,,,,,,,,,,,,,,,,,,,,,,,,"Groww HTTP 401: {""errorCode"":401,""errorMessage"":{""message"":""Please Login and Try Again""}}"
1498,GROWW_ERROR,ODIGMA,INE054301028,ODIGMA CONSULTANCY SOL L,NSE_EQ|INE054301028,,,,,,,,,,,,,,,,,,,,,,,,,"Groww HTTP 401: {""errorCode"":401,""errorMessage"":{""message"":""Please Login and Try Again""}}"
1497,GROWW_ERROR,OCCLLTD,INE0PK601023,OCCL LIMITED,NSE_EQ|INE0PK601023,,,,,,,,,,,,,,,,,,,,,,,,,"Groww HTTP 401: {""errorCode"":401,""errorMessage"":{""message"":""Please Login and Try Again""}}"
1496,GROWW_ERROR,OBEROIRLTY,INE093I01010,OBEROI REALTY LIMITED,NSE_EQ|INE093I01010,,,,,,,,,,,,,,,,,,,,,,,,,"Groww HTTP 401: {""errorCode"":401,""errorMessage"":{""message"":""Please Login and Try Again""}}"
1495,GROWW_ERROR,OBCL,INE426Z01016,ORISSA BENGAL CARRIER LTD,NSE_EQ|INE426Z01016,,,,,,,,,,,,,,,,,,,,,,,,,"Groww HTTP 401: {""errorCode"":401,""errorMessage"":{""message"":""Please Login and Try Again""}}"
1494,GROWW_ERROR,OAL,INE959C01023,ORIENTAL AROMATICS LTD,NSE_EQ|INE959C01023,,,,,,,,,,,,,,,,,,,,,,,,,"Groww HTTP 401: {""errorCode"":401,""errorMessage"":{""message"":""Please Login and Try Again""}}"
1493,GROWW_ERROR,NYKAA,INE388Y01029,FSN E COMMERCE VENTURES,NSE_EQ|INE388Y01029,,,,,,,,,,,,,,,,,,,,,,,,,"Groww HTTP 401: {""errorCode"":401,""errorMessage"":{""message"":""Please Login and Try Again""}}"
1492,GROWW_ERROR,NUVOCO,INE118D01016,NUVOCO VISTAS CORP LTD,NSE_EQ|INE118D01016,,,,,,,,,,,,,,,,,,,,,,,,,"Groww HTTP 401: {""errorCode"":401,""errorMessage"":{""message"":""Please Login and Try Again""}}"
1491,GROWW_ERROR,NUVAMA,INE531F01023,NUVAMA WEALTH MANAGE LTD,NSE_EQ|INE531F01023,,,,,,,,,,,,,,,,,,,,,,,,,"Groww HTTP 401: {""errorCode"":401,""errorMessage"":{""message"":""Please Login and Try Again""}}"
1490,GROWW_ERROR,NURECA,INE0DSF01015,NURECA LIMITED,NSE_EQ|INE0DSF01015,,,,,,,,,,,,,,,,,,,,,,,,,"Groww HTTP 401: {""errorCode"":401,""errorMessage"":{""message"":""Please Login and Try Again""}}"
1489,GROWW_ERROR,NUCLEUS,INE096B01018,NUCLEUS SOFTWARE EXPORTS,NSE_EQ|INE096B01018,,,,,,,,,,,,,,,,,,,,,,,,,"Groww HTTP 401: {""errorCode"":401,""errorMessage"":{""message"":""Please Login and Try Again""}}"
1488,GROWW_ERROR,NTPCGREEN,INE0ONG01011,NTPC GREEN ENERGY LIMITED,NSE_EQ|INE0ONG01011,,,,,,,,,,,,,,,,,,,,,,,,,"Groww HTTP 401: {""errorCode"":401,""errorMessage"":{""message"":""Please Login and Try Again""}}"
1487,GROWW_ERROR,NSLNISP,INE0NNS01018,NMDC STEEL LIMITED,NSE_EQ|INE0NNS01018,,,,,,,,,,,,,,,,,,,,,,,,,"Groww HTTP 401: {""errorCode"":401,""errorMessage"":{""message"":""Please Login and Try Again""}}"
1486,GROWW_ERROR,NSIL,INE023A01030,NALWA SONS INVESTMENT LTD,NSE_EQ|INE023A01030,,,,,,,,,,,,,,,,,,,,,,,,,"Groww HTTP 401: {""errorCode"":401,""errorMessage"":{""message"":""Please Login and Try Again""}}"
1485,GROWW_ERROR,NRL,INE0JM501013,NUPUR RECYCLERS LIMITED,NSE_EQ|INE0JM501013,,,,,,,,,,,,,,,,,,,,,,,,,"Groww HTTP 401: {""errorCode"":401,""errorMessage"":{""message"":""Please Login and Try Again""}}"
1484,GROWW_ERROR,NRBBEARING,INE349A01021,NRB BEARING LIMITED,NSE_EQ|INE349A01021,,,,,,,,,,,,,,,,,,,,,,,,,"Groww HTTP 401: {""errorCode"":401,""errorMessage"":{""message"":""Please Login and Try Again""}}"
1483,GROWW_ERROR,NRAIL,INE740D01017,N R AGARWAL INDS LTD,NSE_EQ|INE740D01017,,,,,,,,,,,,,,,,,,,,,,,,,"Groww HTTP 401: {""errorCode"":401,""errorMessage"":{""message"":""Please Login and Try Again""}}"
1482,GROWW_ERROR,NPST,INE0FFK01017,NETWORK PEOPLE SRV TECH L,NSE_EQ|INE0FFK01017,,,,,,,,,,,,,,,,,,,,,,,,,"Groww HTTP 401: {""errorCode"":401,""errorMessage"":{""message"":""Please Login and Try Again""}}"
1481,GROWW_ERROR,NOVARTIND,INE234A01025,NOVARTIS INDIA LIMITED,NSE_EQ|INE234A01025,,,,,,,,,,,,,,,,,,,,,,,,,"Groww HTTP 401: {""errorCode"":401,""errorMessage"":{""message"":""Please Login and Try Again""}}"
1480,GROWW_ERROR,NOVAAGRI,INE02H701025,NOVA AGRITECH LIMITED,NSE_EQ|INE02H701025,,,,,,,,,,,,,,,,,,,,,,,,,"Groww HTTP 401: {""errorCode"":401,""errorMessage"":{""message"":""Please Login and Try Again""}}"
1479,GROWW_ERROR,NORTHARC,INE850M01015,NORTHERN ARC CAPITAL LTD,NSE_EQ|INE850M01015,,,,,,,,,,,,,,,,,,,,,,,,,"Groww HTTP 401: {""errorCode"":401,""errorMessage"":{""message"":""Please Login and Try Again""}}"
1478,GROWW_ERROR,NORBTEAEXP,INE369C01017,NORBEN TEA & EXPORTS LTD,NSE_EQ|INE369C01017,,,,,,,,,,,,,,,,,,,,,,,,,"Groww HTTP 401: {""errorCode"":401,""errorMessage"":{""message"":""Please Login and Try Again""}}"
1477,GROWW_ERROR,NOIDATOLL,INE781B01015,NOIDA TOLL BRIDGE CO LTD,NSE_EQ|INE781B01015,,,,,,,,,,,,,,,,,,,,,,,,,"Groww HTTP 401: {""errorCode"":401,""errorMessage"":{""message"":""Please Login and Try Again""}}"
1476,GROWW_ERROR,NOCIL,INE163A01018,NOCIL LIMITED,NSE_EQ|INE163A01018,,,,,,,,,,,,,,,,,,,,,,,,,"Groww HTTP 401: {""errorCode"":401,""errorMessage"":{""message"":""Please Login and Try Again""}}"
1475,GROWW_ERROR,NMDC,INE584A01023,NMDC LTD.,NSE_EQ|INE584A01023,,,,,,,,,,,,,,,,,,,,,,,,,"Groww HTTP 401: {""errorCode"":401,""errorMessage"":{""message"":""Please Login and Try Again""}}"
1474,GROWW_ERROR,NLCINDIA,INE589A01014,NLC INDIA LIMITED,NSE_EQ|INE589A01014,,,,,,,,,,,,,,,,,,,,,,,,,"Groww HTTP 401: {""errorCode"":401,""errorMessage"":{""message"":""Please Login and Try Again""}}"
1473,GROWW_ERROR,NKIND,INE542C01019,NK INDUSTRIES LTD,NSE_EQ|INE542C01019,,,,,,,,,,,,,,,,,,,,,,,,,"Groww HTTP 401: {""errorCode"":401,""errorMessage"":{""message"":""Please Login and Try Again""}}"
1472,GROWW_ERROR,NIVABUPA,INE995S01015,NIVA BUPA HEALTH INS CO L,NSE_EQ|INE995S01015,,,,,,,,,,,,,,,,,,,,,,,,,"Groww HTTP 401: {""errorCode"":401,""errorMessage"":{""message"":""Please Login and Try Again""}}"
1471,GROWW_ERROR,NITTAGELA,INE265B01019,NITTA GELATIN INDIA LTD.,NSE_EQ|INE265B01019,,,,,,,,,,,,,,,,,,,,,,,,,"Groww HTTP 401: {""errorCode"":401,""errorMessage"":{""message"":""Please Login and Try Again""}}"
1470,GROWW_ERROR,NITIRAJ,INE439T01012,NITIRAJ ENGINEERS LTD,NSE_EQ|INE439T01012,,,,,,,,,,,,,,,,,,,,,,,,,"Groww HTTP 401: {""errorCode"":401,""errorMessage"":{""message"":""Please Login and Try Again""}}"
1469,GROWW_ERROR,NITINSPIN,INE229H01012,NITIN SPINNERS LIMITED,NSE_EQ|INE229H01012,,,,,,,,,,,,,,,,,,,,,,,,,"Groww HTTP 401: {""errorCode"":401,""errorMessage"":{""message"":""Please Login and Try Again""}}"
1468,GROWW_ERROR,NITCO,INE858F01012,NITCO LIMITED,NSE_EQ|INE858F01012,,,,,,,,,,,,,,,,,,,,,,,,,"Groww HTTP 401: {""errorCode"":401,""errorMessage"":{""message"":""Please Login and Try Again""}}"
1467,GROWW_ERROR,NIRLON,INE910A01012,NIRLON LTD,NSE_EQ|INE910A01012,,,,,,,,,,,,,,,,,,,,,,,,,"Groww HTTP 401: {""errorCode"":401,""errorMessage"":{""message"":""Please Login and Try Again""}}"
1466,GROWW_ERROR,NIRAJISPAT,INE326T01011,NIRAJ ISPAT IND LTD,NSE_EQ|INE326T01011,,,,,,,,,,,,,,,,,,,,,,,,,"Groww HTTP 401: {""errorCode"":401,""errorMessage"":{""message"":""Please Login and Try Again""}}"
1465,GROWW_ERROR,NIRAJ,INE368I01016,NIRAJ CEMENT STRUC LTD,NSE_EQ|INE368I01016,,,,,,,,,,,,,,,,,,,,,,,,,"Groww HTTP 401: {""errorCode"":401,""errorMessage"":{""message"":""Please Login and Try Again""}}"
1464,GROWW_ERROR,NIPPOBATRY,INE567A01028,INDO-NATIONAL LIMITED,NSE_EQ|INE567A01028,,,,,,,,,,,,,,,,,,,,,,,,,"Groww HTTP 401: {""errorCode"":401,""errorMessage"":{""message"":""Please Login and Try Again""}}"
1463,GROWW_ERROR,NINSYS,INE395U01014,NINTEC SYSTEMS LIMITED,NSE_EQ|INE395U01014,,,,,,,,,,,,,,,,,,,,,,,,,"Groww HTTP 401: {""errorCode"":401,""errorMessage"":{""message"":""Please Login and Try Again""}}"
1462,GROWW_ERROR,NIMBSPROJ,INE875B01015,NIMBUS PROJECTS LIMITED,NSE_EQ|INE875B01015,,,,,,,,,,,,,,,,,,,,,,,,,"Groww HTTP 401: {""errorCode"":401,""errorMessage"":{""message"":""Please Login and Try Again""}}"
1461,GROWW_ERROR,NILKAMAL,INE310A01015,NILKAMAL LIMITED,NSE_EQ|INE310A01015,,,,,,,,,,,,,,,,,,,,,,,,,"Groww HTTP 401: {""errorCode"":401,""errorMessage"":{""message"":""Please Login and Try Again""}}"
1460,GROWW_ERROR,NILE,INE445D01013,NILE LTD.,NSE_EQ|INE445D01013,,,,,,,,,,,,,,,,,,,,,,,,,"Groww HTTP 401: {""errorCode"":401,""errorMessage"":{""message"":""Please Login and Try Again""}}"
1459,GROWW_ERROR,NILASPACES,INE00S901012,NILA SPACES LIMITED,NSE_EQ|INE00S901012,,,,,,,,,,,,,,,,,,,,,,,,,"Groww HTTP 401: {""errorCode"":401,""errorMessage"":{""message"":""Please Login and Try Again""}}"
1458,GROWW_ERROR,NILAINFRA,INE937C01029,NILA INFRASTRUCTURES LTD,NSE_EQ|INE937C01029,,,,,,,,,,,,,,,,,,,,,,,,,"Groww HTTP 401: {""errorCode"":401,""errorMessage"":{""message"":""Please Login and Try Again""}}"
1457,GROWW_ERROR,NIITMTS,INE342G01023,NIIT LEARNING SYSTEMS LTD,NSE_EQ|INE342G01023,,,,,,,,,,,,,,,,,,,,,,,,,"Groww HTTP 401: {""errorCode"":401,""errorMessage"":{""message"":""Please Login and Try Again""}}"
1456,GROWW_ERROR,NIITLTD,INE161A01038,NIIT LIMITED,NSE_EQ|INE161A01038,,,,,,,,,,,,,,,,,,,,,,,,,"Groww HTTP 401: {""errorCode"":401,""errorMessage"":{""message"":""Please Login and Try Again""}}"
1455,GROWW_ERROR,NIBL,INE047O01014,NRB INDUS. BEARINGS LTD.,NSE_EQ|INE047O01014,,,,,,,,,,,,,,,,,,,,,,,,,"Groww HTTP 401: {""errorCode"":401,""errorMessage"":{""message"":""Please Login and Try Again""}}"
1454,GROWW_ERROR,NIBE,INE149O01018,NIBE LIMITED,NSE_EQ|INE149O01018,,,,,,,,,,,,,,,,,,,,,,,,,"Groww HTTP 401: {""errorCode"":401,""errorMessage"":{""message"":""Please Login and Try Again""}}"
1453,GROWW_ERROR,NIACL,INE470Y01017,THE NEW INDIA ASSU CO LTD,NSE_EQ|INE470Y01017,,,,,,,,,,,,,,,,,,,,,,,,,"Groww HTTP 401: {""errorCode"":401,""errorMessage"":{""message"":""Please Login and Try Again""}}"
1452,GROWW_ERROR,NHPC,INE848E01016,NHPC LTD,NSE_EQ|INE848E01016,,,,,,,,,,,,,,,,,,,,,,,,,"Groww HTTP 401: {""errorCode"":401,""errorMessage"":{""message"":""Please Login and Try Again""}}"
1451,GROWW_ERROR,NH,INE410P01011,NARAYANA HRUDAYALAYA LTD.,NSE_EQ|INE410P01011,,,,,,,,,,,,,,,,,,,,,,,,,"Groww HTTP 401: {""errorCode"":401,""errorMessage"":{""message"":""Please Login and Try Again""}}"
1450,GROWW_ERROR,NGLFINE,INE887E01022,NGL FINE CHEM LIMITED,NSE_EQ|INE887E01022,,,,,,,,,,,,,,,,,,,,,,,,,"Groww HTTP 401: {""errorCode"":401,""errorMessage"":{""message"":""Please Login and Try Again""}}"
1449,GROWW_ERROR,NGIL,INE236Y01012,NAKODA GROUP OF IND. LTD,NSE_EQ|INE236Y01012,,,,,,,,,,,,,,,,,,,,,,,,,"Groww HTTP 401: {""errorCode"":401,""errorMessage"":{""message"":""Please Login and Try Again""}}"
1448,GROWW_ERROR,NFL,INE870D01012,NATIONAL FERT. LTD,NSE_EQ|INE870D01012,,,,,,,,,,,,,,,,,,,,,,,,,"Groww HTTP 401: {""errorCode"":401,""errorMessage"":{""message"":""Please Login and Try Again""}}"
1447,GROWW_ERROR,NEXTMEDIA,INE747B01016,NEXT MEDIAWORKS LIMITED,NSE_EQ|INE747B01016,,,,,,,,,,,,,,,,,,,,,,,,,"Groww HTTP 401: {""errorCode"":401,""errorMessage"":{""message"":""Please Login and Try Again""}}"
1446,GROWW_ERROR,NEWGEN,INE619B01017,NEWGEN SOFTWARE TECH LTD,NSE_EQ|INE619B01017,,,,,,,,,,,,,,,,,,,,,,,,,"Groww HTTP 401: {""errorCode"":401,""errorMessage"":{""message"":""Please Login and Try Again""}}"
1445,GROWW_ERROR,NEULANDLAB,INE794A01010,NEULAND LAB LTD.,NSE_EQ|INE794A01010,,,,,,,,,,,,,,,,,,,,,,,,,"Groww HTTP 401: {""errorCode"":401,""errorMessage"":{""message"":""Please Login and Try Again""}}"
1444,GROWW_ERROR,NETWORK18,INE870H01013,NETWORK18 MEDIA & INV LTD,NSE_EQ|INE870H01013,,,,,,,,,,,,,,,,,,,,,,,,,"Groww HTTP 401: {""errorCode"":401,""errorMessage"":{""message"":""Please Login and Try Again""}}"
1443,GROWW_ERROR,NETWEB,INE0NT901020,NETWEB TECH INDIA LTD,NSE_EQ|INE0NT901020,,,,,,,,,,,,,,,,,,,,,,,,,"Groww HTTP 401: {""errorCode"":401,""errorMessage"":{""message"":""Please Login and Try Again""}}"
1442,GROWW_ERROR,NESTLEIND,INE239A01024,NESTLE INDIA LIMITED,NSE_EQ|INE239A01024,,,,,,,,,,,,,,,,,,,,,,,,,"Groww HTTP 401: {""errorCode"":401,""errorMessage"":{""message"":""Please Login and Try Again""}}"
1441,GROWW_ERROR,NESCO,INE317F01035,NESCO LTD.,NSE_EQ|INE317F01035,,,,,,,,,,,,,,,,,,,,,,,,,"Groww HTTP 401: {""errorCode"":401,""errorMessage"":{""message"":""Please Login and Try Again""}}"
1440,GROWW_ERROR,NEPHROPLUS,INE428V01029,NEPHROCARE HEALTH SERV L,NSE_EQ|INE428V01029,,,,,,,,,,,,,,,,,,,,,,,,,"Groww HTTP 401: {""errorCode"":401,""errorMessage"":{""message"":""Please Login and Try Again""}}"
1439,GROWW_ERROR,NEOGEN,INE136S01016,NEOGEN CHEMICALS LIMITED,NSE_EQ|INE136S01016,,,,,,,,,,,,,,,,,,,,,,,,,"Groww HTTP 401: {""errorCode"":401,""errorMessage"":{""message"":""Please Login and Try Again""}}"
1438,GROWW_ERROR,NELCO,INE045B01015,NELCO LTD,NSE_EQ|INE045B01015,,,,,,,,,,,,,,,,,,,,,,,,,"Groww HTTP 401: {""errorCode"":401,""errorMessage"":{""message"":""Please Login and Try Again""}}"
1437,GROWW_ERROR,NELCAST,INE189I01024,NELCAST LIMITED,NSE_EQ|INE189I01024,,,,,,,,,,,,,,,,,,,,,,,,,"Groww HTTP 401: {""errorCode"":401,""errorMessage"":{""message"":""Please Login and Try Again""}}"
1436,GROWW_ERROR,NECLIFE,INE023H01027,NECTAR LIFESCIENCES LTD.,NSE_EQ|INE023H01027,,,,,,,,,,,,,,,,,,,,,,,,,"Groww HTTP 401: {""errorCode"":401,""errorMessage"":{""message"":""Please Login and Try Again""}}"
1435,GROWW_ERROR,NECCLTD,INE553C01016,NORTH EAST CARRY CORP LTD,NSE_EQ|INE553C01016,,,,,,,,,,,,,,,,,,,,,,,,,"Groww HTTP 401: {""errorCode"":401,""errorMessage"":{""message"":""Please Login and Try Again""}}"
1434,GROWW_ERROR,NEAGI,INE605D01012,NEELAMALAI AGRO INDS. L,NSE_EQ|INE605D01012,,,,,,,,,,,,,,,,,,,,,,,,,"Groww HTTP 401: {""errorCode"":401,""errorMessage"":{""message"":""Please Login and Try Again""}}"
1433,GROWW_ERROR,NDTV,INE155G01029,NDTV LTD,NSE_EQ|INE155G01029,,,,,,,,,,,,,,,,,,,,,,,,,"Groww HTTP 401: {""errorCode"":401,""errorMessage"":{""message"":""Please Login and Try Again""}}"
1432,GROWW_ERROR,NDRAUTO,INE07OG01012,NDR AUTO COMPONENTS LTD,NSE_EQ|INE07OG01012,,,,,,,,,,,,,,,,,,,,,,,,,"Groww HTTP 401: {""errorCode"":401,""errorMessage"":{""message"":""Please Login and Try Again""}}"
1431,GROWW_ERROR,NDLVENTURE,INE353A01023,NDL VENTURES LIMITED,NSE_EQ|INE353A01023,,,,,,,,,,,,,,,,,,,,,,,,,"Groww HTTP 401: {""errorCode"":401,""errorMessage"":{""message"":""Please Login and Try Again""}}"
1430,GROWW_ERROR,NDL,INE875G01048,NANDAN DENIM LIMITED,NSE_EQ|INE875G01048,,,,,,,,,,,,,,,,,,,,,,,,,"Groww HTTP 401: {""errorCode"":401,""errorMessage"":{""message"":""Please Login and Try Again""}}"
1429,GROWW_ERROR,NDGL,INE756C01015,NAGA DHUNSERI GROUP LTD,NSE_EQ|INE756C01015,,,,,,,,,,,,,,,,,,,,,,,,,"Groww HTTP 401: {""errorCode"":401,""errorMessage"":{""message"":""Please Login and Try Again""}}"
1428,GROWW_ERROR,NCLIND,INE732C01016,NCL INDUSTRIES LIMITED,NSE_EQ|INE732C01016,,,,,,,,,,,,,,,,,,,,,,,,,"Groww HTTP 401: {""errorCode"":401,""errorMessage"":{""message"":""Please Login and Try Again""}}"
1427,GROWW_ERROR,NCC,INE868B01028,NCC LIMITED,NSE_EQ|INE868B01028,,,,,,,,,,,,,,,,,,,,,,,,,"Groww HTTP 401: {""errorCode"":401,""errorMessage"":{""message"":""Please Login and Try Again""}}"
1426,GROWW_ERROR,NBIFIN,INE365I01020,N.B.I. IND. FIN. CO. LTD,NSE_EQ|INE365I01020,,,,,,,,,,,,,,,,,,,,,,,,,"Groww HTTP 401: {""errorCode"":401,""errorMessage"":{""message"":""Please Login and Try Again""}}"
1425,GROWW_ERROR,NBCC,INE095N01031,NBCC (INDIA) LIMITED,NSE_EQ|INE095N01031,,,,,,,,,,,,,,,,,,,,,,,,,"Groww HTTP 401: {""errorCode"":401,""errorMessage"":{""message"":""Please Login and Try Again""}}"
1424,GROWW_ERROR,NAZARA,INE418L01047,NAZARA TECHNOLOGIES LTD,NSE_EQ|INE418L01047,,,,,,,,,,,,,,,,,,,,,,,,,"Groww HTTP 401: {""errorCode"":401,""errorMessage"":{""message"":""Please Login and Try Again""}}"
1423,GROWW_ERROR,NAVNETEDUL,INE060A01024,NAVNEET EDUCATION LTD,NSE_EQ|INE060A01024,,,,,,,,,,,,,,,,,,,,,,,,,"Groww HTTP 401: {""errorCode"":401,""errorMessage"":{""message"":""Please Login and Try Again""}}"
1422,GROWW_ERROR,NAVKARURB,INE268H01044,NAVKAR URBANSTRUCTURE LTD,NSE_EQ|INE268H01044,,,,,,,,,,,,,,,,,,,,,,,,,"Groww HTTP 401: {""errorCode"":401,""errorMessage"":{""message"":""Please Login and Try Again""}}"
1421,GROWW_ERROR,NAVKARCORP,INE278M01019,NAVKAR CORPORATION LTD.,NSE_EQ|INE278M01019,,,,,,,,,,,,,,,,,,,,,,,,,"Groww HTTP 401: {""errorCode"":401,""errorMessage"":{""message"":""Please Login and Try Again""}}"
1420,GROWW_ERROR,NAVINFLUOR,INE048G01026,NAVIN FLUORINE INT. LTD,NSE_EQ|INE048G01026,,,,,,,,,,,,,,,,,,,,,,,,,"Groww HTTP 401: {""errorCode"":401,""errorMessage"":{""message"":""Please Login and Try Again""}}"
1419,GROWW_ERROR,NAVA,INE725A01030,NAVA LIMITED,NSE_EQ|INE725A01030,,,,,,,,,,,,,,,,,,,,,,,,,"Groww HTTP 401: {""errorCode"":401,""errorMessage"":{""message"":""Please Login and Try Again""}}"
1418,GROWW_ERROR,NAUKRI,INE663F01032,INFO EDGE (I) LTD,NSE_EQ|INE663F01032,,,,,,,,,,,,,,,,,,,,,,,,,"Groww HTTP 401: {""errorCode"":401,""errorMessage"":{""message"":""Please Login and Try Again""}}"
1417,GROWW_ERROR,NATIONSTD,INE166R01015,NATIONAL STAND (INDIA) L,NSE_EQ|INE166R01015,,,,,,,,,,,,,,,,,,,,,,,,,"Groww HTTP 401: {""errorCode"":401,""errorMessage"":{""message"":""Please Login and Try Again""}}"
1416,GROWW_ERROR,NATIONALUM,INE139A01034,NATIONAL ALUMINIUM CO LTD,NSE_EQ|INE139A01034,,,,,,,,,,,,,,,,,,,,,,,,,"Groww HTTP 401: {""errorCode"":401,""errorMessage"":{""message"":""Please Login and Try Again""}}"
1415,GROWW_ERROR,NATHBIOGEN,INE448G01010,NATH BIO-GENES (I) LTD,NSE_EQ|INE448G01010,,,,,,,,,,,,,,,,,,,,,,,,,"Groww HTTP 401: {""errorCode"":401,""errorMessage"":{""message"":""Please Login and Try Again""}}"
1414,GROWW_ERROR,NATCOPHARM,INE987B01026,NATCO PHARMA LTD.,NSE_EQ|INE987B01026,,,,,,,,,,,,,,,,,,,,,,,,,"Groww HTTP 401: {""errorCode"":401,""errorMessage"":{""message"":""Please Login and Try Again""}}"
1413,GROWW_ERROR,NATCAPSUQ,INE936B01015,NATURAL CAPSULES LIMITED,NSE_EQ|INE936B01015,,,,,,,,,,,,,,,,,,,,,,,,,"Groww HTTP 401: {""errorCode"":401,""errorMessage"":{""message"":""Please Login and Try Again""}}"
1412,GROWW_ERROR,NARMADA,INE117Z01011,NARMADA AGROBASE LIMITED,NSE_EQ|INE117Z01011,,,,,,,,,,,,,,,,,,,,,,,,,"Groww HTTP 401: {""errorCode"":401,""errorMessage"":{""message"":""Please Login and Try Again""}}"
1411,GROWW_ERROR,NAM-INDIA,INE298J01013,NIPPON L I A M LTD,NSE_EQ|INE298J01013,,,,,,,,,,,,,,,,,,,,,,,,,"Groww HTTP 401: {""errorCode"":401,""errorMessage"":{""message"":""Please Login and Try Again""}}"
1410,GROWW_ERROR,NAHARSPING,INE290A01027,NAHAR SPINNING MILLS LTD.,NSE_EQ|INE290A01027,,,,,,,,,,,,,,,,,,,,,,,,,"Groww HTTP 401: {""errorCode"":401,""errorMessage"":{""message"":""Please Login and Try Again""}}"
1409,GROWW_ERROR,NAHARPOLY,INE308A01027,NAHAR POLY FILMS LIMITED,NSE_EQ|INE308A01027,,,,,,,,,,,,,,,,,,,,,,,,,"Groww HTTP 401: {""errorCode"":401,""errorMessage"":{""message"":""Please Login and Try Again""}}"
1408,GROWW_ERROR,NAHARINDUS,INE289A01011,NAHAR INDS ENT LTD,NSE_EQ|INE289A01011,,,,,,,,,,,,,,,,,,,,,,,,,"Groww HTTP 401: {""errorCode"":401,""errorMessage"":{""message"":""Please Login and Try Again""}}"
1407,GROWW_ERROR,NAHARCAP,INE049I01012,NAHAR CAP & FIN.,NSE_EQ|INE049I01012,,,,,,,,,,,,,,,,,,,,,,,,,"Groww HTTP 401: {""errorCode"":401,""errorMessage"":{""message"":""Please Login and Try Again""}}"
1406,GROWW_ERROR,NAGREEKEXP,INE123B01028,NAGREEKA EXPORTS LTD.,NSE_EQ|INE123B01028,,,,,,,,,,,,,,,,,,,,,,,,,"Groww HTTP 401: {""errorCode"":401,""errorMessage"":{""message"":""Please Login and Try Again""}}"
1405,GROWW_ERROR,NAGREEKCAP,INE245I01016,NAGREEKA CAP & INFR.LTD,NSE_EQ|INE245I01016,,,,,,,,,,,,,,,,,,,,,,,,,"Groww HTTP 401: {""errorCode"":401,""errorMessage"":{""message"":""Please Login and Try Again""}}"
1404,GROWW_ERROR,NACLIND,INE295D01020,NACL INDUSTRIES LIMITED,NSE_EQ|INE295D01020,,,,,,,,,,,,,,,,,,,,,,,,,"Groww HTTP 401: {""errorCode"":401,""errorMessage"":{""message"":""Please Login and Try Again""}}"
1403,GROWW_ERROR,MWL,INE0JYY01011,MANGALAM WORLDWIDE LTD,NSE_EQ|INE0JYY01011,,,,,,,,,,,,,,,,,,,,,,,,,"Groww HTTP 401: {""errorCode"":401,""errorMessage"":{""message"":""Please Login and Try Again""}}"
1402,GROWW_ERROR,MVGJL,INE0KNT01012,MANOJ VAIBHAV GEM N JEW L,NSE_EQ|INE0KNT01012,,,,,,,,,,,,,,,,,,,,,,,,,"Groww HTTP 401: {""errorCode"":401,""errorMessage"":{""message"":""Please Login and Try Again""}}"
1401,GROWW_ERROR,MUTHOOTMF,INE046W01019,MUTHOOT MICROFIN LIMITED,NSE_EQ|INE046W01019,,,,,,,,,,,,,,,,,,,,,,,,,"Groww HTTP 401: {""errorCode"":401,""errorMessage"":{""message"":""Please Login and Try Again""}}"
1400,GROWW_ERROR,MUTHOOTFIN,INE414G01012,MUTHOOT FINANCE LIMITED,NSE_EQ|INE414G01012,,,,,,,,,,,,,,,,,,,,,,,,,"Groww HTTP 401: {""errorCode"":401,""errorMessage"":{""message"":""Please Login and Try Again""}}"
1399,GROWW_ERROR,MUTHOOTCAP,INE296G01013,MUTHOOT CAP SERV LTD,NSE_EQ|INE296G01013,,,,,,,,,,,,,,,,,,,,,,,,,"Groww HTTP 401: {""errorCode"":401,""errorMessage"":{""message"":""Please Login and Try Again""}}"
1398,GROWW_ERROR,MURUDCERA,INE692B01014,MURUDESHWAR CERAMICS LTD,NSE_EQ|INE692B01014,,,,,,,,,,,,,,,,,,,,,,,,,"Groww HTTP 401: {""errorCode"":401,""errorMessage"":{""message"":""Please Login and Try Again""}}"
1397,GROWW_ERROR,MUNJALSHOW,INE577A01027,MUNJAL SHOWA LTD,NSE_EQ|INE577A01027,,,,,,,,,,,,,,,,,,,,,,,,,"Groww HTTP 401: {""errorCode"":401,""errorMessage"":{""message"":""Please Login and Try Again""}}"
1396,GROWW_ERROR,MUNJALAU,INE672B01032,MUNJAL AUTO IND. LTD.,NSE_EQ|INE672B01032,,,,,,,,,,,,,,,,,,,,,,,,,"Groww HTTP 401: {""errorCode"":401,""errorMessage"":{""message"":""Please Login and Try Again""}}"
1395,GROWW_ERROR,MUKTAARTS,INE374B01019,MUKTA ARTS LIMITED,NSE_EQ|INE374B01019,,,,,,,,,,,,,,,,,,,,,,,,,"Groww HTTP 401: {""errorCode"":401,""errorMessage"":{""message"":""Please Login and Try Again""}}"
1394,GROWW_ERROR,MUKKA,INE0CG401037,MUKKA PROTEINS LIMITED,NSE_EQ|INE0CG401037,,,,,,,,,,,,,,,,,,,,,,,,,"Groww HTTP 401: {""errorCode"":401,""errorMessage"":{""message"":""Please Login and Try Again""}}"
1393,GROWW_ERROR,MUKANDLTD,INE304A01026,MUKAND LTD.,NSE_EQ|INE304A01026,,,,,,,,,,,,,,,,,,,,,,,,,"Groww HTTP 401: {""errorCode"":401,""errorMessage"":{""message"":""Please Login and Try Again""}}"
1392,GROWW_ERROR,MUFTI,INE220Q01020,CREDO BRANDS MARKETING L,NSE_EQ|INE220Q01020,,,,,,,,,,,,,,,,,,,,,,,,,"Groww HTTP 401: {""errorCode"":401,""errorMessage"":{""message"":""Please Login and Try Again""}}"
1391,GROWW_ERROR,MUFIN,INE08KJ01020,MUFIN GREEN FINANCE LTD,NSE_EQ|INE08KJ01020,,,,,,,,,,,,,,,,,,,,,,,,,"Groww HTTP 401: {""errorCode"":401,""errorMessage"":{""message"":""Please Login and Try Again""}}"
1390,GROWW_ERROR,MTNL,INE153A01019,MAHANAGAR TELEPHONE NIGAM,NSE_EQ|INE153A01019,,,,,,,,,,,,,,,,,,,,,,,,,"Groww HTTP 401: {""errorCode"":401,""errorMessage"":{""message"":""Please Login and Try Again""}}"
1389,GROWW_ERROR,MTEDUCARE,INE472M01018,MT EDUCARE LTD,NSE_EQ|INE472M01018,,,,,,,,,,,,,,,,,,,,,,,,,"Groww HTTP 401: {""errorCode"":401,""errorMessage"":{""message"":""Please Login and Try Again""}}"
1388,GROWW_ERROR,MTARTECH,INE864I01014,MTAR TECHNOLOGIES LIMITED,NSE_EQ|INE864I01014,,,,,,,,,,,,,,,,,,,,,,,,,"Groww HTTP 401: {""errorCode"":401,""errorMessage"":{""message"":""Please Login and Try Again""}}"
1387,GROWW_ERROR,MSUMI,INE0FS801015,MOTHERSON SUMI WRNG IND L,NSE_EQ|INE0FS801015,,,,,,,,,,,,,,,,,,,,,,,,,"Groww HTTP 401: {""errorCode"":401,""errorMessage"":{""message"":""Please Login and Try Again""}}"
1386,GROWW_ERROR,MSTCLTD,INE255X01014,MSTC LIMITED,NSE_EQ|INE255X01014,,,,,,,,,,,,,,,,,,,,,,,,,"Groww HTTP 401: {""errorCode"":401,""errorMessage"":{""message"":""Please Login and Try Again""}}"
1385,GROWW_ERROR,MSPL,INE752G01015,MSP STEEL & POWER LTD.,NSE_EQ|INE752G01015,,,,,,,,,,,,,,,,,,,,,,,,,"Groww HTTP 401: {""errorCode"":401,""errorMessage"":{""message"":""Please Login and Try Again""}}"
1384,GROWW_ERROR,MRPL,INE103A01014,MRPL,NSE_EQ|INE103A01014,,,,,,,,,,,,,,,,,,,,,,,,,"Groww HTTP 401: {""errorCode"":401,""errorMessage"":{""message"":""Please Login and Try Again""}}"
1383,GROWW_ERROR,MRF,INE883A01011,MRF LTD,NSE_EQ|INE883A01011,,,,,,,,,,,,,,,,,,,,,,,,,"Groww HTTP 401: {""errorCode"":401,""errorMessage"":{""message"":""Please Login and Try Again""}}"
1382,GROWW_ERROR,MPSLTD,INE943D01017,MPS LIMITED,NSE_EQ|INE943D01017,,,,,,,,,,,,,,,,,,,,,,,,,"Groww HTTP 401: {""errorCode"":401,""errorMessage"":{""message"":""Please Login and Try Again""}}"
1381,GROWW_ERROR,MPHASIS,INE356A01018,MPHASIS LIMITED,NSE_EQ|INE356A01018,,,,,,,,,,,,,,,,,,,,,,,,,"Groww HTTP 401: {""errorCode"":401,""errorMessage"":{""message"":""Please Login and Try Again""}}"
1380,GROWW_ERROR,MOTOGENFIN,INE861B01023,MOTOR & GENERAL FINANCE L,NSE_EQ|INE861B01023,,,,,,,,,,,,,,,,,,,,,,,,,"Groww HTTP 401: {""errorCode"":401,""errorMessage"":{""message"":""Please Login and Try Again""}}"
1379,GROWW_ERROR,MOTISONS,INE0FRK01020,MOTISONS JEWELLERS LTD,NSE_EQ|INE0FRK01020,,,,,,,,,,,,,,,,,,,,,,,,,"Groww HTTP 401: {""errorCode"":401,""errorMessage"":{""message"":""Please Login and Try Again""}}"
1378,GROWW_ERROR,MOTILALOFS,INE338I01027,MOTILAL OSWAL FIN LTD,NSE_EQ|INE338I01027,,,,,,,,,,,,,,,,,,,,,,,,,"Groww HTTP 401: {""errorCode"":401,""errorMessage"":{""message"":""Please Login and Try Again""}}"
1377,GROWW_ERROR,MOTHERSON,INE775A08105,SAMVARDHANA MOTHERSON INT,NSE_EQ|INE775A08105,,,,,,,,,,,,,,,,,,,,,,,,,"Groww HTTP 401: {""errorCode"":401,""errorMessage"":{""message"":""Please Login and Try Again""}}"
1376,GROWW_ERROR,MOSCHIP,INE935B01025,MOSCHIP TECHNOLOGIES LTD,NSE_EQ|INE935B01025,,,,,,,,,,,,,,,,,,,,,,,,,"Groww HTTP 401: {""errorCode"":401,""errorMessage"":{""message"":""Please Login and Try Again""}}"
1375,GROWW_ERROR,MOREPENLAB,INE083A01026,MOREPEN LAB. LTD,NSE_EQ|INE083A01026,,,,,,,,,,,,,,,,,,,,,,,,,"Groww HTTP 401: {""errorCode"":401,""errorMessage"":{""message"":""Please Login and Try Again""}}"
1374,GROWW_ERROR,MORARJEE,INE161G01027,MORARJEE TEXTILES LIMITED,NSE_EQ|INE161G01027,,,,,,,,,,,,,,,,,,,,,,,,,"Groww HTTP 401: {""errorCode"":401,""errorMessage"":{""message"":""Please Login and Try Again""}}"
1373,GROWW_ERROR,MONTECARLO,INE950M01013,MONTE CARLO FASHIONS LTD.,NSE_EQ|INE950M01013,,,,,,,,,,,,,,,,,,,,,,,,,"Groww HTTP 401: {""errorCode"":401,""errorMessage"":{""message"":""Please Login and Try Again""}}"
1372,GROWW_ERROR,MONEYBOXX,INE296Q01012,MONEYBOXX FINANCE LIMITED,NSE_EQ|INE296Q01012,,,,,,,,,,,,,,,,,,,,,,,,,"Groww HTTP 401: {""errorCode"":401,""errorMessage"":{""message"":""Please Login and Try Again""}}"
1371,GROWW_ERROR,MONARCH,INE903D01011,MONARCH NETWORTH CAP LTD,NSE_EQ|INE903D01011,,,,,,,,,,,,,,,,,,,,,,,,,"Groww HTTP 401: {""errorCode"":401,""errorMessage"":{""message"":""Please Login and Try Again""}}"
1370,GROWW_ERROR,MOLDTKPAC,INE893J01029,MOLD-TEK PACKAGING LTD,NSE_EQ|INE893J01029,,,,,,,,,,,,,,,,,,,,,,,,,"Groww HTTP 401: {""errorCode"":401,""errorMessage"":{""message"":""Please Login and Try Again""}}"
1369,GROWW_ERROR,MOLDTECH,INE835B01035,MOLD-TEK TECHNOLOGIES LTD,NSE_EQ|INE835B01035,,,,,,,,,,,,,,,,,,,,,,,,,"Groww HTTP 401: {""errorCode"":401,""errorMessage"":{""message"":""Please Login and Try Again""}}"
1368,GROWW_ERROR,MOL,INE0CT101020,MEGHMANI ORGANICS LIMITED,NSE_EQ|INE0CT101020,,,,,,,,,,,,,,,,,,,,,,,,,"Groww HTTP 401: {""errorCode"":401,""errorMessage"":{""message"":""Please Login and Try Again""}}"
1367,GROWW_ERROR,MOKSH,INE514Y01020,MOKSH ORNAMENTS LIMITED,NSE_EQ|INE514Y01020,,,,,,,,,,,,,,,,,,,,,,,,,"Groww HTTP 401: {""errorCode"":401,""errorMessage"":{""message"":""Please Login and Try Again""}}"
1366,GROWW_ERROR,MOIL,INE490G01020,MOIL LIMITED,NSE_EQ|INE490G01020,,,,,,,,,,,,,,,,,,,,,,,,,"Groww HTTP 401: {""errorCode"":401,""errorMessage"":{""message"":""Please Login and Try Again""}}"
1365,GROWW_ERROR,MOHITIND,INE954E01012,MOHIT INDUSTRIES LTD,NSE_EQ|INE954E01012,,,,,,,,,,,,,,,,,,,,,,,,,"Groww HTTP 401: {""errorCode"":401,""errorMessage"":{""message"":""Please Login and Try Again""}}"
1364,GROWW_ERROR,MODTHREAD,INE794W01014,MODERN THREADS INDIA LTD,NSE_EQ|INE794W01014,,,,,,,,,,,,,,,,,,,,,,,,,"Groww HTTP 401: {""errorCode"":401,""errorMessage"":{""message"":""Please Login and Try Again""}}"
1363,GROWW_ERROR,MODISONLTD,INE737D01021,MODISON LIMITED,NSE_EQ|INE737D01021,,,,,,,,,,,,,,,,,,,,,,,,,"Groww HTTP 401: {""errorCode"":401,""errorMessage"":{""message"":""Please Login and Try Again""}}"
1362,GROWW_ERROR,MODIS,INE0L0L01012,MODIS NAVNIRMAN LTD,NSE_EQ|INE0L0L01012,,,,,,,,,,,,,,,,,,,,,,,,,"Groww HTTP 401: {""errorCode"":401,""errorMessage"":{""message"":""Please Login and Try Again""}}"
1361,GROWW_ERROR,MODIRUBBER,INE832A01018,MODI RUBBER LTD,NSE_EQ|INE832A01018,,,,,,,,,,,,,,,,,,,,,,,,,"Groww HTTP 401: {""errorCode"":401,""errorMessage"":{""message"":""Please Login and Try Again""}}"
1360,GROWW_ERROR,MODINATUR,INE537F01012,MODI NATURALS LIMITED,NSE_EQ|INE537F01012,,,,,,,,,,,,,,,,,,,,,,,,,"Groww HTTP 401: {""errorCode"":401,""errorMessage"":{""message"":""Please Login and Try Again""}}"
1359,GROWW_ERROR,MOBIKWIK,INE0HLU01028,ONE MOBIKWIK SYSTEMS LTD,NSE_EQ|INE0HLU01028,,,,,,,,,,,,,,,,,,,,,,,,,"Groww HTTP 401: {""errorCode"":401,""errorMessage"":{""message"":""Please Login and Try Again""}}"
1358,GROWW_ERROR,MMWL,INE200D01020,MEDIA MATRIX WORLDWIDE L,NSE_EQ|INE200D01020,,,,,,,,,,,,,,,,,,,,,,,,,"Groww HTTP 401: {""errorCode"":401,""errorMessage"":{""message"":""Please Login and Try Again""}}"
1357,GROWW_ERROR,MMTC,INE123F01029,MMTC LIMITED,NSE_EQ|INE123F01029,,,,,,,,,,,,,,,,,,,,,,,,,"Groww HTTP 401: {""errorCode"":401,""errorMessage"":{""message"":""Please Login and Try Again""}}"
1356,GROWW_ERROR,MMP,INE511Y01018,MMP INDUSTRIES LIMITED,NSE_EQ|INE511Y01018,,,,,,,,,,,,,,,,,,,,,,,,,"Groww HTTP 401: {""errorCode"":401,""errorMessage"":{""message"":""Please Login and Try Again""}}"
1355,GROWW_ERROR,MMFL,INE227C01017,MM FORGINGS LTD,NSE_EQ|INE227C01017,,,,,,,,,,,,,,,,,,,,,,,,,"Groww HTTP 401: {""errorCode"":401,""errorMessage"":{""message"":""Please Login and Try Again""}}"
1354,GROWW_ERROR,MKPL,INE964W01021,M K PROTEINS LIMITED,NSE_EQ|INE964W01021,,,,,,,,,,,,,,,,,,,,,,,,,"Groww HTTP 401: {""errorCode"":401,""errorMessage"":{""message"":""Please Login and Try Again""}}"
1353,GROWW_ERROR,MITTAL,INE997Y01027,MITTAL LIFE STYLE LIMITED,NSE_EQ|INE997Y01027,,,,,,,,,,,,,,,,,,,,,,,,,"Groww HTTP 401: {""errorCode"":401,""errorMessage"":{""message"":""Please Login and Try Again""}}"
1352,GROWW_ERROR,MITCON,INE828O01033,MITCON CON & ENG SER LTD,NSE_EQ|INE828O01033,,,,,,,,,,,,,,,,,,,,,,,,,"Groww HTTP 401: {""errorCode"":401,""errorMessage"":{""message"":""Please Login and Try Again""}}"
1351,GROWW_ERROR,MIRZAINT,INE771A01026,MIRZA INTERNATIONAL LIMIT,NSE_EQ|INE771A01026,,,,,,,,,,,,,,,,,,,,,,,,,"Groww HTTP 401: {""errorCode"":401,""errorMessage"":{""message"":""Please Login and Try Again""}}"
1350,GROWW_ERROR,MINDTECK,INE110B01017,MINDTECK (INDIA) LIMITED,NSE_EQ|INE110B01017,,,,,,,,,,,,,,,,,,,,,,,,,"Groww HTTP 401: {""errorCode"":401,""errorMessage"":{""message"":""Please Login and Try Again""}}"
1349,GROWW_ERROR,MINDACORP,INE842C01021,MINDA CORPORATION LTD,NSE_EQ|INE842C01021,,,,,,,,,,,,,,,,,,,,,,,,,"Groww HTTP 401: {""errorCode"":401,""errorMessage"":{""message"":""Please Login and Try Again""}}"
1348,GROWW_ERROR,MIDWESTLTD,INE0XAD01024,MIDWEST LIMITED,NSE_EQ|INE0XAD01024,,,,,,,,,,,,,,,,,,,,,,,,,"Groww HTTP 401: {""errorCode"":401,""errorMessage"":{""message"":""Please Login and Try Again""}}"
1347,GROWW_ERROR,MIDHANI,INE099Z01011,MISHRA DHATU NIGAM LTD,NSE_EQ|INE099Z01011,,,,,,,,,,,,,,,,,,,,,,,,,"Groww HTTP 401: {""errorCode"":401,""errorMessage"":{""message"":""Please Login and Try Again""}}"
1346,GROWW_ERROR,MICEL,INE287C01037,MIC ELECTRONICS LTD,NSE_EQ|INE287C01037,,,,,,,,,,,,,,,,,,,,,,,,,"Groww HTTP 401: {""errorCode"":401,""errorMessage"":{""message"":""Please Login and Try Again""}}"
1345,GROWW_ERROR,MHRIL,INE998I01010,MAHINDRA HOLIDAYS LTD,NSE_EQ|INE998I01010,,,,,,,,,,,,,,,,,,,,,,,,,"Groww HTTP 401: {""errorCode"":401,""errorMessage"":{""message"":""Please Login and Try Again""}}"
1344,GROWW_ERROR,MHLXMIRU,INE112D01035,MAHALAXMI RUBTECH LIMITED,NSE_EQ|INE112D01035,,,,,,,,,,,,,,,,,,,,,,,,,"Groww HTTP 401: {""errorCode"":401,""errorMessage"":{""message"":""Please Login and Try Again""}}"
1343,GROWW_ERROR,MGL,INE002S01010,MAHANAGAR GAS LTD.,NSE_EQ|INE002S01010,,,,,,,,,,,,,,,,,,,,,,,,,"Groww HTTP 401: {""errorCode"":401,""errorMessage"":{""message"":""Please Login and Try Again""}}"
1342,GROWW_ERROR,MGEL,INE0APB01032,MANGALAM GLOBAL ENT LTD,NSE_EQ|INE0APB01032,,,,,,,,,,,,,,,,,,,,,,,,,"Groww HTTP 401: {""errorCode"":401,""errorMessage"":{""message"":""Please Login and Try Again""}}"
1341,GROWW_ERROR,MFSL,INE180A01020,MAX FINANCIAL SERV LTD,NSE_EQ|INE180A01020,,,,,,,,,,,,,,,,,,,,,,,,,"Groww HTTP 401: {""errorCode"":401,""errorMessage"":{""message"":""Please Login and Try Again""}}"
1340,GROWW_ERROR,METROPOLIS,INE112L01020,METROPOLIS HEALTHCARE LTD,NSE_EQ|INE112L01020,,,,,,,,,,,,,,,,,,,,,,,,,"Groww HTTP 401: {""errorCode"":401,""errorMessage"":{""message"":""Please Login and Try Again""}}"
1339,GROWW_ERROR,METROGLOBL,INE085D01033,METROGLOBAL LTD.,NSE_EQ|INE085D01033,,,,,,,,,,,,,,,,,,,,,,,,,"Groww HTTP 401: {""errorCode"":401,""errorMessage"":{""message"":""Please Login and Try Again""}}"
1338,GROWW_ERROR,METROBRAND,INE317I01021,METRO BRANDS LIMITED,NSE_EQ|INE317I01021,,,,,,,,,,,,,,,,,,,,,,,,,"Groww HTTP 401: {""errorCode"":401,""errorMessage"":{""message"":""Please Login and Try Again""}}"
1337,GROWW_ERROR,MERCURYEV,INE763M01028,MERCURY EV-TECH LIMITED,NSE_EQ|INE763M01028,,,,,,,,,,,,,,,,,,,,,,,,,"Groww HTTP 401: {""errorCode"":401,""errorMessage"":{""message"":""Please Login and Try Again""}}"
1336,GROWW_ERROR,MERCANTILE,INE689O01013,MERCANTILE VENTURES LTD.,NSE_EQ|INE689O01013,,,,,,,,,,,,,,,,,,,,,,,,,"Groww HTTP 401: {""errorCode"":401,""errorMessage"":{""message"":""Please Login and Try Again""}}"
1335,GROWW_ERROR,MEP,INE776I01010,MEP INFRA. DEVELOPERS LTD,NSE_EQ|INE776I01010,,,,,,,,,,,,,,,,,,,,,,,,,"Groww HTTP 401: {""errorCode"":401,""errorMessage"":{""message"":""Please Login and Try Again""}}"
1334,GROWW_ERROR,MENONBE,INE071D01033,MENON BEARINGS LIMITED,NSE_EQ|INE071D01033,,,,,,,,,,,,,,,,,,,,,,,,,"Groww HTTP 401: {""errorCode"":401,""errorMessage"":{""message"":""Please Login and Try Again""}}"
1333,GROWW_ERROR,MENNPIS,INE650G01029,MENON PISTONS LTD.,NSE_EQ|INE650G01029,,,,,,,,,,,,,,,,,,,,,,,,,"Groww HTTP 401: {""errorCode"":401,""errorMessage"":{""message"":""Please Login and Try Again""}}"
1332,GROWW_ERROR,MEIL,INE0PKD01011,MANGAL ELECTRICAL IND L,NSE_EQ|INE0PKD01011,,,,,,,,,,,,,,,,,,,,,,,,,"Groww HTTP 401: {""errorCode"":401,""errorMessage"":{""message"":""Please Login and Try Again""}}"
1331,GROWW_ERROR,MEGASTAR,INE00EM01016,MEGASTAR FOODS LIMITED,NSE_EQ|INE00EM01016,,,,,,,,,,,,,,,,,,,,,,,,,"Groww HTTP 401: {""errorCode"":401,""errorMessage"":{""message"":""Please Login and Try Again""}}"
1330,GROWW_ERROR,MEESHO,INE0VDM01015,MEESHO LIMITED,NSE_EQ|INE0VDM01015,,,,,,,,,,,,,,,,,,,,,,,,,"Groww HTTP 401: {""errorCode"":401,""errorMessage"":{""message"":""Please Login and Try Again""}}"
1329,GROWW_ERROR,MEDPLUS,INE804L01022,MEDPLUS HEALTH SERV LTD,NSE_EQ|INE804L01022,,,,,,,,,,,,,,,,,,,,,,,,,"Groww HTTP 401: {""errorCode"":401,""errorMessage"":{""message"":""Please Login and Try Again""}}"
1328,GROWW_ERROR,MEDICO,INE630Y01024,MEDICO REMEDIES LIMITED,NSE_EQ|INE630Y01024,,,,,,,,,,,,,,,,,,,,,,,,,"Groww HTTP 401: {""errorCode"":401,""errorMessage"":{""message"":""Please Login and Try Again""}}"
1327,GROWW_ERROR,MEDICAMEQ,INE646B01010,MEDICAMEN BIOTECH LIMITED,NSE_EQ|INE646B01010,,,,,,,,,,,,,,,,,,,,,,,,,"Groww HTTP 401: {""errorCode"":401,""errorMessage"":{""message"":""Please Login and Try Again""}}"
1326,GROWW_ERROR,MEDIASSIST,INE456Z01021,MEDI ASSIST HEALTH SER L,NSE_EQ|INE456Z01021,,,,,,,,,,,,,,,,,,,,,,,,,"Groww HTTP 401: {""errorCode"":401,""errorMessage"":{""message"":""Please Login and Try Again""}}"
1325,GROWW_ERROR,MEDANTA,INE474Q01031,GLOBAL HEALTH LIMITED,NSE_EQ|INE474Q01031,,,,,,,,,,,,,,,,,,,,,,,,,"Groww HTTP 401: {""errorCode"":401,""errorMessage"":{""message"":""Please Login and Try Again""}}"
1324,GROWW_ERROR,MCX,INE745G01043,MULTI COMMODITY EXCHANGE,NSE_EQ|INE745G01043,,,,,,,,,,,,,,,,,,,,,,,,,"Groww HTTP 401: {""errorCode"":401,""errorMessage"":{""message"":""Please Login and Try Again""}}"
1323,GROWW_ERROR,MCLOUD,INE613C01026,MAGELLANIC CLOUD LIMITED,NSE_EQ|INE613C01026,,,,,,,,,,,,,,,,,,,,,,,,,"Groww HTTP 401: {""errorCode"":401,""errorMessage"":{""message"":""Please Login and Try Again""}}"
1322,GROWW_ERROR,MCLEODRUSS,INE942G01012,MCLEOD RUSSEL INDIA LTD.,NSE_EQ|INE942G01012,,,,,,,,,,,,,,,,,,,,,,,,,"Groww HTTP 401: {""errorCode"":401,""errorMessage"":{""message"":""Please Login and Try Again""}}"
1321,GROWW_ERROR,MCL,INE813V01022,M TEK COPPER LIMITED,NSE_EQ|INE813V01022,,,,,,,,,,,,,,,,,,,,,,,,,"Groww HTTP 401: {""errorCode"":401,""errorMessage"":{""message"":""Please Login and Try Again""}}"
1320,GROWW_ERROR,MCCHRLS-B,INE435D01014,MAC CHARLES (INDIA) LTD.,NSE_EQ|INE435D01014,,,,,,,,,,,,,,,,,,,,,,,,,"Groww HTTP 401: {""errorCode"":401,""errorMessage"":{""message"":""Please Login and Try Again""}}"
1319,GROWW_ERROR,MBLINFRA,INE912H01013,MBL INFRASTRUCTURE LTD,NSE_EQ|INE912H01013,,,,,,,,,,,,,,,,,,,,,,,,,"Groww HTTP 401: {""errorCode"":401,""errorMessage"":{""message"":""Please Login and Try Again""}}"
1318,GROWW_ERROR,MBEL,INE08N601015,M AND B ENGINEERING LTD,NSE_EQ|INE08N601015,,,,,,,,,,,,,,,,,,,,,,,,,"Groww HTTP 401: {""errorCode"":401,""errorMessage"":{""message"":""Please Login and Try Again""}}"
1317,GROWW_ERROR,MBAPL,INE900L01010,MADHYA BHARAT AGRO P. LTD,NSE_EQ|INE900L01010,,,,,,,,,,,,,,,,,,,,,,,,,"Groww HTTP 401: {""errorCode"":401,""errorMessage"":{""message"":""Please Login and Try Again""}}"
1316,GROWW_ERROR,MAZDOCK,INE249Z01020,MAZAGON DOCK SHIPBUIL LTD,NSE_EQ|INE249Z01020,,,,,,,,,,,,,,,,,,,,,,,,,"Groww HTTP 401: {""errorCode"":401,""errorMessage"":{""message"":""Please Login and Try Again""}}"
1315,GROWW_ERROR,MAZDA,INE885E01042,MAZDA LIMITED,NSE_EQ|INE885E01042,,,,,,,,,,,,,,,,,,,,,,,,,"Groww HTTP 401: {""errorCode"":401,""errorMessage"":{""message"":""Please Login and Try Again""}}"
1314,GROWW_ERROR,MAYURUNIQ,INE040D01038,MAYUR UNIQUOTERS LTD,NSE_EQ|INE040D01038,,,,,,,,,,,,,,,,,,,,,,,,,"Groww HTTP 401: {""errorCode"":401,""errorMessage"":{""message"":""Please Login and Try Again""}}"
1313,GROWW_ERROR,MAXIND,INE0CG601016,MAX INDIA LIMITED,NSE_EQ|INE0CG601016,,,,,,,,,,,,,,,,,,,,,,,,,"Groww HTTP 401: {""errorCode"":401,""errorMessage"":{""message"":""Please Login and Try Again""}}"
1312,GROWW_ERROR,MAXHEALTH,INE027H01010,MAX HEALTHCARE INS LTD,NSE_EQ|INE027H01010,,,,,,,,,,,,,,,,,,,,,,,,,"Groww HTTP 401: {""errorCode"":401,""errorMessage"":{""message"":""Please Login and Try Again""}}"
1311,GROWW_ERROR,MAXESTATES,INE03EI01018,MAX ESTATES LIMITED,NSE_EQ|INE03EI01018,,,,,,,,,,,,,,,,,,,,,,,,,"Groww HTTP 401: {""errorCode"":401,""errorMessage"":{""message"":""Please Login and Try Again""}}"
1310,GROWW_ERROR,MAWANASUG,INE636A01039,MAWANA SUGARS LIMITED,NSE_EQ|INE636A01039,,,,,,,,,,,,,,,,,,,,,,,,,"Groww HTTP 401: {""errorCode"":401,""errorMessage"":{""message"":""Please Login and Try Again""}}"
1309,GROWW_ERROR,MATRIMONY,INE866R01028,MATRIMONY.COM LIMITED,NSE_EQ|INE866R01028,,,,,,,,,,,,,,,,,,,,,,,,,"Groww HTTP 401: {""errorCode"":401,""errorMessage"":{""message"":""Please Login and Try Again""}}"
1308,GROWW_ERROR,MASTERTR,INE677D01037,MASTER TRUST LIMITED,NSE_EQ|INE677D01037,,,,,,,,,,,,,,,,,,,,,,,,,"Groww HTTP 401: {""errorCode"":401,""errorMessage"":{""message"":""Please Login and Try Again""}}"
1307,GROWW_ERROR,MASTEK,INE759A01021,MASTEK LTD,NSE_EQ|INE759A01021,,,,,,,,,,,,,,,,,,,,,,,,,"Groww HTTP 401: {""errorCode"":401,""errorMessage"":{""message"":""Please Login and Try Again""}}"
1306,GROWW_ERROR,MASKINVEST,INE885F01015,MASK INVESTMENTS LIMITED,NSE_EQ|INE885F01015,,,,,,,,,,,,,,,,,,,,,,,,,"Groww HTTP 401: {""errorCode"":401,""errorMessage"":{""message"":""Please Login and Try Again""}}"
1305,GROWW_ERROR,MASFIN,INE348L01012,MAS FINANCIAL SERV LTD,NSE_EQ|INE348L01012,,,,,,,,,,,,,,,,,,,,,,,,,"Groww HTTP 401: {""errorCode"":401,""errorMessage"":{""message"":""Please Login and Try Again""}}"
1304,GROWW_ERROR,MARSONS,INE415B01044,MARSONS LIMITED,NSE_EQ|INE415B01044,,,,,,,,,,,,,,,,,,,,,,,,,"Groww HTTP 401: {""errorCode"":401,""errorMessage"":{""message"":""Please Login and Try Again""}}"
1303,GROWW_ERROR,MARKSANS,INE750C01026,MARKSANS PHARMA LIMITED,NSE_EQ|INE750C01026,,,,,,,,,,,,,,,,,,,,,,,,,"Groww HTTP 401: {""errorCode"":401,""errorMessage"":{""message"":""Please Login and Try Again""}}"
1302,GROWW_ERROR,MARKOLINES,INE0FW001016,MARKOLINES PAVEMENT TEC L,NSE_EQ|INE0FW001016,,,,,,,,,,,,,,,,,,,,,,,,,"Groww HTTP 401: {""errorCode"":401,""errorMessage"":{""message"":""Please Login and Try Again""}}"
1301,GROWW_ERROR,MARINE,INE01JE01028,MARINE ELECTRICAL (I) LTD,NSE_EQ|INE01JE01028,,,,,,,,,,,,,,,,,,,,,,,,,"Groww HTTP 401: {""errorCode"":401,""errorMessage"":{""message"":""Please Login and Try Again""}}"
1300,GROWW_ERROR,MARICO,INE196A01026,MARICO LIMITED,NSE_EQ|INE196A01026,,,,,,,,,,,,,,,,,,,,,,,,,"Groww HTTP 401: {""errorCode"":401,""errorMessage"":{""message"":""Please Login and Try Again""}}"
1299,GROWW_ERROR,MARATHON,INE182D01020,MARATHON NXTGEN REALT LTD,NSE_EQ|INE182D01020,,,,,,,,,,,,,,,,,,,,,,,,,"Groww HTTP 401: {""errorCode"":401,""errorMessage"":{""message"":""Please Login and Try Again""}}"
1298,GROWW_ERROR,MARALOVER,INE882A01013,MARAL OVERSEAS LTD,NSE_EQ|INE882A01013,,,,,,,,,,,,,,,,,,,,,,,,,"Groww HTTP 401: {""errorCode"":401,""errorMessage"":{""message"":""Please Login and Try Again""}}"
1297,GROWW_ERROR,MAPMYINDIA,INE0BV301023,C.E. INFO SYSTEMS LIMITED,NSE_EQ|INE0BV301023,,,,,,,,,,,,,,,,,,,,,,,,,"Groww HTTP 401: {""errorCode"":401,""errorMessage"":{""message"":""Please Login and Try Again""}}"
1296,GROWW_ERROR,MANYAVAR,INE825V01034,VEDANT FASHIONS LIMITED,NSE_EQ|INE825V01034,,,,,,,,,,,,,,,,,,,,,,,,,"Groww HTTP 401: {""errorCode"":401,""errorMessage"":{""message"":""Please Login and Try Again""}}"
1295,GROWW_ERROR,MANUGRAPH,INE867A01022,MANUGRAPH INDIA LIMITED,NSE_EQ|INE867A01022,,,,,,,,,,,,,,,,,,,,,,,,,"Groww HTTP 401: {""errorCode"":401,""errorMessage"":{""message"":""Please Login and Try Again""}}"
1294,GROWW_ERROR,MANORG,INE370D01013,MANGALAM ORGANICS LIMITED,NSE_EQ|INE370D01013,,,,,,,,,,,,,,,,,,,,,,,,,"Groww HTTP 401: {""errorCode"":401,""errorMessage"":{""message"":""Please Login and Try Again""}}"
1293,GROWW_ERROR,MANORAMA,INE00VM01036,MANORAMA INDUSTRIES LTD,NSE_EQ|INE00VM01036,,,,,,,,,,,,,,,,,,,,,,,,,"Groww HTTP 401: {""errorCode"":401,""errorMessage"":{""message"":""Please Login and Try Again""}}"
1292,GROWW_ERROR,MANOMAY,INE784W01015,MANOMAY TEX INDIA LTD,NSE_EQ|INE784W01015,,,,,,,,,,,,,,,,,,,,,,,,,"Groww HTTP 401: {""errorCode"":401,""errorMessage"":{""message"":""Please Login and Try Again""}}"
1291,GROWW_ERROR,MANKIND,INE634S01028,MANKIND PHARMA LIMITED,NSE_EQ|INE634S01028,,,,,,,,,,,,,,,,,,,,,,,,,"Groww HTTP 401: {""errorCode"":401,""errorMessage"":{""message"":""Please Login and Try Again""}}"
1290,GROWW_ERROR,MANINFRA,INE949H01023,MAN INFRA LTD,NSE_EQ|INE949H01023,,,,,,,,,,,,,,,,,,,,,,,,,"Groww HTTP 401: {""errorCode"":401,""errorMessage"":{""message"":""Please Login and Try Again""}}"
1289,GROWW_ERROR,MANINDS,INE993A01026,MAN INDUSTRIES (I) LTD.,NSE_EQ|INE993A01026,,,,,,,,,,,,,,,,,,,,,,,,,"Groww HTTP 401: {""errorCode"":401,""errorMessage"":{""message"":""Please Login and Try Again""}}"
1288,GROWW_ERROR,MANGLMCEM,INE347A01017,MANGALAM CEMENT LTD,NSE_EQ|INE347A01017,,,,,,,,,,,,,,,,,,,,,,,,,"Groww HTTP 401: {""errorCode"":401,""errorMessage"":{""message"":""Please Login and Try Again""}}"
1287,GROWW_ERROR,MANGALAM,INE584F01014,MANGALAM DRUG & CHEM LTD,NSE_EQ|INE584F01014,,,,,,,,,,,,,,,,,,,,,,,,,"Groww HTTP 401: {""errorCode"":401,""errorMessage"":{""message"":""Please Login and Try Again""}}"
1286,GROWW_ERROR,MANCREDIT,INE545L01039,MANGAL CREDIT N FINCORP L,NSE_EQ|INE545L01039,,,,,,,,,,,,,,,,,,,,,,,,,"Groww HTTP 401: {""errorCode"":401,""errorMessage"":{""message"":""Please Login and Try Again""}}"
1285,GROWW_ERROR,MANBA,INE939X01013,MANBA FINANCE LIMITED,NSE_EQ|INE939X01013,,,,,,,,,,,,,,,,,,,,,,,,,"Groww HTTP 401: {""errorCode"":401,""errorMessage"":{""message"":""Please Login and Try Again""}}"
1284,GROWW_ERROR,MANAPPURAM,INE522D01027,MANAPPURAM FINANCE LTD,NSE_EQ|INE522D01027,,,,,,,,,,,,,,,,,,,,,,,,,"Groww HTTP 401: {""errorCode"":401,""errorMessage"":{""message"":""Please Login and Try Again""}}"
1283,GROWW_ERROR,MANALIPETC,INE201A01024,MANALI PETROCHEMICALS LT,NSE_EQ|INE201A01024,,,,,,,,,,,,,,,,,,,,,,,,,"Groww HTTP 401: {""errorCode"":401,""errorMessage"":{""message"":""Please Login and Try Again""}}"
1282,GROWW_ERROR,MANAKSTEEL,INE824Q01011,MANAKSIA STEELS LTD,NSE_EQ|INE824Q01011,,,,,,,,,,,,,,,,,,,,,,,,,"Groww HTTP 401: {""errorCode"":401,""errorMessage"":{""message"":""Please Login and Try Again""}}"
1281,GROWW_ERROR,MANAKSIA,INE015D01022,MANAKSIA LTD.,NSE_EQ|INE015D01022,,,,,,,,,,,,,,,,,,,,,,,,,"Groww HTTP 401: {""errorCode"":401,""errorMessage"":{""message"":""Please Login and Try Again""}}"
1280,GROWW_ERROR,MANAKCOAT,INE830Q01018,MAN COAT METAL & IND LTD,NSE_EQ|INE830Q01018,,,,,,,,,,,,,,,,,,,,,,,,,"Groww HTTP 401: {""errorCode"":401,""errorMessage"":{""message"":""Please Login and Try Again""}}"
1279,GROWW_ERROR,MANAKALUCO,INE859Q01017,MANAK ALUMINIUM CO. LTD.,NSE_EQ|INE859Q01017,,,,,,,,,,,,,,,,,,,,,,,,,"Groww HTTP 401: {""errorCode"":401,""errorMessage"":{""message"":""Please Login and Try Again""}}"
1278,GROWW_ERROR,MAMATA,INE0TO701015,MAMATA MACHINERY LIMITED,NSE_EQ|INE0TO701015,,,,,,,,,,,,,,,,,,,,,,,,,"Groww HTTP 401: {""errorCode"":401,""errorMessage"":{""message"":""Please Login and Try Again""}}"
1277,GROWW_ERROR,MALUPAPER,INE383H01017,MALU PAPER MILLS LIMITED,NSE_EQ|INE383H01017,,,,,,,,,,,,,,,,,,,,,,,,,"Groww HTTP 401: {""errorCode"":401,""errorMessage"":{""message"":""Please Login and Try Again""}}"
1276,GROWW_ERROR,MALLCOM,INE389C01015,MALLCOM (INDIA) LIMITED,NSE_EQ|INE389C01015,,,,,,,,,,,,,,,,,,,,,,,,,"Groww HTTP 401: {""errorCode"":401,""errorMessage"":{""message"":""Please Login and Try Again""}}"
1275,GROWW_ERROR,MAJESAUT,INE201B01022,MAJESTIC AUTO LTD.,NSE_EQ|INE201B01022,,,,,,,,,,,,,,,,,,,,,,,,,"Groww HTTP 401: {""errorCode"":401,""errorMessage"":{""message"":""Please Login and Try Again""}}"
1274,GROWW_ERROR,MAITHANALL,INE683C01011,MAITHAN ALLOYS LTD,NSE_EQ|INE683C01011,,,,,,,,,,,,,,,,,,,,,,,,,"Groww HTTP 401: {""errorCode"":401,""errorMessage"":{""message"":""Please Login and Try Again""}}"
1273,GROWW_ERROR,MAHSEAMLES,INE271B01025,MAHARASHTRA SEAMLESS LTD,NSE_EQ|INE271B01025,,,,,,,,,,,,,,,,,,,,,,,,,"Groww HTTP 401: {""errorCode"":401,""errorMessage"":{""message"":""Please Login and Try Again""}}"
1272,GROWW_ERROR,MAHSCOOTER,INE288A01013,MAHARASHTRA SCOOTERS LTD,NSE_EQ|INE288A01013,,,,,,,,,,,,,,,,,,,,,,,,,"Groww HTTP 401: {""errorCode"":401,""errorMessage"":{""message"":""Please Login and Try Again""}}"
1271,GROWW_ERROR,MAHLOG,INE766P01016,MAHINDRA LOGISTIC LIMITED,NSE_EQ|INE766P01016,,,,,,,,,,,,,,,,,,,,,,,,,"Groww HTTP 401: {""errorCode"":401,""errorMessage"":{""message"":""Please Login and Try Again""}}"
1270,GROWW_ERROR,MAHLIFE,INE813A01018,MAHINDRA LIFESPACE DEVLTD,NSE_EQ|INE813A01018,,,,,,,,,,,,,,,,,,,,,,,,,"Groww HTTP 401: {""errorCode"":401,""errorMessage"":{""message"":""Please Login and Try Again""}}"
1269,GROWW_ERROR,MAHESHWARI,INE263W01010,MAHESHWARI LOGISTICS LTD.,NSE_EQ|INE263W01010,,,,,,,,,,,,,,,,,,,,,,,,,"Groww HTTP 401: {""errorCode"":401,""errorMessage"":{""message"":""Please Login and Try Again""}}"
1268,GROWW_ERROR,MAHEPC,INE215D01010,MAHINDRA EPC IRRIG LTD,NSE_EQ|INE215D01010,,,,,,,,,,,,,,,,,,,,,,,,,"Groww HTTP 401: {""errorCode"":401,""errorMessage"":{""message"":""Please Login and Try Again""}}"
1267,GROWW_ERROR,MAHASTEEL,INE451L01014,MAHAMAYA STEEL INDS LTD,NSE_EQ|INE451L01014,,,,,,,,,,,,,,,,,,,,,,,,,"Groww HTTP 401: {""errorCode"":401,""errorMessage"":{""message"":""Please Login and Try Again""}}"
1266,GROWW_ERROR,MAHAPEXLTD,INE843B01013,MAHA RASHTRA APEX COPR. L,NSE_EQ|INE843B01013,,,,,,,,,,,,,,,,,,,,,,,,,"Groww HTTP 401: {""errorCode"":401,""errorMessage"":{""message"":""Please Login and Try Again""}}"
1265,GROWW_ERROR,MAHABANK,INE457A01014,BANK OF MAHARASHTRA,NSE_EQ|INE457A01014,,,,,,,,,,,,,,,,,,,,,,,,,"Groww HTTP 401: {""errorCode"":401,""errorMessage"":{""message"":""Please Login and Try Again""}}"
1264,GROWW_ERROR,MAGNUM,INE387I01016,MAGNUM VENTURES LTD.,NSE_EQ|INE387I01016,,,,,,,,,,,,,,,,,,,,,,,,,"Groww HTTP 401: {""errorCode"":401,""errorMessage"":{""message"":""Please Login and Try Again""}}"
1263,GROWW_ERROR,MAGADSUGAR,INE347W01011,MAGADH SUGAR & ENERGY LTD,NSE_EQ|INE347W01011,,,,,,,,,,,,,,,,,,,,,,,,,"Groww HTTP 401: {""errorCode"":401,""errorMessage"":{""message"":""Please Login and Try Again""}}"
1262,GROWW_ERROR,MAFATIND,INE270B01035,MAFATLAL INDUSTRIES LTD.,NSE_EQ|INE270B01035,,,,,,,,,,,,,,,,,,,,,,,,,"Groww HTTP 401: {""errorCode"":401,""errorMessage"":{""message"":""Please Login and Try Again""}}"
1261,GROWW_ERROR,MADRASFERT,INE414A01015,MADRAS FERTILISERS LTD,NSE_EQ|INE414A01015,,,,,,,,,,,,,,,,,,,,,,,,,"Groww HTTP 401: {""errorCode"":401,""errorMessage"":{""message"":""Please Login and Try Again""}}"
1260,GROWW_ERROR,MADHUCON,INE378D01032,MADHUCON PROJECTS LTD.,NSE_EQ|INE378D01032,,,,,,,,,,,,,,,,,,,,,,,,,"Groww HTTP 401: {""errorCode"":401,""errorMessage"":{""message"":""Please Login and Try Again""}}"
1259,GROWW_ERROR,MADHAVIPL,INE631R01026,MADHAV INFRA PROJECTS L,NSE_EQ|INE631R01026,,,,,,,,,,,,,,,,,,,,,,,,,"Groww HTTP 401: {""errorCode"":401,""errorMessage"":{""message"":""Please Login and Try Again""}}"
1258,GROWW_ERROR,MADHAV,INE925C01016,MADHAV MARBLE & GRANITE,NSE_EQ|INE925C01016,,,,,,,,,,,,,,,,,,,,,,,,,"Groww HTTP 401: {""errorCode"":401,""errorMessage"":{""message"":""Please Login and Try Again""}}"
1257,GROWW_ERROR,MACPOWER,INE155Z01011,MACPOWER CNC MACHINES LTD,NSE_EQ|INE155Z01011,,,,,,,,,,,,,,,,,,,,,,,,,"Groww HTTP 401: {""errorCode"":401,""errorMessage"":{""message"":""Please Login and Try Again""}}"
1256,GROWW_ERROR,MAANALU,INE215I01027,MAAN ALUMINIUM LIMITED,NSE_EQ|INE215I01027,,,,,,,,,,,,,,,,,,,,,,,,,"Groww HTTP 401: {""errorCode"":401,""errorMessage"":{""message"":""Please Login and Try Again""}}"
1255,GROWW_ERROR,M&MFIN,INE774D01024,M&M FIN. SERVICES LTD,NSE_EQ|INE774D01024,,,,,,,,,,,,,,,,,,,,,,,,,"Groww HTTP 401: {""errorCode"":401,""errorMessage"":{""message"":""Please Login and Try Again""}}"
1254,GROWW_ERROR,LYPSAGEMS,INE142K01011,LYPSA GEMS & JEWEL LTD,NSE_EQ|INE142K01011,,,,,,,,,,,,,,,,,,,,,,,,,"Groww HTTP 401: {""errorCode"":401,""errorMessage"":{""message"":""Please Login and Try Again""}}"
1253,GROWW_ERROR,LYKALABS,INE933A01014,LYKA LABS LTD,NSE_EQ|INE933A01014,,,,,,,,,,,,,,,,,,,,,,,,,"Groww HTTP 401: {""errorCode"":401,""errorMessage"":{""message"":""Please Login and Try Again""}}"
1252,GROWW_ERROR,LXCHEM,INE576O01020,LAXMI ORGANIC INDUS LTD,NSE_EQ|INE576O01020,,,,,,,,,,,,,,,,,,,,,,,,,"Groww HTTP 401: {""errorCode"":401,""errorMessage"":{""message"":""Please Login and Try Again""}}"
1251,GROWW_ERROR,LUXIND,INE150G01020,LUX INDUSTRIES LIMITED,NSE_EQ|INE150G01020,,,,,,,,,,,,,,,,,,,,,,,,,"Groww HTTP 401: {""errorCode"":401,""errorMessage"":{""message"":""Please Login and Try Again""}}"
1250,GROWW_ERROR,LUPIN,INE326A01037,LUPIN LIMITED,NSE_EQ|INE326A01037,,,,,,,,,,,,,,,,,,,,,,,,,"Groww HTTP 401: {""errorCode"":401,""errorMessage"":{""message"":""Please Login and Try Again""}}"
1249,GROWW_ERROR,LUMAXTECH,INE872H01027,LUMAX AUTO TECH LTD,NSE_EQ|INE872H01027,,,,,,,,,,,,,,,,,,,,,,,,,"Groww HTTP 401: {""errorCode"":401,""errorMessage"":{""message"":""Please Login and Try Again""}}"
1248,GROWW_ERROR,LUMAXIND,INE162B01018,LUMAX INDUSTRIES LTD,NSE_EQ|INE162B01018,,,,,,,,,,,,,,,,,,,,,,,,,"Groww HTTP 401: {""errorCode"":401,""errorMessage"":{""message"":""Please Login and Try Again""}}"
1247,GROWW_ERROR,LTTS,INE010V01017,L&T TECHNOLOGY SER. LTD.,NSE_EQ|INE010V01017,,,,,,,,,,,,,,,,,,,,,,,,,"Groww HTTP 401: {""errorCode"":401,""errorMessage"":{""message"":""Please Login and Try Again""}}"
1246,GROWW_ERROR,LTM,INE214T01019,LTM LIMITED,NSE_EQ|INE214T01019,,,,,,,,,,,,,,,,,,,,,,,,,"Groww HTTP 401: {""errorCode"":401,""errorMessage"":{""message"":""Please Login and Try Again""}}"
1245,GROWW_ERROR,LTFOODS,INE818H01020,LT FOODS LIMITED,NSE_EQ|INE818H01020,,,,,,,,,,,,,,,,,,,,,,,,,"Groww HTTP 401: {""errorCode"":401,""errorMessage"":{""message"":""Please Login and Try Again""}}"
1244,GROWW_ERROR,LTF,INE498L01015,L&T FINANCE LIMITED,NSE_EQ|INE498L01015,,,,,,,,,,,,,,,,,,,,,,,,,"Groww HTTP 401: {""errorCode"":401,""errorMessage"":{""message"":""Please Login and Try Again""}}"
1243,GROWW_ERROR,LPDC,INE197J01017,LANDMARK PR.DEV.CO.LTD,NSE_EQ|INE197J01017,,,,,,,,,,,,,,,,,,,,,,,,,"Groww HTTP 401: {""errorCode"":401,""errorMessage"":{""message"":""Please Login and Try Again""}}"
1242,GROWW_ERROR,LOYALTEX,INE970D01010,LOYAL TEXTILE MILLS LTD,NSE_EQ|INE970D01010,,,,,,,,,,,,,,,,,,,,,,,,,"Groww HTTP 401: {""errorCode"":401,""errorMessage"":{""message"":""Please Login and Try Again""}}"
1241,GROWW_ERROR,LOVABLE,INE597L01014,LOVABLE LINGERIE LTD,NSE_EQ|INE597L01014,,,,,,,,,,,,,,,,,,,,,,,,,"Groww HTTP 401: {""errorCode"":401,""errorMessage"":{""message"":""Please Login and Try Again""}}"
1240,GROWW_ERROR,LOTUSEYE,INE947I01017,LOTUS EYE HOSP & INST L,NSE_EQ|INE947I01017,,,,,,,,,,,,,,,,,,,,,,,,,"Groww HTTP 401: {""errorCode"":401,""errorMessage"":{""message"":""Please Login and Try Again""}}"
1239,GROWW_ERROR,LOTUSDEV,INE0V9Q01010,SRI LOTUS DEVLPRS N RTY L,NSE_EQ|INE0V9Q01010,,,,,,,,,,,,,,,,,,,,,,,,,"Groww HTTP 401: {""errorCode"":401,""errorMessage"":{""message"":""Please Login and Try Again""}}"
1238,GROWW_ERROR,LORDSCHLO,INE846D01012,LORDS CHLORO ALKALI LTD,NSE_EQ|INE846D01012,,,,,,,,,,,,,,,,,,,,,,,,,"Groww HTTP 401: {""errorCode"":401,""errorMessage"":{""message"":""Please Login and Try Again""}}"
1237,GROWW_ERROR,LOKESHMACH,INE397H01017,LOKESH MACHINES LTD,NSE_EQ|INE397H01017,,,,,,,,,,,,,,,,,,,,,,,,,"Groww HTTP 401: {""errorCode"":401,""errorMessage"":{""message"":""Please Login and Try Again""}}"
1236,GROWW_ERROR,LODHA,INE670K01029,LODHA DEVELOPERS LIMITED,NSE_EQ|INE670K01029,,,,,,,,,,,,,,,,,,,,,,,,,"Groww HTTP 401: {""errorCode"":401,""errorMessage"":{""message"":""Please Login and Try Again""}}"
1235,GROWW_ERROR,LMW,INE269B01029,LMW LIMITED,NSE_EQ|INE269B01029,,,,,,,,,,,,,,,,,,,,,,,,,"Groww HTTP 401: {""errorCode"":401,""errorMessage"":{""message"":""Please Login and Try Again""}}"
1234,GROWW_ERROR,LLOYDSME,INE281B01032,LLOYDS METALS N ENERGY L,NSE_EQ|INE281B01032,,,,,,,,,,,,,,,,,,,,,,,,,"Groww HTTP 401: {""errorCode"":401,""errorMessage"":{""message"":""Please Login and Try Again""}}"
1233,GROWW_ERROR,LLOYDSENT,INE080I01025,LLOYDS ENTERPRISES LTD,NSE_EQ|INE080I01025,,,,,,,,,,,,,,,,,,,,,,,,,"Groww HTTP 401: {""errorCode"":401,""errorMessage"":{""message"":""Please Login and Try Again""}}"
1232,GROWW_ERROR,LLOYDSENGG,INE093R01011,LLOYDS ENGG WORK LIMITED,NSE_EQ|INE093R01011,,,,,,,,,,,,,,,,,,,,,,,,,"Groww HTTP 401: {""errorCode"":401,""errorMessage"":{""message"":""Please Login and Try Again""}}"
1231,GROWW_ERROR,LINDEINDIA,INE473A01011,LINDE INDIA LIMITED,NSE_EQ|INE473A01011,,,,,,,,,,,,,,,,,,,,,,,,,"Groww HTTP 401: {""errorCode"":401,""errorMessage"":{""message"":""Please Login and Try Again""}}"
1230,GROWW_ERROR,LINCOLN,INE405C01035,LINCOLN PHARMA LTD,NSE_EQ|INE405C01035,,,,,,,,,,,,,,,,,,,,,,,,,"Groww HTTP 401: {""errorCode"":401,""errorMessage"":{""message"":""Please Login and Try Again""}}"
1229,GROWW_ERROR,LINC,INE802B01027,LINC LIMITED,NSE_EQ|INE802B01027,,,,,,,,,,,,,,,,,,,,,,,,,"Groww HTTP 401: {""errorCode"":401,""errorMessage"":{""message"":""Please Login and Try Again""}}"
1228,GROWW_ERROR,LIKHITHA,INE060901027,LIKHITHA INFRASTRUC LTD,NSE_EQ|INE060901027,,,,,,,,,,,,,,,,,,,,,,,,,"Groww HTTP 401: {""errorCode"":401,""errorMessage"":{""message"":""Please Login and Try Again""}}"
1227,GROWW_ERROR,LICI,INE0J1Y01017,LIFE INSURA CORP OF INDIA,NSE_EQ|INE0J1Y01017,,,,,,,,,,,,,,,,,,,,,,,,,"Groww HTTP 401: {""errorCode"":401,""errorMessage"":{""message"":""Please Login and Try Again""}}"
1226,GROWW_ERROR,LICHSGFIN,INE115A01026,LIC HOUSING FINANCE LTD,NSE_EQ|INE115A01026,,,,,,,,,,,,,,,,,,,,,,,,,"Groww HTTP 401: {""errorCode"":401,""errorMessage"":{""message"":""Please Login and Try Again""}}"
1225,GROWW_ERROR,LIBERTSHOE,INE557B01019,LIBERTY SHOES LTD,NSE_EQ|INE557B01019,,,,,,,,,,,,,,,,,,,,,,,,,"Groww HTTP 401: {""errorCode"":401,""errorMessage"":{""message"":""Please Login and Try Again""}}"
1224,GROWW_ERROR,LIBAS,INE908V01012,LIBAS CONSU PRODUCTS LTD,NSE_EQ|INE908V01012,,,,,,,,,,,,,,,,,,,,,,,,,"Groww HTTP 401: {""errorCode"":401,""errorMessage"":{""message"":""Please Login and Try Again""}}"
1223,GROWW_ERROR,LGHL,INE258Y01016,LAXMI GOLDORNA HOUSE LTD,NSE_EQ|INE258Y01016,,,,,,,,,,,,,,,,,,,,,,,,,"Groww HTTP 401: {""errorCode"":401,""errorMessage"":{""message"":""Please Login and Try Again""}}"
1222,GROWW_ERROR,LGEINDIA,INE324D01010,LG ELECTRONICS INDIA LTD,NSE_EQ|INE324D01010,,,,,,,,,,,,,,,,,,,,,,,,,"Groww HTTP 401: {""errorCode"":401,""errorMessage"":{""message"":""Please Login and Try Again""}}"
1221,GROWW_ERROR,LGBBROSLTD,INE337A01034,LG BALAKRISHNAN & BROS,NSE_EQ|INE337A01034,,,,,,,,,,,,,,,,,,,,,,,,,"Groww HTTP 401: {""errorCode"":401,""errorMessage"":{""message"":""Please Login and Try Again""}}"
1220,GROWW_ERROR,LFIC,INE850E01012,LAKSHMI FIN IND CORP LTD,NSE_EQ|INE850E01012,,,,,,,,,,,,,,,,,,,,,,,,,"Groww HTTP 401: {""errorCode"":401,""errorMessage"":{""message"":""Please Login and Try Again""}}"
1219,GROWW_ERROR,LEXUS,INE500X01013,LEXUS GRANITO (INDIA) LTD,NSE_EQ|INE500X01013,,,,,,,,,,,,,,,,,,,,,,,,,"Groww HTTP 401: {""errorCode"":401,""errorMessage"":{""message"":""Please Login and Try Again""}}"
1218,GROWW_ERROR,LENSKART,INE956O01016,LENSKART SOLUTIONS LTD,NSE_EQ|INE956O01016,,,,,,,,,,,,,,,,,,,,,,,,,"Groww HTTP 401: {""errorCode"":401,""errorMessage"":{""message"":""Please Login and Try Again""}}"
1217,GROWW_ERROR,LEMONTREE,INE970X01018,LEMON TREE HOTELS LTD,NSE_EQ|INE970X01018,,,,,,,,,,,,,,,,,,,,,,,,,"Groww HTTP 401: {""errorCode"":401,""errorMessage"":{""message"":""Please Login and Try Again""}}"
1216,GROWW_ERROR,LEMERITE,INE0G1L01025,LE MERITE EXPORTS LIMITED,NSE_EQ|INE0G1L01025,,,,,,,,,,,,,,,,,,,,,,,,,"Groww HTTP 401: {""errorCode"":401,""errorMessage"":{""message"":""Please Login and Try Again""}}"
1215,GROWW_ERROR,LCCINFOTEC,INE938A01021,LCC INFOTECH LTD,NSE_EQ|INE938A01021,,,,,,,,,,,,,,,,,,,,,,,,,"Groww HTTP 401: {""errorCode"":401,""errorMessage"":{""message"":""Please Login and Try Again""}}"
1214,GROWW_ERROR,LAXMIINDIA,INE06WU01026,LAXMI INDIA FINANCE LTD,NSE_EQ|INE06WU01026,,,,,,,,,,,,,,,,,,,,,,,,,"Groww HTTP 401: {""errorCode"":401,""errorMessage"":{""message"":""Please Login and Try Again""}}"
1213,GROWW_ERROR,LAXMIDENTL,INE0WO601020,LAXMI DENTAL LIMITED,NSE_EQ|INE0WO601020,,,,,,,,,,,,,,,,,,,,,,,,,"Groww HTTP 401: {""errorCode"":401,""errorMessage"":{""message"":""Please Login and Try Again""}}"
1212,GROWW_ERROR,LAXMICOT,INE801V01019,LAXMI COTSPIN LIMITED,NSE_EQ|INE801V01019,,,,,,,,,,,,,,,,,,,,,,,,,"Groww HTTP 401: {""errorCode"":401,""errorMessage"":{""message"":""Please Login and Try Again""}}"
1211,GROWW_ERROR,LAURUSLABS,INE947Q01028,LAURUS LABS LIMITED,NSE_EQ|INE947Q01028,,,,,,,,,,,,,,,,,,,,,,,,,"Groww HTTP 401: {""errorCode"":401,""errorMessage"":{""message"":""Please Login and Try Again""}}"
1210,GROWW_ERROR,LATTEYS,INE262Z01023,LATTEYS INDUSTRIES LTD,NSE_EQ|INE262Z01023,,,,,,,,,,,,,,,,,,,,,,,,,"Groww HTTP 401: {""errorCode"":401,""errorMessage"":{""message"":""Please Login and Try Again""}}"
1209,GROWW_ERROR,LATENTVIEW,INE0I7C01011,LATENT VIEW ANALYTICS LTD,NSE_EQ|INE0I7C01011,,,,,,,,,,,,,,,,,,,,,,,,,"Groww HTTP 401: {""errorCode"":401,""errorMessage"":{""message"":""Please Login and Try Again""}}"
1208,GROWW_ERROR,LASA,INE670X01014,LASA SUPERGENERICS LTD,NSE_EQ|INE670X01014,,,,,,,,,,,,,,,,,,,,,,,,,"Groww HTTP 401: {""errorCode"":401,""errorMessage"":{""message"":""Please Login and Try Again""}}"
1207,GROWW_ERROR,LAOPALA,INE059D01020,LA OPALA RG LIMITED,NSE_EQ|INE059D01020,,,,,,,,,,,,,,,,,,,,,,,,,"Groww HTTP 401: {""errorCode"":401,""errorMessage"":{""message"":""Please Login and Try Again""}}"
1206,GROWW_ERROR,LANDSMILL,INE688J01023,LANDSMILL GREEN LIMITED,NSE_EQ|INE688J01023,,,,,,,,,,,,,,,,,,,,,,,,,"Groww HTTP 401: {""errorCode"":401,""errorMessage"":{""message"":""Please Login and Try Again""}}"
1205,GROWW_ERROR,LANDMARK,INE559R01029,LANDMARK CARS LIMITED,NSE_EQ|INE559R01029,,,,,,,,,,,,,,,,,,,,,,,,,"Groww HTTP 401: {""errorCode"":401,""errorMessage"":{""message"":""Please Login and Try Again""}}"
1204,GROWW_ERROR,LANCORHOL,INE572G01025,LANCOR HOLDINGS LIMITED,NSE_EQ|INE572G01025,,,,,,,,,,,,,,,,,,,,,,,,,"Groww HTTP 401: {""errorCode"":401,""errorMessage"":{""message"":""Please Login and Try Again""}}"
1203,GROWW_ERROR,LAMBODHARA,INE112F01022,LAMBODHARA TEXTILES LTD.,NSE_EQ|INE112F01022,,,,,,,,,,,,,,,,,,,,,,,,,"Groww HTTP 401: {""errorCode"":401,""errorMessage"":{""message"":""Please Login and Try Again""}}"
1202,GROWW_ERROR,LALPATHLAB,INE600L01024,DR. LAL PATH LABS LTD.,NSE_EQ|INE600L01024,,,,,,,,,,,,,,,,,,,,,,,,,"Groww HTTP 401: {""errorCode"":401,""errorMessage"":{""message"":""Please Login and Try Again""}}"
1201,GROWW_ERROR,LAL,INE740X01023,LORENZINI APPARELS LTD,NSE_EQ|INE740X01023,,,,,,,,,,,,,,,,,,,,,,,,,"Groww HTTP 401: {""errorCode"":401,""errorMessage"":{""message"":""Please Login and Try Again""}}"
1200,GROWW_ERROR,LAKPRE,INE651C01018,LAKSHMI PRE SCRE LTD,NSE_EQ|INE651C01018,,,,,,,,,,,,,,,,,,,,,,,,,"Groww HTTP 401: {""errorCode"":401,""errorMessage"":{""message"":""Please Login and Try Again""}}"
1199,GROWW_ERROR,LAHOTIOV,INE515C01023,LAHOTI OVERSEAS LTD.,NSE_EQ|INE515C01023,,,,,,,,,,,,,,,,,,,,,,,,,"Groww HTTP 401: {""errorCode"":401,""errorMessage"":{""message"":""Please Login and Try Again""}}"
1198,GROWW_ERROR,LAGNAM,INE548Z01017,LAGNAM SPINTEX LIMITED,NSE_EQ|INE548Z01017,,,,,,,,,,,,,,,,,,,,,,,,,"Groww HTTP 401: {""errorCode"":401,""errorMessage"":{""message"":""Please Login and Try Again""}}"
1197,GROWW_ERROR,KWIL,INE2KCE01013,KWALITY WALL'S (INDIA) L,NSE_EQ|INE2KCE01013,,,,,,,,,,,,,,,,,,,,,,,,,"Groww HTTP 401: {""errorCode"":401,""errorMessage"":{""message"":""Please Login and Try Again""}}"
1196,GROWW_ERROR,KUANTUM,INE529I01021,KUANTUM PAPERS LIMITED,NSE_EQ|INE529I01021,,,,,,,,,,,,,,,,,,,,,,,,,"Groww HTTP 401: {""errorCode"":401,""errorMessage"":{""message"":""Please Login and Try Again""}}"
1195,GROWW_ERROR,KTKBANK,INE614B01018,KARNATAKA BANK LIMITED,NSE_EQ|INE614B01018,,,,,,,,,,,,,,,,,,,,,,,,,"Groww HTTP 401: {""errorCode"":401,""errorMessage"":{""message"":""Please Login and Try Again""}}"
1194,GROWW_ERROR,KSR,INE1SPP01016,KSR FOOTWEAR LIMITED,NSE_EQ|INE1SPP01016,,,,,,,,,,,,,,,,,,,,,,,,,"Groww HTTP 401: {""errorCode"":401,""errorMessage"":{""message"":""Please Login and Try Again""}}"
1193,GROWW_ERROR,KSOLVES,INE0D6I01023,KSOLVES INDIA LIMITED,NSE_EQ|INE0D6I01023,,,,,,,,,,,,,,,,,,,,,,,,,"Groww HTTP 401: {""errorCode"":401,""errorMessage"":{""message"":""Please Login and Try Again""}}"
1192,GROWW_ERROR,KSL,INE907A01026,KALYANI STEELS LIMITED,NSE_EQ|INE907A01026,,,,,,,,,,,,,,,,,,,,,,,,,"Groww HTTP 401: {""errorCode"":401,""errorMessage"":{""message"":""Please Login and Try Again""}}"
1191,GROWW_ERROR,KSHITIJPOL,INE013801027,KSHITIJ POLYLINE LIMITED,NSE_EQ|INE013801027,,,,,,,,,,,,,,,,,,,,,,,,,"Groww HTTP 401: {""errorCode"":401,""errorMessage"":{""message"":""Please Login and Try Again""}}"
1190,GROWW_ERROR,KSHINTL,INE987S01020,KSH INTERNATIONAL LIMITED,NSE_EQ|INE987S01020,,,,,,,,,,,,,,,,,,,,,,,,,"Groww HTTP 401: {""errorCode"":401,""errorMessage"":{""message"":""Please Login and Try Again""}}"
1189,GROWW_ERROR,KSCL,INE455I01029,KAVERI SEED CO. LTD.,NSE_EQ|INE455I01029,,,,,,,,,,,,,,,,,,,,,,,,,"Groww HTTP 401: {""errorCode"":401,""errorMessage"":{""message"":""Please Login and Try Again""}}"
1188,GROWW_ERROR,KSB,INE999A01023,KSB LIMITED,NSE_EQ|INE999A01023,,,,,,,,,,,,,,,,,,,,,,,,,"Groww HTTP 401: {""errorCode"":401,""errorMessage"":{""message"":""Please Login and Try Again""}}"
1187,GROWW_ERROR,KRYSTAL,INE0QN801017,KRYSTAL INTEGRATED SER L,NSE_EQ|INE0QN801017,,,,,,,,,,,,,,,,,,,,,,,,,"Groww HTTP 401: {""errorCode"":401,""errorMessage"":{""message"":""Please Login and Try Again""}}"
1186,GROWW_ERROR,KRSNAA,INE08LI01020,KRSNAA DIAGNOSTICS LTD,NSE_EQ|INE08LI01020,,,,,,,,,,,,,,,,,,,,,,,,,"Groww HTTP 401: {""errorCode"":401,""errorMessage"":{""message"":""Please Login and Try Again""}}"
1185,GROWW_ERROR,KROSS,INE0O6601022,KROSS LIMITED,NSE_EQ|INE0O6601022,,,,,,,,,,,,,,,,,,,,,,,,,"Groww HTTP 401: {""errorCode"":401,""errorMessage"":{""message"":""Please Login and Try Again""}}"
1184,GROWW_ERROR,KRONOX,INE0ATZ01017,KRONOX LAB SCIENCES LTD,NSE_EQ|INE0ATZ01017,,,,,,,,,,,,,,,,,,,,,,,,,"Groww HTTP 401: {""errorCode"":401,""errorMessage"":{""message"":""Please Login and Try Again""}}"
1183,GROWW_ERROR,KRN,INE0Q3J01015,KRN HEAT EXCHANGE N REF L,NSE_EQ|INE0Q3J01015,,,,,,,,,,,,,,,,,,,,,,,,,"Groww HTTP 401: {""errorCode"":401,""errorMessage"":{""message"":""Please Login and Try Again""}}"
1182,GROWW_ERROR,KRITINUT,INE798K01010,KRITI NUTRIENTS LIMITED,NSE_EQ|INE798K01010,,,,,,,,,,,,,,,,,,,,,,,,,"Groww HTTP 401: {""errorCode"":401,""errorMessage"":{""message"":""Please Login and Try Again""}}"
1181,GROWW_ERROR,KRITIKA,INE00Z501029,KRITIKA WIRES LIMITED,NSE_EQ|INE00Z501029,,,,,,,,,,,,,,,,,,,,,,,,,"Groww HTTP 401: {""errorCode"":401,""errorMessage"":{""message"":""Please Login and Try Again""}}"
1180,GROWW_ERROR,KRITI,INE479D01038,KRITI INDUSTRIES IND LTD,NSE_EQ|INE479D01038,,,,,,,,,,,,,,,,,,,,,,,,,"Groww HTTP 401: {""errorCode"":401,""errorMessage"":{""message"":""Please Login and Try Again""}}"
1179,GROWW_ERROR,KRISHNADEF,INE0J5601015,KRISHNA DEF AND ALD IND L,NSE_EQ|INE0J5601015,,,,,,,,,,,,,,,,,,,,,,,,,"Groww HTTP 401: {""errorCode"":401,""errorMessage"":{""message"":""Please Login and Try Again""}}"
1178,GROWW_ERROR,KRISHIVAL,INE0GGO01015,KRISHIVAL FOODS LIMITED,NSE_EQ|INE0GGO01015,,,,,,,,,,,,,,,,,,,,,,,,,"Groww HTTP 401: {""errorCode"":401,""errorMessage"":{""message"":""Please Login and Try Again""}}"
1177,GROWW_ERROR,KRISHANA,INE506W01012,KRISHANA PHOSCHEM LIMITED,NSE_EQ|INE506W01012,,,,,,,,,,,,,,,,,,,,,,,,,"Groww HTTP 401: {""errorCode"":401,""errorMessage"":{""message"":""Please Login and Try Again""}}"
1176,GROWW_ERROR,KRIDHANINF,INE524L01026,KRIDHAN INFRA LIMITED,NSE_EQ|INE524L01026,,,,,,,,,,,,,,,,,,,,,,,,,"Groww HTTP 401: {""errorCode"":401,""errorMessage"":{""message"":""Please Login and Try Again""}}"
1175,GROWW_ERROR,KREBSBIO,INE268B01013,KREBS BIOCHEMICALS & IND,NSE_EQ|INE268B01013,,,,,,,,,,,,,,,,,,,,,,,,,"Groww HTTP 401: {""errorCode"":401,""errorMessage"":{""message"":""Please Login and Try Again""}}"
1174,GROWW_ERROR,KRBL,INE001B01026,KRBL LIMITED,NSE_EQ|INE001B01026,,,,,,,,,,,,,,,,,,,,,,,,,"Groww HTTP 401: {""errorCode"":401,""errorMessage"":{""message"":""Please Login and Try Again""}}"
1173,GROWW_ERROR,KPRMILL,INE930H01031,KPR MILL LTD.,NSE_EQ|INE930H01031,,,,,,,,,,,,,,,,,,,,,,,,,"Groww HTTP 401: {""errorCode"":401,""errorMessage"":{""message"":""Please Login and Try Again""}}"
1172,GROWW_ERROR,KPL,INE552U01010,KWALITY PHARMACEUTICALS L,NSE_EQ|INE552U01010,,,,,,,,,,,,,,,,,,,,,,,,,"Groww HTTP 401: {""errorCode"":401,""errorMessage"":{""message"":""Please Login and Try Again""}}"
1171,GROWW_ERROR,KPITTECH,INE04I401011,KPIT TECHNOLOGIES LIMITED,NSE_EQ|INE04I401011,,,,,,,,,,,,,,,,,,,,,,,,,"Groww HTTP 401: {""errorCode"":401,""errorMessage"":{""message"":""Please Login and Try Again""}}"
1170,GROWW_ERROR,KPIL,INE220B01022,KALPATARU PROJECT INT LTD,NSE_EQ|INE220B01022,,,,,,,,,,,,,,,,,,,,,,,,,"Groww HTTP 401: {""errorCode"":401,""errorMessage"":{""message"":""Please Login and Try Again""}}"
1169,GROWW_ERROR,KPIGREEN,INE542W01025,KPI GREEN ENERGY LIMITED,NSE_EQ|INE542W01025,,,,,,,,,,,,,,,,,,,,,,,,,"Groww HTTP 401: {""errorCode"":401,""errorMessage"":{""message"":""Please Login and Try Again""}}"
1168,GROWW_ERROR,KPEL,INE127T01021,K.P. ENERGY LIMITED,NSE_EQ|INE127T01021,,,,,,,,,,,,,,,,,,,,,,,,,"Groww HTTP 401: {""errorCode"":401,""errorMessage"":{""message"":""Please Login and Try Again""}}"
1167,GROWW_ERROR,KOVAI,INE177F01017,KOVAI MEDICAL CENTER & HO,NSE_EQ|INE177F01017,,,,,,,,,,,,,,,,,,,,,,,,,"Groww HTTP 401: {""errorCode"":401,""errorMessage"":{""message"":""Please Login and Try Again""}}"
1166,GROWW_ERROR,KOTYARK,INE0J0B01017,KOTYARK INDUSTRIES LTD,NSE_EQ|INE0J0B01017,,,,,,,,,,,,,,,,,,,,,,,,,"Groww HTTP 401: {""errorCode"":401,""errorMessage"":{""message"":""Please Login and Try Again""}}"
1165,GROWW_ERROR,KOTIC,INE972A01020,KOTHARI INDUSTRIAL CORP L,NSE_EQ|INE972A01020,,,,,,,,,,,,,,,,,,,,,,,,,"Groww HTTP 401: {""errorCode"":401,""errorMessage"":{""message"":""Please Login and Try Again""}}"
1164,GROWW_ERROR,KOTHARIPRO,INE823A01017,KOTHARI PRODUCTS LTD,NSE_EQ|INE823A01017,,,,,,,,,,,,,,,,,,,,,,,,,"Groww HTTP 401: {""errorCode"":401,""errorMessage"":{""message"":""Please Login and Try Again""}}"
1163,GROWW_ERROR,KOTHARIPET,INE720A01015,KOTHARI PETROCHEM LTD,NSE_EQ|INE720A01015,,,,,,,,,,,,,,,,,,,,,,,,,"Groww HTTP 401: {""errorCode"":401,""errorMessage"":{""message"":""Please Login and Try Again""}}"
1162,GROWW_ERROR,KOTARISUG,INE419A01022,KOTHARI SUG & CHEM LTD.,NSE_EQ|INE419A01022,,,,,,,,,,,,,,,,,,,,,,,,,"Groww HTTP 401: {""errorCode"":401,""errorMessage"":{""message"":""Please Login and Try Again""}}"
1161,GROWW_ERROR,KOPRAN,INE082A01010,KOPRAN LTD,NSE_EQ|INE082A01010,,,,,,,,,,,,,,,,,,,,,,,,,"Groww HTTP 401: {""errorCode"":401,""errorMessage"":{""message"":""Please Login and Try Again""}}"
1160,GROWW_ERROR,KOLTEPATIL,INE094I01018,KOLTE PATIL DEV. LTD.,NSE_EQ|INE094I01018,,,,,,,,,,,,,,,,,,,,,,,,,"Groww HTTP 401: {""errorCode"":401,""errorMessage"":{""message"":""Please Login and Try Again""}}"
1159,GROWW_ERROR,KOKUYOCMLN,INE760A01029,KOKUYO CAMLIN LIMITED,NSE_EQ|INE760A01029,,,,,,,,,,,,,,,,,,,,,,,,,"Groww HTTP 401: {""errorCode"":401,""errorMessage"":{""message"":""Please Login and Try Again""}}"
1158,GROWW_ERROR,KOHINOOR,INE080B01012,KOHINOOR FOODS LIMITED,NSE_EQ|INE080B01012,,,,,,,,,,,,,,,,,,,,,,,,,"Groww HTTP 401: {""errorCode"":401,""errorMessage"":{""message"":""Please Login and Try Again""}}"
1157,GROWW_ERROR,KNRCON,INE634I01029,KNR CONSTRU LTD.,NSE_EQ|INE634I01029,,,,,,,,,,,,,,,,,,,,,,,,,"Groww HTTP 401: {""errorCode"":401,""errorMessage"":{""message"":""Please Login and Try Again""}}"
1156,GROWW_ERROR,KNAGRI,INE0KNW01016,KN AGRI RESOURCES LIMITED,NSE_EQ|INE0KNW01016,,,,,,,,,,,,,,,,,,,,,,,,,"Groww HTTP 401: {""errorCode"":401,""errorMessage"":{""message"":""Please Login and Try Again""}}"
1155,GROWW_ERROR,KMSUGAR,INE157H01023,K M SUGAR MILLS LTD,NSE_EQ|INE157H01023,,,,,,,,,,,,,,,,,,,,,,,,,"Groww HTTP 401: {""errorCode"":401,""errorMessage"":{""message"":""Please Login and Try Again""}}"
1154,GROWW_ERROR,KMEW,INE0CJD01029,KNOWLEDGE MARINE & EN W L,NSE_EQ|INE0CJD01029,,,,,,,,,,,,,,,,,,,,,,,,,"Groww HTTP 401: {""errorCode"":401,""errorMessage"":{""message"":""Please Login and Try Again""}}"
1153,GROWW_ERROR,KLBRENG-B,INE338F01015,KILBURN ENGINEERING LTD.,NSE_EQ|INE338F01015,,,,,,,,,,,,,,,,,,,,,,,,,"Groww HTTP 401: {""errorCode"":401,""errorMessage"":{""message"":""Please Login and Try Again""}}"
1152,GROWW_ERROR,KKCL,INE401H01017,KEWAL KIRAN CLOTHING LTD,NSE_EQ|INE401H01017,,,,,,,,,,,,,,,,,,,,,,,,,"Groww HTTP 401: {""errorCode"":401,""errorMessage"":{""message"":""Please Login and Try Again""}}"
1151,GROWW_ERROR,KITEX,INE602G01020,KITEX GARMENTS LTD,NSE_EQ|INE602G01020,,,,,,,,,,,,,,,,,,,,,,,,,"Groww HTTP 401: {""errorCode"":401,""errorMessage"":{""message"":""Please Login and Try Again""}}"
1150,GROWW_ERROR,KISSHT,INE12F801023,ONEMI TECHNOLOGY SOL LTD,NSE_EQ|INE12F801023,,,,,,,,,,,,,,,,,,,,,,,,,"Groww HTTP 401: {""errorCode"":401,""errorMessage"":{""message"":""Please Login and Try Again""}}"
1149,GROWW_ERROR,KIRLPNU,INE811A01020,KIRLOSKAR PNEUMATIC COM L,NSE_EQ|INE811A01020,,,,,,,,,,,,,,,,,,,,,,,,,"Groww HTTP 401: {""errorCode"":401,""errorMessage"":{""message"":""Please Login and Try Again""}}"
1148,GROWW_ERROR,KIRLOSIND,INE250A01039,KIRLOSKAR INDUSTRIES LTD,NSE_EQ|INE250A01039,,,,,,,,,,,,,,,,,,,,,,,,,"Groww HTTP 401: {""errorCode"":401,""errorMessage"":{""message"":""Please Login and Try Again""}}"
1147,GROWW_ERROR,KIRLOSENG,INE146L01010,KIRLOSKAR OIL ENG LTD,NSE_EQ|INE146L01010,,,,,,,,,,,,,,,,,,,,,,,,,"Groww HTTP 401: {""errorCode"":401,""errorMessage"":{""message"":""Please Login and Try Again""}}"
1146,GROWW_ERROR,KIRLOSBROS,INE732A01036,KIRLOSKAR BROTHERS LTD,NSE_EQ|INE732A01036,,,,,,,,,,,,,,,,,,,,,,,,,"Groww HTTP 401: {""errorCode"":401,""errorMessage"":{""message"":""Please Login and Try Again""}}"
1145,GROWW_ERROR,KIRLFER,INE884B01025,KIRLOSKAR FERROUS IND LTD,NSE_EQ|INE884B01025,,,,,,,,,,,,,,,,,,,,,,,,,"Groww HTTP 401: {""errorCode"":401,""errorMessage"":{""message"":""Please Login and Try Again""}}"
1144,GROWW_ERROR,KIRIINDUS,INE415I01015,KIRI INDUSTRIES LIMITED,NSE_EQ|INE415I01015,,,,,,,,,,,,,,,,,,,,,,,,,"Groww HTTP 401: {""errorCode"":401,""errorMessage"":{""message"":""Please Login and Try Again""}}"
1143,GROWW_ERROR,KIRANVYPAR,INE555P01013,KIRAN VYAPAR LTD.,NSE_EQ|INE555P01013,,,,,,,,,,,,,,,,,,,,,,,,,"Groww HTTP 401: {""errorCode"":401,""errorMessage"":{""message"":""Please Login and Try Again""}}"
1142,GROWW_ERROR,KIOCL,INE880L01014,KIOCL LIMITED,NSE_EQ|INE880L01014,,,,,,,,,,,,,,,,,,,,,,,,,"Groww HTTP 401: {""errorCode"":401,""errorMessage"":{""message"":""Please Login and Try Again""}}"
1141,GROWW_ERROR,KINGFA,INE473D01015,KINGFA SCI & TEC IND LTD.,NSE_EQ|INE473D01015,,,,,,,,,,,,,,,,,,,,,,,,,"Groww HTTP 401: {""errorCode"":401,""errorMessage"":{""message"":""Please Login and Try Again""}}"
1140,GROWW_ERROR,KIMS,INE967H01025,KRISHNA INST OF MED SCI L,NSE_EQ|INE967H01025,,,,,,,,,,,,,,,,,,,,,,,,,"Groww HTTP 401: {""errorCode"":401,""errorMessage"":{""message"":""Please Login and Try Again""}}"
1139,GROWW_ERROR,KILITCH,INE729D01010,KILITCH DRUGS INDIA LTD,NSE_EQ|INE729D01010,,,,,,,,,,,,,,,,,,,,,,,,,"Groww HTTP 401: {""errorCode"":401,""errorMessage"":{""message"":""Please Login and Try Again""}}"
1138,GROWW_ERROR,KICL,INE029L01018,KALYANI INVEST CO LTD,NSE_EQ|INE029L01018,,,,,,,,,,,,,,,,,,,,,,,,,"Groww HTTP 401: {""errorCode"":401,""errorMessage"":{""message"":""Please Login and Try Again""}}"
1137,GROWW_ERROR,KHANDSE,INE060B01014,KHANDWALA SECURITIES LTD,NSE_EQ|INE060B01014,,,,,,,,,,,,,,,,,,,,,,,,,"Groww HTTP 401: {""errorCode"":401,""errorMessage"":{""message"":""Please Login and Try Again""}}"
1136,GROWW_ERROR,KHAITANLTD,INE731C01018,KHAITAN (INDIA)LTD.,NSE_EQ|INE731C01018,,,,,,,,,,,,,,,,,,,,,,,,,"Groww HTTP 401: {""errorCode"":401,""errorMessage"":{""message"":""Please Login and Try Again""}}"
1135,GROWW_ERROR,KHAICHEM,INE745B01028,KHAITAN CHEM & FERT LTD,NSE_EQ|INE745B01028,,,,,,,,,,,,,,,,,,,,,,,,,"Groww HTTP 401: {""errorCode"":401,""errorMessage"":{""message"":""Please Login and Try Again""}}"
1134,GROWW_ERROR,KHADIM,INE834I01025,KHADIM INDIA LIMITED,NSE_EQ|INE834I01025,,,,,,,,,,,,,,,,,,,,,,,,,"Groww HTTP 401: {""errorCode"":401,""errorMessage"":{""message"":""Please Login and Try Again""}}"
1133,GROWW_ERROR,KFINTECH,INE138Y01010,KFIN TECHNOLOGIES LIMITED,NSE_EQ|INE138Y01010,,,,,,,,,,,,,,,,,,,,,,,,,"Groww HTTP 401: {""errorCode"":401,""errorMessage"":{""message"":""Please Login and Try Again""}}"
1132,GROWW_ERROR,KEYFINSERV,INE681C01015,KEYNOTE FIN SERV LTD.,NSE_EQ|INE681C01015,,,,,,,,,,,,,,,,,,,,,,,,,"Groww HTTP 401: {""errorCode"":401,""errorMessage"":{""message"":""Please Login and Try Again""}}"
1131,GROWW_ERROR,KESORAMIND,INE087A01019,KESORAM INDUSTRIES LTD,NSE_EQ|INE087A01019,,,,,,,,,,,,,,,,,,,,,,,,,"Groww HTTP 401: {""errorCode"":401,""errorMessage"":{""message"":""Please Login and Try Again""}}"
1130,GROWW_ERROR,KERNEX,INE202H01019,KERNEX MICROSYS(I) LTD,NSE_EQ|INE202H01019,,,,,,,,,,,,,,,,,,,,,,,,,"Groww HTTP 401: {""errorCode"":401,""errorMessage"":{""message"":""Please Login and Try Again""}}"
1129,GROWW_ERROR,KENNAMET,INE717A01029,KENNAMETAL INDIA LIMITED,NSE_EQ|INE717A01029,,,,,,,,,,,,,,,,,,,,,,,,,"Groww HTTP 401: {""errorCode"":401,""errorMessage"":{""message"":""Please Login and Try Again""}}"
1128,GROWW_ERROR,KELLTONTEC,INE164B01030,KELLTON TECH SOL LTD,NSE_EQ|INE164B01030,,,,,,,,,,,,,,,,,,,,,,,,,"Groww HTTP 401: {""errorCode"":401,""errorMessage"":{""message"":""Please Login and Try Again""}}"
1127,GROWW_ERROR,KEI,INE878B01027,KEI INDUSTRIES LTD.,NSE_EQ|INE878B01027,,,,,,,,,,,,,,,,,,,,,,,,,"Groww HTTP 401: {""errorCode"":401,""errorMessage"":{""message"":""Please Login and Try Again""}}"
1126,GROWW_ERROR,KEEPLEARN,INE055C01020,DSJ KEEP LEARNING LTD,NSE_EQ|INE055C01020,,,,,,,,,,,,,,,,,,,,,,,,,"Groww HTTP 401: {""errorCode"":401,""errorMessage"":{""message"":""Please Login and Try Again""}}"
1125,GROWW_ERROR,KECL,INE134B01017,KIRLOSKAR ELECTRIC CO LTD,NSE_EQ|INE134B01017,,,,,,,,,,,,,,,,,,,,,,,,,"Groww HTTP 401: {""errorCode"":401,""errorMessage"":{""message"":""Please Login and Try Again""}}"
1124,GROWW_ERROR,KEC,INE389H01022,KEC INTL. LIMITED,NSE_EQ|INE389H01022,,,,,,,,,,,,,,,,,,,,,,,,,"Groww HTTP 401: {""errorCode"":401,""errorMessage"":{""message"":""Please Login and Try Again""}}"
1123,GROWW_ERROR,KDDL,INE291D01011,KDDL LIMITED,NSE_EQ|INE291D01011,,,,,,,,,,,,,,,,,,,,,,,,,"Groww HTTP 401: {""errorCode"":401,""errorMessage"":{""message"":""Please Login and Try Again""}}"
1122,GROWW_ERROR,KCPSUGIND,INE790B01024,KCP SUGAR IND CORP LTD.,NSE_EQ|INE790B01024,,,,,,,,,,,,,,,,,,,,,,,,,"Groww HTTP 401: {""errorCode"":401,""errorMessage"":{""message"":""Please Login and Try Again""}}"
1121,GROWW_ERROR,KCP,INE805C01028,KCP LTD,NSE_EQ|INE805C01028,,,,,,,,,,,,,,,,,,,,,,,,,"Groww HTTP 401: {""errorCode"":401,""errorMessage"":{""message"":""Please Login and Try Again""}}"
1120,GROWW_ERROR,KAYNES,INE918Z01012,KAYNES TECHNOLOGY IND LTD,NSE_EQ|INE918Z01012,,,,,,,,,,,,,,,,,,,,,,,,,"Groww HTTP 401: {""errorCode"":401,""errorMessage"":{""message"":""Please Login and Try Again""}}"
1119,GROWW_ERROR,KAYA,INE587G01015,KAYA LIMITED,NSE_EQ|INE587G01015,,,,,,,,,,,,,,,,,,,,,,,,,"Groww HTTP 401: {""errorCode"":401,""errorMessage"":{""message"":""Please Login and Try Again""}}"
1118,GROWW_ERROR,KAVDEFENCE,INE641C01019,KAVVERI DFS & WIR TEC LTD,NSE_EQ|INE641C01019,,,,,,,,,,,,,,,,,,,,,,,,,"Groww HTTP 401: {""errorCode"":401,""errorMessage"":{""message"":""Please Login and Try Again""}}"
1117,GROWW_ERROR,KAUSHALYA,INE234I01028,KAUSHALYA INFRA DEV LTD.,NSE_EQ|INE234I01028,,,,,,,,,,,,,,,,,,,,,,,,,"Groww HTTP 401: {""errorCode"":401,""errorMessage"":{""message"":""Please Login and Try Again""}}"
1116,GROWW_ERROR,KARURVYSYA,INE036D01028,KARUR VYSYA BANK LTD,NSE_EQ|INE036D01028,,,,,,,,,,,,,,,,,,,,,,,,,"Groww HTTP 401: {""errorCode"":401,""errorMessage"":{""message"":""Please Login and Try Again""}}"
1115,GROWW_ERROR,KARMAENG,INE725L01011,KARMA ENERGY LIMITED,NSE_EQ|INE725L01011,,,,,,,,,,,,,,,,,,,,,,,,,"Groww HTTP 401: {""errorCode"":401,""errorMessage"":{""message"":""Please Login and Try Again""}}"
1114,GROWW_ERROR,KAPSTON,INE542Z01028,KAPSTON SERVICES LIMITED,NSE_EQ|INE542Z01028,,,,,,,,,,,,,,,,,,,,,,,,,"Groww HTTP 401: {""errorCode"":401,""errorMessage"":{""message"":""Please Login and Try Again""}}"
1113,GROWW_ERROR,KANSAINER,INE531A01024,KANSAI NEROLAC PAINTS LTD,NSE_EQ|INE531A01024,,,,,,,,,,,,,,,,,,,,,,,,,"Groww HTTP 401: {""errorCode"":401,""errorMessage"":{""message"":""Please Login and Try Again""}}"
1112,GROWW_ERROR,KANPRPLA,INE694E01014,KANPUR PLASTIPACK LIMITED,NSE_EQ|INE694E01014,,,,,,,,,,,,,,,,,,,,,,,,,"Groww HTTP 401: {""errorCode"":401,""errorMessage"":{""message"":""Please Login and Try Again""}}"
1111,GROWW_ERROR,KANORICHEM,INE138C01024,KANORIACHEMICALS-,NSE_EQ|INE138C01024,,,,,,,,,,,,,,,,,,,,,,,,,"Groww HTTP 401: {""errorCode"":401,""errorMessage"":{""message"":""Please Login and Try Again""}}"
1110,GROWW_ERROR,KANCHI,INE081G01019,KANCHI KARPOORAM LTD.,NSE_EQ|INE081G01019,,,,,,,,,,,,,,,,,,,,,,,,,"Groww HTTP 401: {""errorCode"":401,""errorMessage"":{""message"":""Please Login and Try Again""}}"
1109,GROWW_ERROR,KANANIIND,INE879E01037,KANANI INDUSTRIES LTD,NSE_EQ|INE879E01037,,,,,,,,,,,,,,,,,,,,,,,,,"Groww HTTP 401: {""errorCode"":401,""errorMessage"":{""message"":""Please Login and Try Again""}}"
1108,GROWW_ERROR,KAMOPAINTS,INE0BTI01037,KAMDHENU VENTURES LIMITED,NSE_EQ|INE0BTI01037,,,,,,,,,,,,,,,,,,,,,,,,,"Groww HTTP 401: {""errorCode"":401,""errorMessage"":{""message"":""Please Login and Try Again""}}"
1107,GROWW_ERROR,KAMDHENU,INE390H01020,KAMDHENU LIMITED,NSE_EQ|INE390H01020,,,,,,,,,,,,,,,,,,,,,,,,,"Groww HTTP 401: {""errorCode"":401,""errorMessage"":{""message"":""Please Login and Try Again""}}"
1106,GROWW_ERROR,KAMATHOTEL,INE967C01018,KAMAT HOTELS (I) LTD,NSE_EQ|INE967C01018,,,,,,,,,,,,,,,,,,,,,,,,,"Groww HTTP 401: {""errorCode"":401,""errorMessage"":{""message"":""Please Login and Try Again""}}"
1105,GROWW_ERROR,KAMAHOLD,INE411F01010,KAMA HOLDINGS LTD.,NSE_EQ|INE411F01010,,,,,,,,,,,,,,,,,,,,,,,,,"Groww HTTP 401: {""errorCode"":401,""errorMessage"":{""message"":""Please Login and Try Again""}}"
1104,GROWW_ERROR,KALYANKJIL,INE303R01014,KALYAN JEWELLERS IND LTD,NSE_EQ|INE303R01014,,,,,,,,,,,,,,,,,,,,,,,,,"Groww HTTP 401: {""errorCode"":401,""errorMessage"":{""message"":""Please Login and Try Again""}}"
1103,GROWW_ERROR,KALYANIFRG,INE314G01014,KALYANI FORGE LIMITED,NSE_EQ|INE314G01014,,,,,,,,,,,,,,,,,,,,,,,,,"Groww HTTP 401: {""errorCode"":401,""errorMessage"":{""message"":""Please Login and Try Again""}}"
1102,GROWW_ERROR,KALYANI,INE610E01010,KALYANI COMMERCIALS LTD,NSE_EQ|INE610E01010,,,,,,,,,,,,,,,,,,,,,,,,,"Groww HTTP 401: {""errorCode"":401,""errorMessage"":{""message"":""Please Login and Try Again""}}"
1101,GROWW_ERROR,KALPATARU,INE227J01012,KALPATARU LIMITED,NSE_EQ|INE227J01012,,,,,,,,,,,,,,,,,,,,,,,,,"Groww HTTP 401: {""errorCode"":401,""errorMessage"":{""message"":""Please Login and Try Again""}}"
1100,GROWW_ERROR,KALAMANDIR,INE438K01021,SAI SILKS (KALAMANDIR) L,NSE_EQ|INE438K01021,,,,,,,,,,,,,,,,,,,,,,,,,"Groww HTTP 401: {""errorCode"":401,""errorMessage"":{""message"":""Please Login and Try Again""}}"
1099,GROWW_ERROR,KAKATCEM,INE437B01014,KAKATIYA CEM SUGAR &IND L,NSE_EQ|INE437B01014,,,,,,,,,,,,,,,,,,,,,,,,,"Groww HTTP 401: {""errorCode"":401,""errorMessage"":{""message"":""Please Login and Try Again""}}"
1098,GROWW_ERROR,KAJARIACER,INE217B01036,KAJARIA CERAMICS LTD,NSE_EQ|INE217B01036,,,,,,,,,,,,,,,,,,,,,,,,,"Groww HTTP 401: {""errorCode"":401,""errorMessage"":{""message"":""Please Login and Try Again""}}"
1097,GROWW_ERROR,KABRAEXTRU,INE900B01029,KABRA EXTRUSION TECHNIK L,NSE_EQ|INE900B01029,,,,,,,,,,,,,,,,,,,,,,,,,"Groww HTTP 401: {""errorCode"":401,""errorMessage"":{""message"":""Please Login and Try Again""}}"
1096,GROWW_ERROR,JYOTISTRUC,INE197A01024,JYOTI STRUCTURES LTD,NSE_EQ|INE197A01024,,,,,,,,,,,,,,,,,,,,,,,,,"Groww HTTP 401: {""errorCode"":401,""errorMessage"":{""message"":""Please Login and Try Again""}}"
1095,GROWW_ERROR,JYOTICNC,INE980O01024,JYOTI CNC AUTOMATION LTD,NSE_EQ|INE980O01024,,,,,,,,,,,,,,,,,,,,,,,,,"Groww HTTP 401: {""errorCode"":401,""errorMessage"":{""message"":""Please Login and Try Again""}}"
1094,GROWW_ERROR,JYOTHYLAB,INE668F01031,JYOTHY LABS LIMITED,NSE_EQ|INE668F01031,,,,,,,,,,,,,,,,,,,,,,,,,"Groww HTTP 401: {""errorCode"":401,""errorMessage"":{""message"":""Please Login and Try Again""}}"
1093,GROWW_ERROR,JWL,INE209L01016,JUPITER WAGONS LIMITED,NSE_EQ|INE209L01016,,,,,,,,,,,,,,,,,,,,,,,,,"Groww HTTP 401: {""errorCode"":401,""errorMessage"":{""message"":""Please Login and Try Again""}}"
1092,GROWW_ERROR,JUSTDIAL,INE599M01018,JUSTDIAL LTD.,NSE_EQ|INE599M01018,,,,,,,,,,,,,,,,,,,,,,,,,"Groww HTTP 401: {""errorCode"":401,""errorMessage"":{""message"":""Please Login and Try Again""}}"
1091,GROWW_ERROR,JUNIPER,INE696F01016,JUNIPER HOTELS LIMITED,NSE_EQ|INE696F01016,,,,,,,,,,,,,,,,,,,,,,,,,"Groww HTTP 401: {""errorCode"":401,""errorMessage"":{""message"":""Please Login and Try Again""}}"
1090,GROWW_ERROR,JUBLPHARMA,INE700A01033,JUBILANT PHARMOVA LTD,NSE_EQ|INE700A01033,,,,,,,,,,,,,,,,,,,,,,,,,"Groww HTTP 401: {""errorCode"":401,""errorMessage"":{""message"":""Please Login and Try Again""}}"
1089,GROWW_ERROR,JUBLINGREA,INE0BY001018,JUBILANT INGREVIA LIMITED,NSE_EQ|INE0BY001018,,,,,,,,,,,,,,,,,,,,,,,,,"Groww HTTP 401: {""errorCode"":401,""errorMessage"":{""message"":""Please Login and Try Again""}}"
1088,GROWW_ERROR,JUBLFOOD,INE797F01020,JUBILANT FOODWORKS LTD,NSE_EQ|INE797F01020,,,,,,,,,,,,,,,,,,,,,,,,,"Groww HTTP 401: {""errorCode"":401,""errorMessage"":{""message"":""Please Login and Try Again""}}"
1087,GROWW_ERROR,JUBLCPL,INE03CC01015,JUBILANT AGRI N CON PRO L,NSE_EQ|INE03CC01015,,,,,,,,,,,,,,,,,,,,,,,,,"Groww HTTP 401: {""errorCode"":401,""errorMessage"":{""message"":""Please Login and Try Again""}}"
1086,GROWW_ERROR,JTLIND,INE391J01032,JTL INDUSTRIES LIMITED,NSE_EQ|INE391J01032,,,,,,,,,,,,,,,,,,,,,,,,,"Groww HTTP 401: {""errorCode"":401,""errorMessage"":{""message"":""Please Login and Try Again""}}"
1085,GROWW_ERROR,JTEKTINDIA,INE643A01035,JTEKT INDIA LIMITED,NSE_EQ|INE643A01035,,,,,,,,,,,,,,,,,,,,,,,,,"Groww HTTP 401: {""errorCode"":401,""errorMessage"":{""message"":""Please Login and Try Again""}}"
1084,GROWW_ERROR,JSWSTEEL,INE019A01038,JSW STEEL LIMITED,NSE_EQ|INE019A01038,,,,,,,,,,,,,,,,,,,,,,,,,"Groww HTTP 401: {""errorCode"":401,""errorMessage"":{""message"":""Please Login and Try Again""}}"
1083,GROWW_ERROR,JSWINFRA,INE880J01026,JSW INFRASTRUCTURE LTD,NSE_EQ|INE880J01026,,,,,,,,,,,,,,,,,,,,,,,,,"Groww HTTP 401: {""errorCode"":401,""errorMessage"":{""message"":""Please Login and Try Again""}}"
1082,GROWW_ERROR,JSWHL,INE824G01012,JSW HOLDINGS LIMITED,NSE_EQ|INE824G01012,,,,,,,,,,,,,,,,,,,,,,,,,"Groww HTTP 401: {""errorCode"":401,""errorMessage"":{""message"":""Please Login and Try Again""}}"
1081,GROWW_ERROR,JSWENERGY,INE121E01018,JSW ENERGY LIMITED,NSE_EQ|INE121E01018,,,,,,,,,,,,,,,,,,,,,,,,,"Groww HTTP 401: {""errorCode"":401,""errorMessage"":{""message"":""Please Login and Try Again""}}"
1080,GROWW_ERROR,JSWDULUX,INE133A01011,JSW DULUX LIMITED,NSE_EQ|INE133A01011,,,,,,,,,,,,,,,,,,,,,,,,,"Groww HTTP 401: {""errorCode"":401,""errorMessage"":{""message"":""Please Login and Try Again""}}"
1079,GROWW_ERROR,JSWCEMENT,INE718I01012,JSW CEMENT LIMITED,NSE_EQ|INE718I01012,,,,,,,,,,,,,,,,,,,,,,,,,"Groww HTTP 401: {""errorCode"":401,""errorMessage"":{""message"":""Please Login and Try Again""}}"
1078,GROWW_ERROR,JSLL,INE0J5801029,JEENA SIKHO LIFECARE LTD,NSE_EQ|INE0J5801029,,,,,,,,,,,,,,,,,,,,,,,,,"Groww HTTP 401: {""errorCode"":401,""errorMessage"":{""message"":""Please Login and Try Again""}}"
1077,GROWW_ERROR,JSL,INE220G01021,JINDAL STAINLESS LIMITED,NSE_EQ|INE220G01021,,,,,,,,,,,,,,,,,,,,,,,,,"Groww HTTP 401: {""errorCode"":401,""errorMessage"":{""message"":""Please Login and Try Again""}}"
1076,GROWW_ERROR,JSFB,INE953L01027,JANA SMALL FIN BANK LTD,NSE_EQ|INE953L01027,,,,,,,,,,,,,,,,,,,,,,,,,"Groww HTTP 401: {""errorCode"":401,""errorMessage"":{""message"":""Please Login and Try Again""}}"
1075,GROWW_ERROR,JPPOWER,INE351F01018,JAIPRAKASH POWER VEN. LTD,NSE_EQ|INE351F01018,,,,,,,,,,,,,,,,,,,,,,,,,"Groww HTTP 401: {""errorCode"":401,""errorMessage"":{""message"":""Please Login and Try Again""}}"
1074,GROWW_ERROR,JPOLYINVST,INE147P01019,JIND POL INV & FIN CO LTD,NSE_EQ|INE147P01019,,,,,,,,,,,,,,,,,,,,,,,,,"Groww HTTP 401: {""errorCode"":401,""errorMessage"":{""message"":""Please Login and Try Again""}}"
1073,GROWW_ERROR,JOCIL,INE839G01010,JOCIL LIMITED,NSE_EQ|INE839G01010,,,,,,,,,,,,,,,,,,,,,,,,,"Groww HTTP 401: {""errorCode"":401,""errorMessage"":{""message"":""Please Login and Try Again""}}"
1072,GROWW_ERROR,JNKINDIA,INE0OAF01028,JNK INDIA LIMITED,NSE_EQ|INE0OAF01028,,,,,,,,,,,,,,,,,,,,,,,,,"Groww HTTP 401: {""errorCode"":401,""errorMessage"":{""message"":""Please Login and Try Again""}}"
1071,GROWW_ERROR,JMFINANCIL,INE780C01023,JM FINANCIAL LIMITED,NSE_EQ|INE780C01023,,,,,,,,,,,,,,,,,,,,,,,,,"Groww HTTP 401: {""errorCode"":401,""errorMessage"":{""message"":""Please Login and Try Again""}}"
1070,GROWW_ERROR,JMA,INE412C01023,JULLUNDUR MOT AGENCY LTD,NSE_EQ|INE412C01023,,,,,,,,,,,,,,,,,,,,,,,,,"Groww HTTP 401: {""errorCode"":401,""errorMessage"":{""message"":""Please Login and Try Again""}}"
1069,GROWW_ERROR,JLHL,INE682M01012,JUPITER LIFE LINE HOSP L,NSE_EQ|INE682M01012,,,,,,,,,,,,,,,,,,,,,,,,,"Groww HTTP 401: {""errorCode"":401,""errorMessage"":{""message"":""Please Login and Try Again""}}"
1068,GROWW_ERROR,JKTYRE,INE573A01042,JK TYRE & INDUSTRIES LTD,NSE_EQ|INE573A01042,,,,,,,,,,,,,,,,,,,,,,,,,"Groww HTTP 401: {""errorCode"":401,""errorMessage"":{""message"":""Please Login and Try Again""}}"
1067,GROWW_ERROR,JKPAPER,INE789E01012,JK PAPER LIMITED,NSE_EQ|INE789E01012,,,,,,,,,,,,,,,,,,,,,,,,,"Groww HTTP 401: {""errorCode"":401,""errorMessage"":{""message"":""Please Login and Try Again""}}"
1066,GROWW_ERROR,JKLAKSHMI,INE786A01032,JK LAKSHMI CEMENT LTD,NSE_EQ|INE786A01032,,,,,,,,,,,,,,,,,,,,,,,,,"Groww HTTP 401: {""errorCode"":401,""errorMessage"":{""message"":""Please Login and Try Again""}}"
1065,GROWW_ERROR,JKIPL,INE1FF001016,JINKUSHAL INDUSTRIES LTD,NSE_EQ|INE1FF001016,,,,,,,,,,,,,,,,,,,,,,,,,"Groww HTTP 401: {""errorCode"":401,""errorMessage"":{""message"":""Please Login and Try Again""}}"
1064,GROWW_ERROR,JKIL,INE576I01022,JKUMAR INFR.LTD.,NSE_EQ|INE576I01022,,,,,,,,,,,,,,,,,,,,,,,,,"Groww HTTP 401: {""errorCode"":401,""errorMessage"":{""message"":""Please Login and Try Again""}}"
1063,GROWW_ERROR,JKCEMENT,INE823G01014,JK CEMENT LIMITED,NSE_EQ|INE823G01014,,,,,,,,,,,,,,,,,,,,,,,,,"Groww HTTP 401: {""errorCode"":401,""errorMessage"":{""message"":""Please Login and Try Again""}}"
1062,GROWW_ERROR,JITFINFRA,INE863T01013,JITF INFRALOGISTICS LTD,NSE_EQ|INE863T01013,,,,,,,,,,,,,,,,,,,,,,,,,"Groww HTTP 401: {""errorCode"":401,""errorMessage"":{""message"":""Please Login and Try Again""}}"
1061,GROWW_ERROR,JISLJALEQS,INE175A01038,JAIN IRRIGATION SYSTEMS,NSE_EQ|INE175A01038,,,,,,,,,,,,,,,,,,,,,,,,,"Groww HTTP 401: {""errorCode"":401,""errorMessage"":{""message"":""Please Login and Try Again""}}"
1060,GROWW_ERROR,JISLDVREQS,IN9175A01010,JAIN DVR EQUITY SHARES,NSE_EQ|IN9175A01010,,,,,,,,,,,,,,,,,,,,,,,,,"Groww HTTP 401: {""errorCode"":401,""errorMessage"":{""message"":""Please Login and Try Again""}}"
1059,GROWW_ERROR,JIOFIN,INE758E01017,JIO FIN SERVICES LTD,NSE_EQ|INE758E01017,,,,,,,,,,,,,,,,,,,,,,,,,"Groww HTTP 401: {""errorCode"":401,""errorMessage"":{""message"":""Please Login and Try Again""}}"
1058,GROWW_ERROR,JINDWORLD,INE247D01039,JINDAL WORLDWIDE LTD,NSE_EQ|INE247D01039,,,,,,,,,,,,,,,,,,,,,,,,,"Groww HTTP 401: {""errorCode"":401,""errorMessage"":{""message"":""Please Login and Try Again""}}"
1057,GROWW_ERROR,JINDRILL,INE742C01031,JINDAL DRILLING IND. LTD,NSE_EQ|INE742C01031,,,,,,,,,,,,,,,,,,,,,,,,,"Groww HTTP 401: {""errorCode"":401,""errorMessage"":{""message"":""Please Login and Try Again""}}"
1056,GROWW_ERROR,JINDALSTEL,INE749A01030,JINDAL STEEL LIMITED,NSE_EQ|INE749A01030,,,,,,,,,,,,,,,,,,,,,,,,,"Groww HTTP 401: {""errorCode"":401,""errorMessage"":{""message"":""Please Login and Try Again""}}"
1055,GROWW_ERROR,JINDALSAW,INE324A01032,JINDAL SAW LIMITED,NSE_EQ|INE324A01032,,,,,,,,,,,,,,,,,,,,,,,,,"Groww HTTP 401: {""errorCode"":401,""errorMessage"":{""message"":""Please Login and Try Again""}}"
1054,GROWW_ERROR,JINDALPOLY,INE197D01010,JINDAL POLY FILMS LIMITED,NSE_EQ|INE197D01010,,,,,,,,,,,,,,,,,,,,,,,,,"Groww HTTP 401: {""errorCode"":401,""errorMessage"":{""message"":""Please Login and Try Again""}}"
1053,GROWW_ERROR,JINDALPHOT,INE796G01012,JINDAL PHOTO LIMITED,NSE_EQ|INE796G01012,,,,,,,,,,,,,,,,,,,,,,,,,"Groww HTTP 401: {""errorCode"":401,""errorMessage"":{""message"":""Please Login and Try Again""}}"
1052,GROWW_ERROR,JHS,INE544H01014,JHS SVEND. LAB. LTD,NSE_EQ|INE544H01014,,,,,,,,,,,,,,,,,,,,,,,,,"Groww HTTP 401: {""errorCode"":401,""errorMessage"":{""message"":""Please Login and Try Again""}}"
1051,GROWW_ERROR,JGCHEM,INE0MB501011,J.G.CHEMICALS LIMITED,NSE_EQ|INE0MB501011,,,,,,,,,,,,,,,,,,,,,,,,,"Groww HTTP 401: {""errorCode"":401,""errorMessage"":{""message"":""Please Login and Try Again""}}"
1050,GROWW_ERROR,JETFREIGHT,INE982V01025,JET FREIGHT LOGISTICS LTD,NSE_EQ|INE982V01025,,,,,,,,,,,,,,,,,,,,,,,,,"Groww HTTP 401: {""errorCode"":401,""errorMessage"":{""message"":""Please Login and Try Again""}}"
1049,GROWW_ERROR,JBMA,INE927D01051,JBM AUTO LIMITED,NSE_EQ|INE927D01051,,,,,,,,,,,,,,,,,,,,,,,,,"Groww HTTP 401: {""errorCode"":401,""errorMessage"":{""message"":""Please Login and Try Again""}}"
1048,GROWW_ERROR,JBCHEPHARM,INE572A01036,J B CHEMICALS AND PHARMA,NSE_EQ|INE572A01036,,,,,,,,,,,,,,,,,,,,,,,,,"Groww HTTP 401: {""errorCode"":401,""errorMessage"":{""message"":""Please Login and Try Again""}}"
1047,GROWW_ERROR,JAYSREETEA,INE364A01020,JAYSHREE TEA & INDUSTRIES,NSE_EQ|INE364A01020,,,,,,,,,,,,,,,,,,,,,,,,,"Groww HTTP 401: {""errorCode"":401,""errorMessage"":{""message"":""Please Login and Try Again""}}"
1046,GROWW_ERROR,JAYNECOIND,INE854B01010,JAYASWAL NECO INDUSTR LTD,NSE_EQ|INE854B01010,,,,,,,,,,,,,,,,,,,,,,,,,"Groww HTTP 401: {""errorCode"":401,""errorMessage"":{""message"":""Please Login and Try Again""}}"
1045,GROWW_ERROR,JAYKAY,INE903A01025,JAYKAY ENTERPRISES LTD,NSE_EQ|INE903A01025,,,,,,,,,,,,,,,,,,,,,,,,,"Groww HTTP 401: {""errorCode"":401,""errorMessage"":{""message"":""Please Login and Try Again""}}"
1044,GROWW_ERROR,JAYBARMARU,INE571B01036,JAY BHARAT MARUTI LTD,NSE_EQ|INE571B01036,,,,,,,,,,,,,,,,,,,,,,,,,"Groww HTTP 401: {""errorCode"":401,""errorMessage"":{""message"":""Please Login and Try Again""}}"
1043,GROWW_ERROR,JAYAGROGN,INE785A01026,JAYANT AGRO ORGANICS LTD,NSE_EQ|INE785A01026,,,,,,,,,,,,,,,,,,,,,,,,,"Groww HTTP 401: {""errorCode"":401,""errorMessage"":{""message"":""Please Login and Try Again""}}"
1042,GROWW_ERROR,JASH,INE039O01029,JASH ENGINEERING LIMITED,NSE_EQ|INE039O01029,,,,,,,,,,,,,,,,,,,,,,,,,"Groww HTTP 401: {""errorCode"":401,""errorMessage"":{""message"":""Please Login and Try Again""}}"
1041,GROWW_ERROR,JARO,INE00YJ01010,JARO INS OF TEC MG N RE L,NSE_EQ|INE00YJ01010,,,,,,,,,,,,,,,,,,,,,,,,,"Groww HTTP 401: {""errorCode"":401,""errorMessage"":{""message"":""Please Login and Try Again""}}"
1040,GROWW_ERROR,JAMNAAUTO,INE039C01032,JAMNA AUTO IND LTD,NSE_EQ|INE039C01032,,,,,,,,,,,,,,,,,,,,,,,,,"Groww HTTP 401: {""errorCode"":401,""errorMessage"":{""message"":""Please Login and Try Again""}}"
1039,GROWW_ERROR,JAIPURKURT,INE696V01013,NANDANI CREATION LIMITED,NSE_EQ|INE696V01013,,,,,,,,,,,,,,,,,,,,,,,,,"Groww HTTP 401: {""errorCode"":401,""errorMessage"":{""message"":""Please Login and Try Again""}}"
1038,GROWW_ERROR,JAINREC,INE0YD401026,JAIN RESOURCE RECYCLING L,NSE_EQ|INE0YD401026,,,,,,,,,,,,,,,,,,,,,,,,,"Groww HTTP 401: {""errorCode"":401,""errorMessage"":{""message"":""Please Login and Try Again""}}"
1037,GROWW_ERROR,JAICORPLTD,INE070D01027,JAI CORP LIMITED,NSE_EQ|INE070D01027,,,,,,,,,,,,,,,,,,,,,,,,,"Groww HTTP 401: {""errorCode"":401,""errorMessage"":{""message"":""Please Login and Try Again""}}"
1036,GROWW_ERROR,JAIBALAJI,INE091G01026,JAI BALAJI INDUSTRIES LTD,NSE_EQ|INE091G01026,,,,,,,,,,,,,,,,,,,,,,,,,"Groww HTTP 401: {""errorCode"":401,""errorMessage"":{""message"":""Please Login and Try Again""}}"
1035,GROWW_ERROR,JAGSNPHARM,INE048B01035,JAGSONPAL PHARMACEUTICALS,NSE_EQ|INE048B01035,,,,,,,,,,,,,,,,,,,,,,,,,"Groww HTTP 401: {""errorCode"":401,""errorMessage"":{""message"":""Please Login and Try Again""}}"
1034,GROWW_ERROR,JAGRAN,INE199G01027,JAGRAN PRAKASHAN LIMITED,NSE_EQ|INE199G01027,,,,,,,,,,,,,,,,,,,,,,,,,"Groww HTTP 401: {""errorCode"":401,""errorMessage"":{""message"":""Please Login and Try Again""}}"
1033,GROWW_ERROR,J&KBANK,INE168A01041,J & K BANK LTD.,NSE_EQ|INE168A01041,,,,,,,,,,,,,,,,,,,,,,,,,"Groww HTTP 401: {""errorCode"":401,""errorMessage"":{""message"":""Please Login and Try Again""}}"
1032,GROWW_ERROR,IZMO,INE848A01014,IZMO LIMITED,NSE_EQ|INE848A01014,,,,,,,,,,,,,,,,,,,,,,,,,"Groww HTTP 401: {""errorCode"":401,""errorMessage"":{""message"":""Please Login and Try Again""}}"
1031,GROWW_ERROR,IXIGO,INE0HV901016,LE TRAVENUES TECHNOLOGY L,NSE_EQ|INE0HV901016,,,,,,,,,,,,,,,,,,,,,,,,,"Groww HTTP 401: {""errorCode"":401,""errorMessage"":{""message"":""Please Login and Try Again""}}"
1030,GROWW_ERROR,IWP,INE586E01020,INDIAN WOOD PRODUCTS CO L,NSE_EQ|INE586E01020,,,,,,,,,,,,,,,,,,,,,,,,,"Groww HTTP 401: {""errorCode"":401,""errorMessage"":{""message"":""Please Login and Try Again""}}"
1029,GROWW_ERROR,IVP,INE043C01018,IVP LTD,NSE_EQ|INE043C01018,,,,,,,,,,,,,,,,,,,,,,,,,"Groww HTTP 401: {""errorCode"":401,""errorMessage"":{""message"":""Please Login and Try Again""}}"
1028,GROWW_ERROR,IVC,INE050B01023,IL&FS INVESTMENT MANAGERS,NSE_EQ|INE050B01023,,,,,,,,,,,,,,,,,,,,,,,,,"Groww HTTP 401: {""errorCode"":401,""errorMessage"":{""message"":""Please Login and Try Again""}}"
1027,GROWW_ERROR,IVALUE,INE056801025,IVALUE INFOSOLUTIONS LTD,NSE_EQ|INE056801025,,,,,,,,,,,,,,,,,,,,,,,,,"Groww HTTP 401: {""errorCode"":401,""errorMessage"":{""message"":""Please Login and Try Again""}}"
1026,GROWW_ERROR,ITI,INE248A01017,ITI LTD,NSE_EQ|INE248A01017,,,,,,,,,,,,,,,,,,,,,,,,,"Groww HTTP 401: {""errorCode"":401,""errorMessage"":{""message"":""Please Login and Try Again""}}"
1025,GROWW_ERROR,ITDC,INE353K01014,INDIA TOUR. DEV. CO. LTD.,NSE_EQ|INE353K01014,,,,,,,,,,,,,,,,,,,,,,,,,"Groww HTTP 401: {""errorCode"":401,""errorMessage"":{""message"":""Please Login and Try Again""}}"
1024,GROWW_ERROR,ITCHOTELS,INE379A01028,ITC HOTELS LIMITED,NSE_EQ|INE379A01028,,,,,,,,,,,,,,,,,,,,,,,,,"Groww HTTP 401: {""errorCode"":401,""errorMessage"":{""message"":""Please Login and Try Again""}}"
1023,GROWW_ERROR,ISHANCH,INE561M01018,ISHAN DYES N CHEMICALS L,NSE_EQ|INE561M01018,,,,,,,,,,,,,,,,,,,,,,,,,"Groww HTTP 401: {""errorCode"":401,""errorMessage"":{""message"":""Please Login and Try Again""}}"
1022,GROWW_ERROR,ISGEC,INE858B01029,ISGEC HEAVY ENG LTD,NSE_EQ|INE858B01029,,,,,,,,,,,,,,,,,,,,,,,,,"Groww HTTP 401: {""errorCode"":401,""errorMessage"":{""message"":""Please Login and Try Again""}}"
1021,GROWW_ERROR,ISFT,INE566K01011,INTRASOFT TECH. LTD,NSE_EQ|INE566K01011,,,,,,,,,,,,,,,,,,,,,,,,,"Groww HTTP 401: {""errorCode"":401,""errorMessage"":{""message"":""Please Login and Try Again""}}"
1020,GROWW_ERROR,IRMENERGY,INE07U701015,IRM ENERGY LIMITED,NSE_EQ|INE07U701015,,,,,,,,,,,,,,,,,,,,,,,,,"Groww HTTP 401: {""errorCode"":401,""errorMessage"":{""message"":""Please Login and Try Again""}}"
1019,GROWW_ERROR,IRISDOREME,INE01GN01025,IRIS CLOTHINGS LIMITED,NSE_EQ|INE01GN01025,,,,,,,,,,,,,,,,,,,,,,,,,"Groww HTTP 401: {""errorCode"":401,""errorMessage"":{""message"":""Please Login and Try Again""}}"
1018,GROWW_ERROR,IRIS,INE864K01010,IRIS REGTECH SOLUTION LTD,NSE_EQ|INE864K01010,,,,,,,,,,,,,,,,,,,,,,,,,"Groww HTTP 401: {""errorCode"":401,""errorMessage"":{""message"":""Please Login and Try Again""}}"
1017,GROWW_ERROR,IRFC,INE053F01010,INDIAN RAILWAY FIN CORP L,NSE_EQ|INE053F01010,,,,,,,,,,,,,,,,,,,,,,,,,"Groww HTTP 401: {""errorCode"":401,""errorMessage"":{""message"":""Please Login and Try Again""}}"
1016,GROWW_ERROR,IREDA,INE202E01016,INDIAN RENEWABLE ENERGY,NSE_EQ|INE202E01016,,,,,,,,,,,,,,,,,,,,,,,,,"Groww HTTP 401: {""errorCode"":401,""errorMessage"":{""message"":""Please Login and Try Again""}}"
1015,GROWW_ERROR,IRCTC,INE335Y01020,INDIAN RAIL TOUR CORP LTD,NSE_EQ|INE335Y01020,,,,,,,,,,,,,,,,,,,,,,,,,"Groww HTTP 401: {""errorCode"":401,""errorMessage"":{""message"":""Please Login and Try Again""}}"
1014,GROWW_ERROR,IRCON,INE962Y01021,IRCON INTERNATIONAL LTD,NSE_EQ|INE962Y01021,,,,,,,,,,,,,,,,,,,,,,,,,"Groww HTTP 401: {""errorCode"":401,""errorMessage"":{""message"":""Please Login and Try Again""}}"
1013,GROWW_ERROR,IRB,INE821I01022,IRB INFRA DEV LTD.,NSE_EQ|INE821I01022,,,,,,,,,,,,,,,,,,,,,,,,,"Groww HTTP 401: {""errorCode"":401,""errorMessage"":{""message"":""Please Login and Try Again""}}"
1012,GROWW_ERROR,IPL,INE0D6701023,INDIA PESTICIDES LIMITED,NSE_EQ|INE0D6701023,,,,,,,,,,,,,,,,,,,,,,,,,"Groww HTTP 401: {""errorCode"":401,""errorMessage"":{""message"":""Please Login and Try Again""}}"
1011,GROWW_ERROR,IPCALAB,INE571A01038,IPCA LABORATORIES LTD,NSE_EQ|INE571A01038,,,,,,,,,,,,,,,,,,,,,,,,,"Groww HTTP 401: {""errorCode"":401,""errorMessage"":{""message"":""Please Login and Try Again""}}"
1010,GROWW_ERROR,IONEXCHANG,INE570A01022,ION EXCHANGE (INDIA) LTD,NSE_EQ|INE570A01022,,,,,,,,,,,,,,,,,,,,,,,,,"Groww HTTP 401: {""errorCode"":401,""errorMessage"":{""message"":""Please Login and Try Again""}}"
1009,GROWW_ERROR,IOLCP,INE485C01029,IOL CHEM AND PHARMA LTD,NSE_EQ|INE485C01029,,,,,,,,,,,,,,,,,,,,,,,,,"Groww HTTP 401: {""errorCode"":401,""errorMessage"":{""message"":""Please Login and Try Again""}}"
1008,GROWW_ERROR,IOC,INE242A01010,INDIAN OIL CORP LTD,NSE_EQ|INE242A01010,,,,,,,,,,,,,,,,,,,,,,,,,"Groww HTTP 401: {""errorCode"":401,""errorMessage"":{""message"":""Please Login and Try Again""}}"
1007,GROWW_ERROR,IOB,INE565A01014,INDIAN OVERSEAS BANK,NSE_EQ|INE565A01014,,,,,,,,,,,,,,,,,,,,,,,,,"Groww HTTP 401: {""errorCode"":401,""errorMessage"":{""message"":""Please Login and Try Again""}}"
1006,GROWW_ERROR,INVPRECQ,INE155E01016,INVESTMENT & PREC CAST L,NSE_EQ|INE155E01016,,,,,,,,,,,,,,,,,,,,,,,,,"Groww HTTP 401: {""errorCode"":401,""errorMessage"":{""message"":""Please Login and Try Again""}}"
1005,GROWW_ERROR,INVENTURE,INE878H01024,INVENTURE GRO & SEC LTD,NSE_EQ|INE878H01024,,,,,,,,,,,,,,,,,,,,,,,,,"Groww HTTP 401: {""errorCode"":401,""errorMessage"":{""message"":""Please Login and Try Again""}}"
1004,GROWW_ERROR,INTLCONV,INE575C01027,INTL CONVEYORS LIMITED,NSE_EQ|INE575C01027,,,,,,,,,,,,,,,,,,,,,,,,,"Groww HTTP 401: {""errorCode"":401,""errorMessage"":{""message"":""Please Login and Try Again""}}"
1003,GROWW_ERROR,INTERARCH,INE00M901018,INTERARCH BLDNG SOLTN LTD,NSE_EQ|INE00M901018,,,,,,,,,,,,,,,,,,,,,,,,,"Groww HTTP 401: {""errorCode"":401,""errorMessage"":{""message"":""Please Login and Try Again""}}"
1002,GROWW_ERROR,INTENTECH,INE781A01025,INTENSE TECHNOLOGIES LTD,NSE_EQ|INE781A01025,,,,,,,,,,,,,,,,,,,,,,,,,"Groww HTTP 401: {""errorCode"":401,""errorMessage"":{""message"":""Please Login and Try Again""}}"
1001,GROWW_ERROR,INTELLECT,INE306R01017,INTELLECT DESIGN ARENA,NSE_EQ|INE306R01017,,,,,,,,,,,,,,,,,,,,,,,,,"Groww HTTP 401: {""errorCode"":401,""errorMessage"":{""message"":""Please Login and Try Again""}}"
1000,GROWW_ERROR,INSPIRISYS,INE020G01017,INSPIRISYS SOLUTIONS LTD,NSE_EQ|INE020G01017,,,,,,,,,,,,,,,,,,,,,,,,,"Groww HTTP 401: {""errorCode"":401,""errorMessage"":{""message"":""Please Login and Try Again""}}"
999,GROWW_ERROR,INSECTICID,INE070I01018,INSECTICIDES (I) LTD,NSE_EQ|INE070I01018,,,,,,,,,,,,,,,,,,,,,,,,,"Groww HTTP 401: {""errorCode"":401,""errorMessage"":{""message"":""Please Login and Try Again""}}"
998,GROWW_ERROR,INOXWIND,INE066P01011,INOX WIND LIMITED,NSE_EQ|INE066P01011,,,,,,,,,,,,,,,,,,,,,,,,,"Groww HTTP 401: {""errorCode"":401,""errorMessage"":{""message"":""Please Login and Try Again""}}"
997,GROWW_ERROR,INOXINDIA,INE616N01034,INOX INDIA LIMITED,NSE_EQ|INE616N01034,,,,,,,,,,,,,,,,,,,,,,,,,"Groww HTTP 401: {""errorCode"":401,""errorMessage"":{""message"":""Please Login and Try Again""}}"
996,GROWW_ERROR,INOXGREEN,INE510W01014,INOX GREEN ENERGY SER LTD,NSE_EQ|INE510W01014,,,,,,,,,,,,,,,,,,,,,,,,,"Groww HTTP 401: {""errorCode"":401,""errorMessage"":{""message"":""Please Login and Try Again""}}"
995,GROWW_ERROR,INNOVISION,INE0ADB01012,INNOVISION LIMITED,NSE_EQ|INE0ADB01012,,,,,,,,,,,,,,,,,,,,,,,,,"Groww HTTP 401: {""errorCode"":401,""errorMessage"":{""message"":""Please Login and Try Again""}}"
994,GROWW_ERROR,INNOVANA,INE403Y01018,INNOVANA THINKLABS LTD,NSE_EQ|INE403Y01018,,,,,,,,,,,,,,,,,,,,,,,,,"Groww HTTP 401: {""errorCode"":401,""errorMessage"":{""message"":""Please Login and Try Again""}}"
993,GROWW_ERROR,INNOVACAP,INE0DUT01020,INNOVA CAPTAB LIMITED,NSE_EQ|INE0DUT01020,,,,,,,,,,,,,,,,,,,,,,,,,"Groww HTTP 401: {""errorCode"":401,""errorMessage"":{""message"":""Please Login and Try Again""}}"
992,GROWW_ERROR,INGERRAND,INE177A01018,INGERSOLL-RAND INDIA LTD,NSE_EQ|INE177A01018,,,,,,,,,,,,,,,,,,,,,,,,,"Groww HTTP 401: {""errorCode"":401,""errorMessage"":{""message"":""Please Login and Try Again""}}"
991,GROWW_ERROR,INFOMEDIA,INE669A01022,INFOMEDIA PRESS LIMITED,NSE_EQ|INE669A01022,,,,,,,,,,,,,,,,,,,,,,,,,"Groww HTTP 401: {""errorCode"":401,""errorMessage"":{""message"":""Please Login and Try Again""}}"
990,GROWW_ERROR,INFOBEAN,INE344S01016,INFOBEANS TECHNO. LTD.,NSE_EQ|INE344S01016,,,,,,,,,,,,,,,,,,,,,,,,,"Groww HTTP 401: {""errorCode"":401,""errorMessage"":{""message"":""Please Login and Try Again""}}"
989,GROWW_ERROR,INDUSTOWER,INE121J01017,INDUS TOWERS LIMITED,NSE_EQ|INE121J01017,,,,,,,,,,,,,,,,,,,,,,,,,"Groww HTTP 401: {""errorCode"":401,""errorMessage"":{""message"":""Please Login and Try Again""}}"
988,GROWW_ERROR,INDUSINDBK,INE095A01012,INDUSIND BANK LIMITED,NSE_EQ|INE095A01012,,,,,,,,,,,,,,,,,,,,,,,,,"Groww HTTP 401: {""errorCode"":401,""errorMessage"":{""message"":""Please Login and Try Again""}}"
987,GROWW_ERROR,INDTERRAIN,INE611L01021,IND TERRAIN FASHIONS LTD,NSE_EQ|INE611L01021,,,,,,,,,,,,,,,,,,,,,,,,,"Groww HTTP 401: {""errorCode"":401,""errorMessage"":{""message"":""Please Login and Try Again""}}"
986,GROWW_ERROR,INDSWFTLAB,INE915B01019,IND SWIFT LABORATORIES LT,NSE_EQ|INE915B01019,,,,,,,,,,,,,,,,,,,,,,,,,"Groww HTTP 401: {""errorCode"":401,""errorMessage"":{""message"":""Please Login and Try Again""}}"
985,GROWW_ERROR,INDRAMEDCO,INE681B01017,INDRAPRASTHA MEDICAL CORP,NSE_EQ|INE681B01017,,,,,,,,,,,,,,,,,,,,,,,,,"Groww HTTP 401: {""errorCode"":401,""errorMessage"":{""message"":""Please Login and Try Again""}}"
984,GROWW_ERROR,INDPRUD,INE620D01011,INDUSTRIAL & PRU INV CO L,NSE_EQ|INE620D01011,,,,,,,,,,,,,,,,,,,,,,,,,"Groww HTTP 401: {""errorCode"":401,""errorMessage"":{""message"":""Please Login and Try Again""}}"
983,GROWW_ERROR,INDOWIND,INE227G01018,INDOWIND ENERGY LTD,NSE_EQ|INE227G01018,,,,,,,,,,,,,,,,,,,,,,,,,"Groww HTTP 401: {""errorCode"":401,""errorMessage"":{""message"":""Please Login and Try Again""}}"
982,GROWW_ERROR,INDOUS,INE250Z01010,INDO US BIOTECH LTD,NSE_EQ|INE250Z01010,,,,,,,,,,,,,,,,,,,,,,,,,"Groww HTTP 401: {""errorCode"":401,""errorMessage"":{""message"":""Please Login and Try Again""}}"
981,GROWW_ERROR,INDOTHAI,INE337M01021,INDO THAI SEC LTD,NSE_EQ|INE337M01021,,,,,,,,,,,,,,,,,,,,,,,,,"Groww HTTP 401: {""errorCode"":401,""errorMessage"":{""message"":""Please Login and Try Again""}}"
980,GROWW_ERROR,INDOTECH,INE332H01014,INDO TECH TRANSFORM LTD.,NSE_EQ|INE332H01014,,,,,,,,,,,,,,,,,,,,,,,,,"Groww HTTP 401: {""errorCode"":401,""errorMessage"":{""message"":""Please Login and Try Again""}}"
979,GROWW_ERROR,INDOSTAR,INE896L01010,INDOSTAR CAPITAL FIN LTD,NSE_EQ|INE896L01010,,,,,,,,,,,,,,,,,,,,,,,,,"Groww HTTP 401: {""errorCode"":401,""errorMessage"":{""message"":""Please Login and Try Again""}}"
978,GROWW_ERROR,INDORAMA,INE156A01020,INDO RAMA SYNTHETICS LTD,NSE_EQ|INE156A01020,,,,,,,,,,,,,,,,,,,,,,,,,"Groww HTTP 401: {""errorCode"":401,""errorMessage"":{""message"":""Please Login and Try Again""}}"
977,GROWW_ERROR,INDOFARM,INE622H01018,INDO FARM EQUIPMENT LTD,NSE_EQ|INE622H01018,,,,,,,,,,,,,,,,,,,,,,,,,"Groww HTTP 401: {""errorCode"":401,""errorMessage"":{""message"":""Please Login and Try Again""}}"
976,GROWW_ERROR,INDOCO,INE873D01024,INDOCO REMEDIES LTD.,NSE_EQ|INE873D01024,,,,,,,,,,,,,,,,,,,,,,,,,"Groww HTTP 401: {""errorCode"":401,""errorMessage"":{""message"":""Please Login and Try Again""}}"
975,GROWW_ERROR,INDOBORAX,INE803D01021,INDO BORAX & CHEMICAL LTD,NSE_EQ|INE803D01021,,,,,,,,,,,,,,,,,,,,,,,,,"Groww HTTP 401: {""errorCode"":401,""errorMessage"":{""message"":""Please Login and Try Again""}}"
974,GROWW_ERROR,INDOAMIN,INE760F01028,INDO AMINES LIMITED,NSE_EQ|INE760F01028,,,,,,,,,,,,,,,,,,,,,,,,,"Groww HTTP 401: {""errorCode"":401,""errorMessage"":{""message"":""Please Login and Try Again""}}"
973,GROWW_ERROR,INDNIPPON,INE092B01025,INDIA NIPPON ELECT  LTD,NSE_EQ|INE092B01025,,,,,,,,,,,,,,,,,,,,,,,,,"Groww HTTP 401: {""errorCode"":401,""errorMessage"":{""message"":""Please Login and Try Again""}}"
972,GROWW_ERROR,INDIQUBE,INE06ST01018,INDIQUBE SPACES LIMITED,NSE_EQ|INE06ST01018,,,,,,,,,,,,,,,,,,,,,,,,,"Groww HTTP 401: {""errorCode"":401,""errorMessage"":{""message"":""Please Login and Try Again""}}"
971,GROWW_ERROR,INDIGOPNTS,INE09VQ01012,INDIGO PAINTS LIMITED,NSE_EQ|INE09VQ01012,,,,,,,,,,,,,,,,,,,,,,,,,"Groww HTTP 401: {""errorCode"":401,""errorMessage"":{""message"":""Please Login and Try Again""}}"
970,GROWW_ERROR,INDIGO,INE646L01027,INTERGLOBE AVIATION LTD,NSE_EQ|INE646L01027,,,,,,,,,,,,,,,,,,,,,,,,,"Groww HTTP 401: {""errorCode"":401,""errorMessage"":{""message"":""Please Login and Try Again""}}"
969,GROWW_ERROR,INDIASHLTR,INE922K01024,INDIA SHELTER FIN CORP L,NSE_EQ|INE922K01024,,,,,,,,,,,,,,,,,,,,,,,,,"Groww HTTP 401: {""errorCode"":401,""errorMessage"":{""message"":""Please Login and Try Again""}}"
968,GROWW_ERROR,INDIANHUME,INE323C01030,INDIAN HUME PIPE CO. LTD.,NSE_EQ|INE323C01030,,,,,,,,,,,,,,,,,,,,,,,,,"Groww HTTP 401: {""errorCode"":401,""errorMessage"":{""message"":""Please Login and Try Again""}}"
967,GROWW_ERROR,INDIANCARD,INE061A01014,INDIAN CARD CLOTHING CO.,NSE_EQ|INE061A01014,,,,,,,,,,,,,,,,,,,,,,,,,"Groww HTTP 401: {""errorCode"":401,""errorMessage"":{""message"":""Please Login and Try Again""}}"
966,GROWW_ERROR,INDIANB,INE562A01011,INDIAN BANK,NSE_EQ|INE562A01011,,,,,,,,,,,,,,,,,,,,,,,,,"Groww HTTP 401: {""errorCode"":401,""errorMessage"":{""message"":""Please Login and Try Again""}}"
965,GROWW_ERROR,INDIAMART,INE933S01016,INDIAMART INTERMESH LTD,NSE_EQ|INE933S01016,,,,,,,,,,,,,,,,,,,,,,,,,"Groww HTTP 401: {""errorCode"":401,""errorMessage"":{""message"":""Please Login and Try Again""}}"
964,GROWW_ERROR,INDIAGLYCO,INE560A01023,INDIA GLYCOLS LTD,NSE_EQ|INE560A01023,,,,,,,,,,,,,,,,,,,,,,,,,"Groww HTTP 401: {""errorCode"":401,""errorMessage"":{""message"":""Please Login and Try Again""}}"
963,GROWW_ERROR,INDIACEM,INE383A01012,THE INDIA CEMENTS LIMITED,NSE_EQ|INE383A01012,,,,,,,,,,,,,,,,,,,,,,,,,"Groww HTTP 401: {""errorCode"":401,""errorMessage"":{""message"":""Please Login and Try Again""}}"
962,GROWW_ERROR,INDHOTEL,INE053A01029,THE INDIAN HOTELS CO. LTD,NSE_EQ|INE053A01029,,,,,,,,,,,,,,,,,,,,,,,,,"Groww HTTP 401: {""errorCode"":401,""errorMessage"":{""message"":""Please Login and Try Again""}}"
961,GROWW_ERROR,INDGN,INE065X01017,INDEGENE LIMITED,NSE_EQ|INE065X01017,,,,,,,,,,,,,,,,,,,,,,,,,"Groww HTTP 401: {""errorCode"":401,""errorMessage"":{""message"":""Please Login and Try Again""}}"
960,GROWW_ERROR,INDBANK,INE841B01017,INDBANK MERCH BANK,NSE_EQ|INE841B01017,,,,,,,,,,,,,,,,,,,,,,,,,"Groww HTTP 401: {""errorCode"":401,""errorMessage"":{""message"":""Please Login and Try Again""}}"
959,GROWW_ERROR,INCREDIBLE,INE452L01012,INCREDIBLE INDUSTRIES LTD,NSE_EQ|INE452L01012,,,,,,,,,,,,,,,,,,,,,,,,,"Groww HTTP 401: {""errorCode"":401,""errorMessage"":{""message"":""Please Login and Try Again""}}"
958,GROWW_ERROR,INA,INE0LGX01024,INSOLATION ENERGY LIMITED,NSE_EQ|INE0LGX01024,,,,,,,,,,,,,,,,,,,,,,,,,"Groww HTTP 401: {""errorCode"":401,""errorMessage"":{""message"":""Please Login and Try Again""}}"
957,GROWW_ERROR,IMPAL,INE547E01014,IND MOTOR PART & ACC LTD,NSE_EQ|INE547E01014,,,,,,,,,,,,,,,,,,,,,,,,,"Groww HTTP 401: {""errorCode"":401,""errorMessage"":{""message"":""Please Login and Try Again""}}"
956,GROWW_ERROR,IMFA,INE919H01018,INDIAN METALS & FERRO,NSE_EQ|INE919H01018,,,,,,,,,,,,,,,,,,,,,,,,,"Groww HTTP 401: {""errorCode"":401,""errorMessage"":{""message"":""Please Login and Try Again""}}"
955,GROWW_ERROR,IMAGICAA,INE172N01012,IMAGICAAWORLD ENT LTD,NSE_EQ|INE172N01012,,,,,,,,,,,,,,,,,,,,,,,,,"Groww HTTP 401: {""errorCode"":401,""errorMessage"":{""message"":""Please Login and Try Again""}}"
954,GROWW_ERROR,IL&FSTRANS,INE975G01012,IL&FS TRANS NET LTD,NSE_EQ|INE975G01012,,,,,,,,,,,,,,,,,,,,,,,,,"Groww HTTP 401: {""errorCode"":401,""errorMessage"":{""message"":""Please Login and Try Again""}}"
953,GROWW_ERROR,IL&FSENGG,INE369I01014,IL&FS ENG AND CONS CO LTD,NSE_EQ|INE369I01014,,,,,,,,,,,,,,,,,,,,,,,,,"Groww HTTP 401: {""errorCode"":401,""errorMessage"":{""message"":""Please Login and Try Again""}}"
952,GROWW_ERROR,IKS,INE115Q01022,INVENTURUS KNOWLEDGE SO L,NSE_EQ|INE115Q01022,,,,,,,,,,,,,,,,,,,,,,,,,"Groww HTTP 401: {""errorCode"":401,""errorMessage"":{""message"":""Please Login and Try Again""}}"
951,GROWW_ERROR,IKIO,INE0LOJ01019,IKIO TECHNOLOGIES LIMITED,NSE_EQ|INE0LOJ01019,,,,,,,,,,,,,,,,,,,,,,,,,"Groww HTTP 401: {""errorCode"":401,""errorMessage"":{""message"":""Please Login and Try Again""}}"
950,GROWW_ERROR,IITL,INE886A01014,INDUSTRIAL INV TRUST LTD,NSE_EQ|INE886A01014,,,,,,,,,,,,,,,,,,,,,,,,,"Groww HTTP 401: {""errorCode"":401,""errorMessage"":{""message"":""Please Login and Try Again""}}"
949,GROWW_ERROR,IIFLCAPS,INE489L01022,IIFL CAPITAL SERVICES LTD,NSE_EQ|INE489L01022,,,,,,,,,,,,,,,,,,,,,,,,,"Groww HTTP 401: {""errorCode"":401,""errorMessage"":{""message"":""Please Login and Try Again""}}"
948,GROWW_ERROR,IIFL,INE530B01024,IIFL FINANCE LIMITED,NSE_EQ|INE530B01024,,,,,,,,,,,,,,,,,,,,,,,,,"Groww HTTP 401: {""errorCode"":401,""errorMessage"":{""message"":""Please Login and Try Again""}}"
947,GROWW_ERROR,IGPL,INE204A01010,I G PETROCHEMICALS LTD,NSE_EQ|INE204A01010,,,,,,,,,,,,,,,,,,,,,,,,,"Groww HTTP 401: {""errorCode"":401,""errorMessage"":{""message"":""Please Login and Try Again""}}"
946,GROWW_ERROR,IGL,INE203G01027,INDRAPRASTHA GAS LTD,NSE_EQ|INE203G01027,,,,,,,,,,,,,,,,,,,,,,,,,"Groww HTTP 401: {""errorCode"":401,""errorMessage"":{""message"":""Please Login and Try Again""}}"
945,GROWW_ERROR,IGIL,INE0Q9301021,INTL GEMOLOGICAL INST LTD,NSE_EQ|INE0Q9301021,,,,,,,,,,,,,,,,,,,,,,,,,"Groww HTTP 401: {""errorCode"":401,""errorMessage"":{""message"":""Please Login and Try Again""}}"
944,GROWW_ERROR,IGCL,INE05J901018,INDOGULF CROPSCIENCES LTD,NSE_EQ|INE05J901018,,,,,,,,,,,,,,,,,,,,,,,,,"Groww HTTP 401: {""errorCode"":401,""errorMessage"":{""message"":""Please Login and Try Again""}}"
943,GROWW_ERROR,IGARASHI,INE188B01013,IGARASHI MOTORS INDIA LTD,NSE_EQ|INE188B01013,,,,,,,,,,,,,,,,,,,,,,,,,"Groww HTTP 401: {""errorCode"":401,""errorMessage"":{""message"":""Please Login and Try Again""}}"
942,GROWW_ERROR,IFGLEXPOR,INE133Y01011,IFGL REFRACTORIES LIMITED,NSE_EQ|INE133Y01011,,,,,,,,,,,,,,,,,,,,,,,,,"Groww HTTP 401: {""errorCode"":401,""errorMessage"":{""message"":""Please Login and Try Again""}}"
941,GROWW_ERROR,IFCI,INE039A01010,IFCI LTD,NSE_EQ|INE039A01010,,,,,,,,,,,,,,,,,,,,,,,,,"Groww HTTP 401: {""errorCode"":401,""errorMessage"":{""message"":""Please Login and Try Again""}}"
940,GROWW_ERROR,IFBIND,INE559A01017,IFB INDUSTRIES LTD,NSE_EQ|INE559A01017,,,,,,,,,,,,,,,,,,,,,,,,,"Groww HTTP 401: {""errorCode"":401,""errorMessage"":{""message"":""Please Login and Try Again""}}"
939,GROWW_ERROR,IFBAGRO,INE076C01018,IFB AGRO INDUSTRIES LTD,NSE_EQ|INE076C01018,,,,,,,,,,,,,,,,,,,,,,,,,"Groww HTTP 401: {""errorCode"":401,""errorMessage"":{""message"":""Please Login and Try Again""}}"
938,GROWW_ERROR,IEX,INE022Q01020,INDIAN ENERGY EXC LTD,NSE_EQ|INE022Q01020,,,,,,,,,,,,,,,,,,,,,,,,,"Groww HTTP 401: {""errorCode"":401,""errorMessage"":{""message"":""Please Login and Try Again""}}"
937,GROWW_ERROR,IDFCFIRSTB,INE092T01019,IDFC FIRST BANK LIMITED,NSE_EQ|INE092T01019,,,,,,,,,,,,,,,,,,,,,,,,,"Groww HTTP 401: {""errorCode"":401,""errorMessage"":{""message"":""Please Login and Try Again""}}"
936,GROWW_ERROR,IDEAFORGE,INE349Y01013,IDEAFORGE TECHNO LTD,NSE_EQ|INE349Y01013,,,,,,,,,,,,,,,,,,,,,,,,,"Groww HTTP 401: {""errorCode"":401,""errorMessage"":{""message"":""Please Login and Try Again""}}"
935,GROWW_ERROR,IDBI,INE008A01015,IDBI BANK LIMITED,NSE_EQ|INE008A01015,,,,,,,,,,,,,,,,,,,,,,,,,"Groww HTTP 401: {""errorCode"":401,""errorMessage"":{""message"":""Please Login and Try Again""}}"
934,GROWW_ERROR,ICRA,INE725G01011,ICRA LIMITED,NSE_EQ|INE725G01011,,,,,,,,,,,,,,,,,,,,,,,,,"Groww HTTP 401: {""errorCode"":401,""errorMessage"":{""message"":""Please Login and Try Again""}}"
933,GROWW_ERROR,ICIL,INE483B01026,INDO COUNT INDUSTRIES LTD,NSE_EQ|INE483B01026,,,,,,,,,,,,,,,,,,,,,,,,,"Groww HTTP 401: {""errorCode"":401,""errorMessage"":{""message"":""Please Login and Try Again""}}"
932,GROWW_ERROR,ICICIPRULI,INE726G01019,ICICI PRU LIFE INS CO LTD,NSE_EQ|INE726G01019,,,,,,,,,,,,,,,,,,,,,,,,,"Groww HTTP 401: {""errorCode"":401,""errorMessage"":{""message"":""Please Login and Try Again""}}"
931,GROWW_ERROR,ICICIGI,INE765G01017,ICICI LOMBARD GIC LIMITED,NSE_EQ|INE765G01017,,,,,,,,,,,,,,,,,,,,,,,,,"Groww HTTP 401: {""errorCode"":401,""errorMessage"":{""message"":""Please Login and Try Again""}}"
930,GROWW_ERROR,ICICIAMC,INE346A01027,ICICI PRUDENTIAL AMC LTD,NSE_EQ|INE346A01027,,,,,,,,,,,,,,,,,,,,,,,,,"Groww HTTP 401: {""errorCode"":401,""errorMessage"":{""message"":""Please Login and Try Again""}}"
929,GROWW_ERROR,ICEMAKE,INE520Y01019,ICE MAKE REFRIGERAT LTD,NSE_EQ|INE520Y01019,,,,,,,,,,,,,,,,,,,,,,,,,"Groww HTTP 401: {""errorCode"":401,""errorMessage"":{""message"":""Please Login and Try Again""}}"
928,GROWW_ERROR,ICDSLTD,INE613B01010,ICDS LTD,NSE_EQ|INE613B01010,,,,,,,,,,,,,,,,,,,,,,,,,"Groww HTTP 401: {""errorCode"":401,""errorMessage"":{""message"":""Please Login and Try Again""}}"
927,GROWW_ERROR,IBULLSLTD,INE126M01010,INDIABULLS LIMITED,NSE_EQ|INE126M01010,,,,,,,,,,,,,,,,,,,,,,,,,"Groww HTTP 401: {""errorCode"":401,""errorMessage"":{""message"":""Please Login and Try Again""}}"
926,GROWW_ERROR,HYUNDAI,INE0V6F01027,HYUNDAI MOTOR INDIA LTD,NSE_EQ|INE0V6F01027,,,,,,,,,,,,,,,,,,,,,,,,,"Groww HTTP 401: {""errorCode"":401,""errorMessage"":{""message"":""Please Login and Try Again""}}"
925,GROWW_ERROR,HYBRIDFIN,INE965B01022,HYBRID FINANCIAL SERVICE,NSE_EQ|INE965B01022,,,,,,,,,,,,,,,,,,,,,,,,,"Groww HTTP 401: {""errorCode"":401,""errorMessage"":{""message"":""Please Login and Try Again""}}"
924,GROWW_ERROR,HUHTAMAKI,INE275B01026,HUHTAMAKI INDIA LIMITED,NSE_EQ|INE275B01026,,,,,,,,,,,,,,,,,,,,,,,,,"Groww HTTP 401: {""errorCode"":401,""errorMessage"":{""message"":""Please Login and Try Again""}}"
923,GROWW_ERROR,HUDCO,INE031A01017,HSG & URBAN DEV CORPN LTD,NSE_EQ|INE031A01017,,,,,,,,,,,,,,,,,,,,,,,,,"Groww HTTP 401: {""errorCode"":401,""errorMessage"":{""message"":""Please Login and Try Again""}}"
922,GROWW_ERROR,HUBTOWN,INE703H01016,HUBTOWN LIMITED,NSE_EQ|INE703H01016,,,,,,,,,,,,,,,,,,,,,,,,,"Groww HTTP 401: {""errorCode"":401,""errorMessage"":{""message"":""Please Login and Try Again""}}"
921,GROWW_ERROR,HTMEDIA,INE501G01024,HT MEDIA LIMITED,NSE_EQ|INE501G01024,,,,,,,,,,,,,,,,,,,,,,,,,"Groww HTTP 401: {""errorCode"":401,""errorMessage"":{""message"":""Please Login and Try Again""}}"
920,GROWW_ERROR,HSCL,INE019C01026,HIMADRI SPECIALITY CHEM L,NSE_EQ|INE019C01026,,,,,,,,,,,,,,,,,,,,,,,,,"Groww HTTP 401: {""errorCode"":401,""errorMessage"":{""message"":""Please Login and Try Again""}}"
919,GROWW_ERROR,HPL,INE495S01016,HPL ELECTRIC & POWER LTD,NSE_EQ|INE495S01016,,,,,,,,,,,,,,,,,,,,,,,,,"Groww HTTP 401: {""errorCode"":401,""errorMessage"":{""message"":""Please Login and Try Again""}}"
918,GROWW_ERROR,HPIL,INE05X901010,HINDPRAKASH INDUSTRY LTD,NSE_EQ|INE05X901010,,,,,,,,,,,,,,,,,,,,,,,,,"Groww HTTP 401: {""errorCode"":401,""errorMessage"":{""message"":""Please Login and Try Again""}}"
917,GROWW_ERROR,HPAL,INE0GSL01024,HP ADHESIVES LIMITED,NSE_EQ|INE0GSL01024,,,,,,,,,,,,,,,,,,,,,,,,,"Groww HTTP 401: {""errorCode"":401,""errorMessage"":{""message"":""Please Login and Try Again""}}"
916,GROWW_ERROR,HONDAPOWER,INE634A01018,HONDA I POWER PRODUCT LTD,NSE_EQ|INE634A01018,,,,,,,,,,,,,,,,,,,,,,,,,"Groww HTTP 401: {""errorCode"":401,""errorMessage"":{""message"":""Please Login and Try Again""}}"
915,GROWW_ERROR,HONAUT,INE671A01010,HONEYWELL AUTOMATION IND,NSE_EQ|INE671A01010,,,,,,,,,,,,,,,,,,,,,,,,,"Groww HTTP 401: {""errorCode"":401,""errorMessage"":{""message"":""Please Login and Try Again""}}"
914,GROWW_ERROR,HONASA,INE0J5401028,HONASA CONSUMER LIMITED,NSE_EQ|INE0J5401028,,,,,,,,,,,,,,,,,,,,,,,,,"Groww HTTP 401: {""errorCode"":401,""errorMessage"":{""message"":""Please Login and Try Again""}}"
913,GROWW_ERROR,HOMEFIRST,INE481N01025,HOME FIRST FIN CO IND LTD,NSE_EQ|INE481N01025,,,,,,,,,,,,,,,,,,,,,,,,,"Groww HTTP 401: {""errorCode"":401,""errorMessage"":{""message"":""Please Login and Try Again""}}"
912,GROWW_ERROR,HNDFDS,INE254N01026,HINDUSTAN FOODS LIMITED,NSE_EQ|INE254N01026,,,,,,,,,,,,,,,,,,,,,,,,,"Groww HTTP 401: {""errorCode"":401,""errorMessage"":{""message"":""Please Login and Try Again""}}"
911,GROWW_ERROR,HMVL,INE871K01015,HINDUSTAN MEDIA VENT LTD,NSE_EQ|INE871K01015,,,,,,,,,,,,,,,,,,,,,,,,,"Groww HTTP 401: {""errorCode"":401,""errorMessage"":{""message"":""Please Login and Try Again""}}"
910,GROWW_ERROR,HMT,INE262A01018,HMT LTD -,NSE_EQ|INE262A01018,,,,,,,,,,,,,,,,,,,,,,,,,"Groww HTTP 401: {""errorCode"":401,""errorMessage"":{""message"":""Please Login and Try Again""}}"
909,GROWW_ERROR,HMAAGRO,INE0ECP01024,HMA AGRO INDUSTRIES LTD,NSE_EQ|INE0ECP01024,,,,,,,,,,,,,,,,,,,,,,,,,"Groww HTTP 401: {""errorCode"":401,""errorMessage"":{""message"":""Please Login and Try Again""}}"
908,GROWW_ERROR,HLVLTD,INE102A01024,HLV LIMITED,NSE_EQ|INE102A01024,,,,,,,,,,,,,,,,,,,,,,,,,"Groww HTTP 401: {""errorCode"":401,""errorMessage"":{""message"":""Please Login and Try Again""}}"
907,GROWW_ERROR,HLEGLAS,INE461D01028,HLE GLASCOAT LIMITED,NSE_EQ|INE461D01028,,,,,,,,,,,,,,,,,,,,,,,,,"Groww HTTP 401: {""errorCode"":401,""errorMessage"":{""message"":""Please Login and Try Again""}}"
906,GROWW_ERROR,HITECHGEAR,INE127B01011,THE HI-TECH GEARS LIMITED,NSE_EQ|INE127B01011,,,,,,,,,,,,,,,,,,,,,,,,,"Groww HTTP 401: {""errorCode"":401,""errorMessage"":{""message"":""Please Login and Try Again""}}"
905,GROWW_ERROR,HITECHCORP,INE120D01012,HITECH CORPORATION LTD,NSE_EQ|INE120D01012,,,,,,,,,,,,,,,,,,,,,,,,,"Groww HTTP 401: {""errorCode"":401,""errorMessage"":{""message"":""Please Login and Try Again""}}"
904,GROWW_ERROR,HITECH,INE106T01025,HI-TECH PIPES LIMITED,NSE_EQ|INE106T01025,,,,,,,,,,,,,,,,,,,,,,,,,"Groww HTTP 401: {""errorCode"":401,""errorMessage"":{""message"":""Please Login and Try Again""}}"
903,GROWW_ERROR,HISARMETAL,INE598C01011,HISAR METAL IND. LIMITED,NSE_EQ|INE598C01011,,,,,,,,,,,,,,,,,,,,,,,,,"Groww HTTP 401: {""errorCode"":401,""errorMessage"":{""message"":""Please Login and Try Again""}}"
902,GROWW_ERROR,HIRECT,INE835D01023,HIND RECTIFIER LIMITED,NSE_EQ|INE835D01023,,,,,,,,,,,,,,,,,,,,,,,,,"Groww HTTP 401: {""errorCode"":401,""errorMessage"":{""message"":""Please Login and Try Again""}}"
901,GROWW_ERROR,HINDZINC,INE267A01025,HINDUSTAN ZINC LIMITED,NSE_EQ|INE267A01025,,,,,,,,,,,,,,,,,,,,,,,,,"Groww HTTP 401: {""errorCode"":401,""errorMessage"":{""message"":""Please Login and Try Again""}}"
900,GROWW_ERROR,HINDWAREAP,INE05AN01011,HINDWARE HME INOVATON LTD,NSE_EQ|INE05AN01011,,,,,,,,,,,,,,,,,,,,,,,,,"Groww HTTP 401: {""errorCode"":401,""errorMessage"":{""message"":""Please Login and Try Again""}}"
899,GROWW_ERROR,HINDUNILVR,INE030A01027,HINDUSTAN UNILEVER LTD.,NSE_EQ|INE030A01027,,,,,,,,,,,,,,,,,,,,,,,,,"Groww HTTP 401: {""errorCode"":401,""errorMessage"":{""message"":""Please Login and Try Again""}}"
898,GROWW_ERROR,HINDPETRO,INE094A01015,HINDUSTAN PETROLEUM CORP,NSE_EQ|INE094A01015,,,,,,,,,,,,,,,,,,,,,,,,,"Groww HTTP 401: {""errorCode"":401,""errorMessage"":{""message"":""Please Login and Try Again""}}"
897,GROWW_ERROR,HINDOILEXP,INE345A01011,HINDUSTAN OIL EXPLORATION,NSE_EQ|INE345A01011,,,,,,,,,,,,,,,,,,,,,,,,,"Groww HTTP 401: {""errorCode"":401,""errorMessage"":{""message"":""Please Login and Try Again""}}"
896,GROWW_ERROR,HINDCOPPER,INE531E01026,HINDUSTAN COPPER LTD,NSE_EQ|INE531E01026,,,,,,,,,,,,,,,,,,,,,,,,,"Groww HTTP 401: {""errorCode"":401,""errorMessage"":{""message"":""Please Login and Try Again""}}"
895,GROWW_ERROR,HINDCON,INE642Y01029,HINDCON CHEMICALS LIMITED,NSE_EQ|INE642Y01029,,,,,,,,,,,,,,,,,,,,,,,,,"Groww HTTP 401: {""errorCode"":401,""errorMessage"":{""message"":""Please Login and Try Again""}}"
894,GROWW_ERROR,HINDCOMPOS,INE310C01029,HINDUSTAN COMPOSITES LTD.,NSE_EQ|INE310C01029,,,,,,,,,,,,,,,,,,,,,,,,,"Groww HTTP 401: {""errorCode"":401,""errorMessage"":{""message"":""Please Login and Try Again""}}"
893,GROWW_ERROR,HINDALCO,INE038A01020,HINDALCO  INDUSTRIES  LTD,NSE_EQ|INE038A01020,,,,,,,,,,,,,,,,,,,,,,,,,"Groww HTTP 401: {""errorCode"":401,""errorMessage"":{""message"":""Please Login and Try Again""}}"
892,GROWW_ERROR,HIMATSEIDE,INE049A01027,HIMATSINGKA SEIDE LTD,NSE_EQ|INE049A01027,,,,,,,,,,,,,,,,,,,,,,,,,"Groww HTTP 401: {""errorCode"":401,""errorMessage"":{""message"":""Please Login and Try Again""}}"
891,GROWW_ERROR,HILTON,INE788H01017,HILTON METAL FORGING LTD,NSE_EQ|INE788H01017,,,,,,,,,,,,,,,,,,,,,,,,,"Groww HTTP 401: {""errorCode"":401,""errorMessage"":{""message"":""Please Login and Try Again""}}"
890,GROWW_ERROR,HILINFRA,INE00RL01028,HIGHWAY INFRASTRUCTURE L,NSE_EQ|INE00RL01028,,,,,,,,,,,,,,,,,,,,,,,,,"Groww HTTP 401: {""errorCode"":401,""errorMessage"":{""message"":""Please Login and Try Again""}}"
889,GROWW_ERROR,HIKAL,INE475B01022,HIKAL LIMITED,NSE_EQ|INE475B01022,,,,,,,,,,,,,,,,,,,,,,,,,"Groww HTTP 401: {""errorCode"":401,""errorMessage"":{""message"":""Please Login and Try Again""}}"
888,GROWW_ERROR,HGS,INE170I01016,HINDUJA GLOBAL SOLS. LTD.,NSE_EQ|INE170I01016,,,,,,,,,,,,,,,,,,,,,,,,,"Groww HTTP 401: {""errorCode"":401,""errorMessage"":{""message"":""Please Login and Try Again""}}"
887,GROWW_ERROR,HGM,INE596H01014,HANDSON GBL MNGMNT LTD,NSE_EQ|INE596H01014,,,,,,,,,,,,,,,,,,,,,,,,,"Groww HTTP 401: {""errorCode"":401,""errorMessage"":{""message"":""Please Login and Try Again""}}"
886,GROWW_ERROR,HGINFRA,INE926X01010,H.G.INFRA ENGINEERING LTD,NSE_EQ|INE926X01010,,,,,,,,,,,,,,,,,,,,,,,,,"Groww HTTP 401: {""errorCode"":401,""errorMessage"":{""message"":""Please Login and Try Again""}}"
885,GROWW_ERROR,HFCL,INE548A01028,HFCL LIMITED,NSE_EQ|INE548A01028,,,,,,,,,,,,,,,,,,,,,,,,,"Groww HTTP 401: {""errorCode"":401,""errorMessage"":{""message"":""Please Login and Try Again""}}"
884,GROWW_ERROR,HEXT,INE093A01041,HEXAWARE TECHNOLOGIES LTD,NSE_EQ|INE093A01041,,,,,,,,,,,,,,,,,,,,,,,,,"Groww HTTP 401: {""errorCode"":401,""errorMessage"":{""message"":""Please Login and Try Again""}}"
883,GROWW_ERROR,HEXATRADEX,INE750M01017,HEXA TRADEX LIMITED,NSE_EQ|INE750M01017,,,,,,,,,,,,,,,,,,,,,,,,,"Groww HTTP 401: {""errorCode"":401,""errorMessage"":{""message"":""Please Login and Try Again""}}"
882,GROWW_ERROR,HEXAGON,INE0JUI01012,HEXAGON NUTRITION LIMITED,NSE_EQ|INE0JUI01012,,,,,,,,,,,,,,,,,,,,,,,,,"Groww HTTP 401: {""errorCode"":401,""errorMessage"":{""message"":""Please Login and Try Again""}}"
881,GROWW_ERROR,HESTERBIO,INE782E01017,HESTER BIOSCIENCES LTD,NSE_EQ|INE782E01017,,,,,,,,,,,,,,,,,,,,,,,,,"Groww HTTP 401: {""errorCode"":401,""errorMessage"":{""message"":""Please Login and Try Again""}}"
880,GROWW_ERROR,HEROMOTOCO,INE158A01026,HERO MOTOCORP LIMITED,NSE_EQ|INE158A01026,,,,,,,,,,,,,,,,,,,,,,,,,"Groww HTTP 401: {""errorCode"":401,""errorMessage"":{""message"":""Please Login and Try Again""}}"
879,GROWW_ERROR,HERITGFOOD,INE978A01027,HERITAGE FOODS LTD,NSE_EQ|INE978A01027,,,,,,,,,,,,,,,,,,,,,,,,,"Groww HTTP 401: {""errorCode"":401,""errorMessage"":{""message"":""Please Login and Try Again""}}"
878,GROWW_ERROR,HERANBA,INE694N01015,HERANBA INDUSTRIES LTD,NSE_EQ|INE694N01015,,,,,,,,,,,,,,,,,,,,,,,,,"Groww HTTP 401: {""errorCode"":401,""errorMessage"":{""message"":""Please Login and Try Again""}}"
877,GROWW_ERROR,HEMIPROP,INE0AJG01018,HEMISPHERE PROP IND LTD,NSE_EQ|INE0AJG01018,,,,,,,,,,,,,,,,,,,,,,,,,"Groww HTTP 401: {""errorCode"":401,""errorMessage"":{""message"":""Please Login and Try Again""}}"
876,GROWW_ERROR,HEIDELBERG,INE578A01017,HEIDELBERGCEMENT (I) LTD,NSE_EQ|INE578A01017,,,,,,,,,,,,,,,,,,,,,,,,,"Groww HTTP 401: {""errorCode"":401,""errorMessage"":{""message"":""Please Login and Try Again""}}"
875,GROWW_ERROR,HEG,INE545A01024,HEG LTD,NSE_EQ|INE545A01024,,,,,,,,,,,,,,,,,,,,,,,,,"Groww HTTP 401: {""errorCode"":401,""errorMessage"":{""message"":""Please Login and Try Again""}}"
874,GROWW_ERROR,HECPROJECT,INE558R01013,HEC INFRA PROJECTS LTD,NSE_EQ|INE558R01013,,,,,,,,,,,,,,,,,,,,,,,,,"Groww HTTP 401: {""errorCode"":401,""errorMessage"":{""message"":""Please Login and Try Again""}}"
873,GROWW_ERROR,HEALTHX,INE019J01013,HEALTH X PLATFORM LIMITED,NSE_EQ|INE019J01013,,,,,,,,,,,,,,,,,,,,,,,,,"Groww HTTP 401: {""errorCode"":401,""errorMessage"":{""message"":""Please Login and Try Again""}}"
872,GROWW_ERROR,HEADSUP,INE759V01019,HEADS UP VENTURES LIMITED,NSE_EQ|INE759V01019,,,,,,,,,,,,,,,,,,,,,,,,,"Groww HTTP 401: {""errorCode"":401,""errorMessage"":{""message"":""Please Login and Try Again""}}"
871,GROWW_ERROR,HDIL,INE191I01012,HOUSING DEV & INFRA LTD,NSE_EQ|INE191I01012,,,,,,,,,,,,,,,,,,,,,,,,,"Groww HTTP 401: {""errorCode"":401,""errorMessage"":{""message"":""Please Login and Try Again""}}"
870,GROWW_ERROR,HDFCLIFE,INE795G01014,HDFC LIFE INS CO LTD,NSE_EQ|INE795G01014,,,,,,,,,,,,,,,,,,,,,,,,,"Groww HTTP 401: {""errorCode"":401,""errorMessage"":{""message"":""Please Login and Try Again""}}"
869,GROWW_ERROR,HDFCAMC,INE127D01025,HDFC AMC LIMITED,NSE_EQ|INE127D01025,,,,,,,,,,,,,,,,,,,,,,,,,"Groww HTTP 401: {""errorCode"":401,""errorMessage"":{""message"":""Please Login and Try Again""}}"
868,GROWW_ERROR,HDBFS,INE756I01012,HDB FINANCIAL SERVICES L,NSE_EQ|INE756I01012,,,,,,,,,,,,,,,,,,,,,,,,,"Groww HTTP 401: {""errorCode"":401,""errorMessage"":{""message"":""Please Login and Try Again""}}"
867,GROWW_ERROR,HCLTECH,INE860A01027,HCL TECHNOLOGIES LTD,NSE_EQ|INE860A01027,,,,,,,,,,,,,,,,,,,,,,,,,"Groww HTTP 401: {""errorCode"":401,""errorMessage"":{""message"":""Please Login and Try Again""}}"
866,GROWW_ERROR,HCL-INSYS,INE236A01020,HCL INFOSYSTEMS LTD,NSE_EQ|INE236A01020,,,,,,,,,,,,,,,,,,,,,,,,,"Groww HTTP 401: {""errorCode"":401,""errorMessage"":{""message"":""Please Login and Try Again""}}"
865,GROWW_ERROR,HCG,INE075I01017,HEALTHCARE GLOB. ENT. LTD,NSE_EQ|INE075I01017,,,,,,,,,,,,,,,,,,,,,,,,,"Groww HTTP 401: {""errorCode"":401,""errorMessage"":{""message"":""Please Login and Try Again""}}"
864,GROWW_ERROR,HCC,INE549A01026,HINDUSTAN CONSTRUCTION CO,NSE_EQ|INE549A01026,,,,,,,,,,,,,,,,,,,,,,,,,"Groww HTTP 401: {""errorCode"":401,""errorMessage"":{""message"":""Please Login and Try Again""}}"
863,GROWW_ERROR,HBSL,INE550B01022,HB STOCKHOLDINGS LIMITED,NSE_EQ|INE550B01022,,,,,,,,,,,,,,,,,,,,,,,,,"Groww HTTP 401: {""errorCode"":401,""errorMessage"":{""message"":""Please Login and Try Again""}}"
862,GROWW_ERROR,HBLENGINE,INE292B01021,HBL ENGINEERING LTD,NSE_EQ|INE292B01021,,,,,,,,,,,,,,,,,,,,,,,,,"Groww HTTP 401: {""errorCode"":401,""errorMessage"":{""message"":""Please Login and Try Again""}}"
861,GROWW_ERROR,HBESD,INE640B01021,H B ESTATE DEVELOPERS L,NSE_EQ|INE640B01021,,,,,,,,,,,,,,,,,,,,,,,,,"Groww HTTP 401: {""errorCode"":401,""errorMessage"":{""message"":""Please Login and Try Again""}}"
860,GROWW_ERROR,HAWKINCOOK,INE979B01015,HAWKINS COOKERS LTD,NSE_EQ|INE979B01015,,,,,,,,,,,,,,,,,,,,,,,,,"Groww HTTP 401: {""errorCode"":401,""errorMessage"":{""message"":""Please Login and Try Again""}}"
859,GROWW_ERROR,HAVISHA,INE293B01029,SRI HAVISHA HOSP & INFR L,NSE_EQ|INE293B01029,,,,,,,,,,,,,,,,,,,,,,,,,"Groww HTTP 401: {""errorCode"":401,""errorMessage"":{""message"":""Please Login and Try Again""}}"
858,GROWW_ERROR,HAVELLS,INE176B01034,HAVELLS INDIA LIMITED,NSE_EQ|INE176B01034,,,,,,,,,,,,,,,,,,,,,,,,,"Groww HTTP 401: {""errorCode"":401,""errorMessage"":{""message"":""Please Login and Try Again""}}"
857,GROWW_ERROR,HATSUN,INE473B01035,HATSUN AGRO PRODUCT LTD.,NSE_EQ|INE473B01035,,,,,,,,,,,,,,,,,,,,,,,,,"Groww HTTP 401: {""errorCode"":401,""errorMessage"":{""message"":""Please Login and Try Again""}}"
856,GROWW_ERROR,HATHWAY,INE982F01036,HATHWAY CABLE & DATACOM,NSE_EQ|INE982F01036,,,,,,,,,,,,,,,,,,,,,,,,,"Groww HTTP 401: {""errorCode"":401,""errorMessage"":{""message"":""Please Login and Try Again""}}"
855,GROWW_ERROR,HARSHA,INE0JUS01029,HARSHA ENGINEERS INT LTD,NSE_EQ|INE0JUS01029,,,,,,,,,,,,,,,,,,,,,,,,,"Groww HTTP 401: {""errorCode"":401,""errorMessage"":{""message"":""Please Login and Try Again""}}"
854,GROWW_ERROR,HARRMALAYA,INE544A01019,HARRISON MALAYALAM LTD,NSE_EQ|INE544A01019,,,,,,,,,,,,,,,,,,,,,,,,,"Groww HTTP 401: {""errorCode"":401,""errorMessage"":{""message"":""Please Login and Try Again""}}"
853,GROWW_ERROR,HARIOMPIPE,INE00EV01017,HARIOM PIPE INDUSTRIES L,NSE_EQ|INE00EV01017,,,,,,,,,,,,,,,,,,,,,,,,,"Groww HTTP 401: {""errorCode"":401,""errorMessage"":{""message"":""Please Login and Try Again""}}"
852,GROWW_ERROR,HARDWYN,INE626Z01029,HARDWYN INDIA LIMITED,NSE_EQ|INE626Z01029,,,,,,,,,,,,,,,,,,,,,,,,,"Groww HTTP 401: {""errorCode"":401,""errorMessage"":{""message"":""Please Login and Try Again""}}"
851,GROWW_ERROR,HAPPYFORGE,INE330T01021,HAPPY FORGINGS LIMITED,NSE_EQ|INE330T01021,,,,,,,,,,,,,,,,,,,,,,,,,"Groww HTTP 401: {""errorCode"":401,""errorMessage"":{""message"":""Please Login and Try Again""}}"
850,GROWW_ERROR,HAPPSTMNDS,INE419U01012,HAPPIEST MINDS TECHNO LTD,NSE_EQ|INE419U01012,,,,,,,,,,,,,,,,,,,,,,,,,"Groww HTTP 401: {""errorCode"":401,""errorMessage"":{""message"":""Please Login and Try Again""}}"
849,GROWW_ERROR,HALEOSLABS,INE320X01016,HALEOS LABS LIMITED,NSE_EQ|INE320X01016,,,,,,,,,,,,,,,,,,,,,,,,,"Groww HTTP 401: {""errorCode"":401,""errorMessage"":{""message"":""Please Login and Try Again""}}"
848,GROWW_ERROR,HALDYNGL,INE506D01020,HALDYN GLASS LTD.,NSE_EQ|INE506D01020,,,,,,,,,,,,,,,,,,,,,,,,,"Groww HTTP 401: {""errorCode"":401,""errorMessage"":{""message"":""Please Login and Try Again""}}"
847,GROWW_ERROR,HALDER,INE115S01010,HALDER VENTURE LIMITED,NSE_EQ|INE115S01010,,,,,,,,,,,,,,,,,,,,,,,,,"Groww HTTP 401: {""errorCode"":401,""errorMessage"":{""message"":""Please Login and Try Again""}}"
846,GROWW_ERROR,HAL,INE066F01020,HINDUSTAN AERONAUTICS LTD,NSE_EQ|INE066F01020,,,,,,,,,,,,,,,,,,,,,,,,,"Groww HTTP 401: {""errorCode"":401,""errorMessage"":{""message"":""Please Login and Try Again""}}"
845,GROWW_ERROR,GVT&D,INE200A01026,GE VERNOVA T&D INDIA LTD,NSE_EQ|INE200A01026,,,,,,,,,,,,,,,,,,,,,,,,,"Groww HTTP 401: {""errorCode"":401,""errorMessage"":{""message"":""Please Login and Try Again""}}"
844,GROWW_ERROR,GVPTECH,INE382T01030,GVP INFOTECH LIMITED,NSE_EQ|INE382T01030,,,,,,,,,,,,,,,,,,,,,,,,,"Groww HTTP 401: {""errorCode"":401,""errorMessage"":{""message"":""Please Login and Try Again""}}"
843,GROWW_ERROR,GVPIL,INE878A01011,GE POWER INDIA LIMITED,NSE_EQ|INE878A01011,,,,,,,,,,,,,,,,,,,,,,,,,"Groww HTTP 401: {""errorCode"":401,""errorMessage"":{""message"":""Please Login and Try Again""}}"
842,GROWW_ERROR,GVKPIL,INE251H01024,GVK POW. & INFRA LTD.,NSE_EQ|INE251H01024,,,,,,,,,,,,,,,,,,,,,,,,,"Groww HTTP 401: {""errorCode"":401,""errorMessage"":{""message"":""Please Login and Try Again""}}"
841,GROWW_ERROR,GULPOLY,INE255D01024,GULSHAN POLYOLS LIMITED,NSE_EQ|INE255D01024,,,,,,,,,,,,,,,,,,,,,,,,,"Groww HTTP 401: {""errorCode"":401,""errorMessage"":{""message"":""Please Login and Try Again""}}"
840,GROWW_ERROR,GULFPETRO,INE586G01017,GP PETROLEUMS LIMITED,NSE_EQ|INE586G01017,,,,,,,,,,,,,,,,,,,,,,,,,"Groww HTTP 401: {""errorCode"":401,""errorMessage"":{""message"":""Please Login and Try Again""}}"
839,GROWW_ERROR,GULFOILLUB,INE635Q01029,GULF OIL LUB. IND. LTD.,NSE_EQ|INE635Q01029,,,,,,,,,,,,,,,,,,,,,,,,,"Groww HTTP 401: {""errorCode"":401,""errorMessage"":{""message"":""Please Login and Try Again""}}"
838,GROWW_ERROR,GUJTHEM,INE942C01045,GUJARAT THEMIS BIOSYN LTD,NSE_EQ|INE942C01045,,,,,,,,,,,,,,,,,,,,,,,,,"Groww HTTP 401: {""errorCode"":401,""errorMessage"":{""message"":""Please Login and Try Again""}}"
837,GROWW_ERROR,GUJRAFFIA,INE610B01024,GUJARAT RAFFIA INDUST LTD,NSE_EQ|INE610B01024,,,,,,,,,,,,,,,,,,,,,,,,,"Groww HTTP 401: {""errorCode"":401,""errorMessage"":{""message"":""Please Login and Try Again""}}"
836,GROWW_ERROR,GUJAPOLLO,INE826C01016,GUJ. APOLLO IND. LTD.,NSE_EQ|INE826C01016,,,,,,,,,,,,,,,,,,,,,,,,,"Groww HTTP 401: {""errorCode"":401,""errorMessage"":{""message"":""Please Login and Try Again""}}"
835,GROWW_ERROR,GUJALKALI,INE186A01019,GUJARAT ALKALIES & CHEM,NSE_EQ|INE186A01019,,,,,,,,,,,,,,,,,,,,,,,,,"Groww HTTP 401: {""errorCode"":401,""errorMessage"":{""message"":""Please Login and Try Again""}}"
834,GROWW_ERROR,GUFICBIO,INE742B01025,GUFIC BIOSCIENCES LTD.,NSE_EQ|INE742B01025,,,,,,,,,,,,,,,,,,,,,,,,,"Groww HTTP 401: {""errorCode"":401,""errorMessage"":{""message"":""Please Login and Try Again""}}"
833,GROWW_ERROR,GTPL,INE869I01013,GTPL HATHWAY LIMITED,NSE_EQ|INE869I01013,,,,,,,,,,,,,,,,,,,,,,,,,"Groww HTTP 401: {""errorCode"":401,""errorMessage"":{""message"":""Please Login and Try Again""}}"
832,GROWW_ERROR,GTLINFRA,INE221H01019,GTL INFRA.LTD,NSE_EQ|INE221H01019,,,,,,,,,,,,,,,,,,,,,,,,,"Groww HTTP 401: {""errorCode"":401,""errorMessage"":{""message"":""Please Login and Try Again""}}"
831,GROWW_ERROR,GTL,INE043A01012,GTL LTD,NSE_EQ|INE043A01012,,,,,,,,,,,,,,,,,,,,,,,,,"Groww HTTP 401: {""errorCode"":401,""errorMessage"":{""message"":""Please Login and Try Again""}}"
830,GROWW_ERROR,GTECJAINX,INE586X01012,G-TEC JAINX EDUCATION LTD,NSE_EQ|INE586X01012,,,,,,,,,,,,,,,,,,,,,,,,,"Groww HTTP 401: {""errorCode"":401,""errorMessage"":{""message"":""Please Login and Try Again""}}"
829,GROWW_ERROR,GSS,INE871H01011,GSS INFOTECH LIMITED,NSE_EQ|INE871H01011,,,,,,,,,,,,,,,,,,,,,,,,,"Groww HTTP 401: {""errorCode"":401,""errorMessage"":{""message"":""Please Login and Try Again""}}"
828,GROWW_ERROR,GSPCROP,INE713R01022,GSP CROP SCIENCE LIMITED,NSE_EQ|INE713R01022,,,,,,,,,,,,,,,,,,,,,,,,,"Groww HTTP 401: {""errorCode"":401,""errorMessage"":{""message"":""Please Login and Try Again""}}"
827,GROWW_ERROR,GSLSU,INE0JSX01015,GLOBAL SURFACES LIMITED,NSE_EQ|INE0JSX01015,,,,,,,,,,,,,,,,,,,,,,,,,"Groww HTTP 401: {""errorCode"":401,""errorMessage"":{""message"":""Please Login and Try Again""}}"
826,GROWW_ERROR,GSFC,INE026A01025,GUJ STATE FERT & CHEM LTD,NSE_EQ|INE026A01025,,,,,,,,,,,,,,,,,,,,,,,,,"Groww HTTP 401: {""errorCode"":401,""errorMessage"":{""message"":""Please Login and Try Again""}}"
825,GROWW_ERROR,GRWRHITECH,INE291A01017,GARWARE HI-TECH FILMS LTD,NSE_EQ|INE291A01017,,,,,,,,,,,,,,,,,,,,,,,,,"Groww HTTP 401: {""errorCode"":401,""errorMessage"":{""message"":""Please Login and Try Again""}}"
824,GROWW_ERROR,GRSE,INE382Z01011,GARDEN REACH SHIP&ENG LTD,NSE_EQ|INE382Z01011,,,,,,,,,,,,,,,,,,,,,,,,,"Groww HTTP 401: {""errorCode"":401,""errorMessage"":{""message"":""Please Login and Try Again""}}"
823,GROWW_ERROR,GRPLTD,INE137I01015,GRP LIMITED,NSE_EQ|INE137I01015,,,,,,,,,,,,,,,,,,,,,,,,,"Groww HTTP 401: {""errorCode"":401,""errorMessage"":{""message"":""Please Login and Try Again""}}"
822,GROWW_ERROR,GROWW,INE0HOQ01053,BILLIONBRAINS GARAGE VN L,NSE_EQ|INE0HOQ01053,,,,,,,,,,,,,,,,,,,,,,,,,"Groww HTTP 401: {""errorCode"":401,""errorMessage"":{""message"":""Please Login and Try Again""}}"
821,GROWW_ERROR,GROBTEA,INE646C01018,THE GROB TEA COMPANY LTD,NSE_EQ|INE646C01018,,,,,,,,,,,,,,,,,,,,,,,,,"Groww HTTP 401: {""errorCode"":401,""errorMessage"":{""message"":""Please Login and Try Again""}}"
820,GROWW_ERROR,GRMOVER,INE192H01020,GRM OVERSEAS LIMITED,NSE_EQ|INE192H01020,,,,,,,,,,,,,,,,,,,,,,,,,"Groww HTTP 401: {""errorCode"":401,""errorMessage"":{""message"":""Please Login and Try Again""}}"
819,GROWW_ERROR,GRINFRA,INE201P01022,G R INFRAPROJECTS LIMITED,NSE_EQ|INE201P01022,,,,,,,,,,,,,,,,,,,,,,,,,"Groww HTTP 401: {""errorCode"":401,""errorMessage"":{""message"":""Please Login and Try Again""}}"
818,GROWW_ERROR,GRINDWELL,INE536A01023,GRINDWELL NORTON LIMITED,NSE_EQ|INE536A01023,,,,,,,,,,,,,,,,,,,,,,,,,"Groww HTTP 401: {""errorCode"":401,""errorMessage"":{""message"":""Please Login and Try Again""}}"
817,GROWW_ERROR,GREENPOWER,INE999K01014,ORIENT GREEN POWER CO LTD,NSE_EQ|INE999K01014,,,,,,,,,,,,,,,,,,,,,,,,,"Groww HTTP 401: {""errorCode"":401,""errorMessage"":{""message"":""Please Login and Try Again""}}"
816,GROWW_ERROR,GREENPLY,INE461C01038,GREENPLY INDUSTRIES LTD,NSE_EQ|INE461C01038,,,,,,,,,,,,,,,,,,,,,,,,,"Groww HTTP 401: {""errorCode"":401,""errorMessage"":{""message"":""Please Login and Try Again""}}"
815,GROWW_ERROR,GREENPANEL,INE08ZM01014,GREENPANEL INDUSTRIES LTD,NSE_EQ|INE08ZM01014,,,,,,,,,,,,,,,,,,,,,,,,,"Groww HTTP 401: {""errorCode"":401,""errorMessage"":{""message"":""Please Login and Try Again""}}"
814,GROWW_ERROR,GREENLAM,INE544R01021,GREENLAM INDUSTRIES LTD.,NSE_EQ|INE544R01021,,,,,,,,,,,,,,,,,,,,,,,,,"Groww HTTP 401: {""errorCode"":401,""errorMessage"":{""message"":""Please Login and Try Again""}}"
813,GROWW_ERROR,GREAVESCOT,INE224A01026,GREAVES COTTON LTD.,NSE_EQ|INE224A01026,,,,,,,,,,,,,,,,,,,,,,,,,"Groww HTTP 401: {""errorCode"":401,""errorMessage"":{""message"":""Please Login and Try Again""}}"
812,GROWW_ERROR,GRAVITA,INE024L01027,GRAVITA INDIA LIMITED,NSE_EQ|INE024L01027,,,,,,,,,,,,,,,,,,,,,,,,,"Groww HTTP 401: {""errorCode"":401,""errorMessage"":{""message"":""Please Login and Try Again""}}"
811,GROWW_ERROR,GRAVISSHO,INE214F01026,GRAVISS HOSPITALITY LTD.,NSE_EQ|INE214F01026,,,,,,,,,,,,,,,,,,,,,,,,,"Groww HTTP 401: {""errorCode"":401,""errorMessage"":{""message"":""Please Login and Try Again""}}"
810,GROWW_ERROR,GRAUWEIL,INE266D01021,GRAUER & WEIL IND LTD,NSE_EQ|INE266D01021,,,,,,,,,,,,,,,,,,,,,,,,,"Groww HTTP 401: {""errorCode"":401,""errorMessage"":{""message"":""Please Login and Try Again""}}"
809,GROWW_ERROR,GRASIM,INE047A01021,GRASIM INDUSTRIES LTD,NSE_EQ|INE047A01021,,,,,,,,,,,,,,,,,,,,,,,,,"Groww HTTP 401: {""errorCode"":401,""errorMessage"":{""message"":""Please Login and Try Again""}}"
808,GROWW_ERROR,GRAPHITE,INE371A01025,GRAPHITE INDIA LTD,NSE_EQ|INE371A01025,,,,,,,,,,,,,,,,,,,,,,,,,"Groww HTTP 401: {""errorCode"":401,""errorMessage"":{""message"":""Please Login and Try Again""}}"
807,GROWW_ERROR,GRANULES,INE101D01020,GRANULES INDIA LIMITED,NSE_EQ|INE101D01020,,,,,,,,,,,,,,,,,,,,,,,,,"Groww HTTP 401: {""errorCode"":401,""errorMessage"":{""message"":""Please Login and Try Again""}}"
806,GROWW_ERROR,GRANDOAK,INE926B01016,GRAND OAK CANYONS DIST L,NSE_EQ|INE926B01016,,,,,,,,,,,,,,,,,,,,,,,,,"Groww HTTP 401: {""errorCode"":401,""errorMessage"":{""message"":""Please Login and Try Again""}}"
805,GROWW_ERROR,GRADIENTE,INE361K01017,GRADIENTE INFOTAINMENT L,NSE_EQ|INE361K01017,,,,,,,,,,,,,,,,,,,,,,,,,"Groww HTTP 401: {""errorCode"":401,""errorMessage"":{""message"":""Please Login and Try Again""}}"
804,GROWW_ERROR,GPTINFRA,INE390G01014,GPT INFRAPROJECTS LTD,NSE_EQ|INE390G01014,,,,,,,,,,,,,,,,,,,,,,,,,"Groww HTTP 401: {""errorCode"":401,""errorMessage"":{""message"":""Please Login and Try Again""}}"
803,GROWW_ERROR,GPTHEALTH,INE486R01017,GPT HEALTHCARE LIMITED,NSE_EQ|INE486R01017,,,,,,,,,,,,,,,,,,,,,,,,,"Groww HTTP 401: {""errorCode"":401,""errorMessage"":{""message"":""Please Login and Try Again""}}"
802,GROWW_ERROR,GPPL,INE517F01014,GUJARAT PIPAVAV PORT LTD,NSE_EQ|INE517F01014,,,,,,,,,,,,,,,,,,,,,,,,,"Groww HTTP 401: {""errorCode"":401,""errorMessage"":{""message"":""Please Login and Try Again""}}"
801,GROWW_ERROR,GPIL,INE177H01039,GODAWARI POW & ISP LTD,NSE_EQ|INE177H01039,,,,,,,,,,,,,,,,,,,,,,,,,"Groww HTTP 401: {""errorCode"":401,""errorMessage"":{""message"":""Please Login and Try Again""}}"
800,GROWW_ERROR,GOYALALUM,INE705X01026,GOYAL ALUMINIUMS LIMITED,NSE_EQ|INE705X01026,,,,,,,,,,,,,,,,,,,,,,,,,"Groww HTTP 401: {""errorCode"":401,""errorMessage"":{""message"":""Please Login and Try Again""}}"
799,GROWW_ERROR,GOPAL,INE0L9R01028,GOPAL SNACKS LIMITED,NSE_EQ|INE0L9R01028,,,,,,,,,,,,,,,,,,,,,,,,,"Groww HTTP 401: {""errorCode"":401,""errorMessage"":{""message"":""Please Login and Try Again""}}"
798,GROWW_ERROR,GOODYEAR,INE533A01012,GOODYEAR INDIA LIMITED,NSE_EQ|INE533A01012,,,,,,,,,,,,,,,,,,,,,,,,,"Groww HTTP 401: {""errorCode"":401,""errorMessage"":{""message"":""Please Login and Try Again""}}"
797,GROWW_ERROR,GOODLUCK,INE127I01024,GOODLUCK INDIA LIMITED,NSE_EQ|INE127I01024,,,,,,,,,,,,,,,,,,,,,,,,,"Groww HTTP 401: {""errorCode"":401,""errorMessage"":{""message"":""Please Login and Try Again""}}"
796,GROWW_ERROR,GOLDTECH,INE805A01014,AION-TECH SOLUTIONS LTD,NSE_EQ|INE805A01014,,,,,,,,,,,,,,,,,,,,,,,,,"Groww HTTP 401: {""errorCode"":401,""errorMessage"":{""message"":""Please Login and Try Again""}}"
795,GROWW_ERROR,GOLDIAM,INE025B01025,GOLDIAM INTERNATIONAL LTD,NSE_EQ|INE025B01025,,,,,,,,,,,,,,,,,,,,,,,,,"Groww HTTP 401: {""errorCode"":401,""errorMessage"":{""message"":""Please Login and Try Again""}}"
794,GROWW_ERROR,GOLDENTOBC,INE973A01010,GOLDEN TOBACCO LIMITED,NSE_EQ|INE973A01010,,,,,,,,,,,,,,,,,,,,,,,,,"Groww HTTP 401: {""errorCode"":401,""errorMessage"":{""message"":""Please Login and Try Again""}}"
793,GROWW_ERROR,GOKULAGRO,INE314T01033,GOKUL AGRO RESOURCES LTD,NSE_EQ|INE314T01033,,,,,,,,,,,,,,,,,,,,,,,,,"Groww HTTP 401: {""errorCode"":401,""errorMessage"":{""message"":""Please Login and Try Again""}}"
792,GROWW_ERROR,GOKUL,INE020J01029,GOKUL REFOILS & SOLV LTD,NSE_EQ|INE020J01029,,,,,,,,,,,,,,,,,,,,,,,,,"Groww HTTP 401: {""errorCode"":401,""errorMessage"":{""message"":""Please Login and Try Again""}}"
791,GROWW_ERROR,GOKEX,INE887G01027,GOKALDAS EXPORTS LTD.,NSE_EQ|INE887G01027,,,,,,,,,,,,,,,,,,,,,,,,,"Groww HTTP 401: {""errorCode"":401,""errorMessage"":{""message"":""Please Login and Try Again""}}"
790,GROWW_ERROR,GODREJPROP,INE484J01027,GODREJ PROPERTIES LTD,NSE_EQ|INE484J01027,,,,,,,,,,,,,,,,,,,,,,,,,"Groww HTTP 401: {""errorCode"":401,""errorMessage"":{""message"":""Please Login and Try Again""}}"
789,GROWW_ERROR,GODREJIND,INE233A01035,GODREJ INDUSTRIES LTD,NSE_EQ|INE233A01035,,,,,,,,,,,,,,,,,,,,,,,,,"Groww HTTP 401: {""errorCode"":401,""errorMessage"":{""message"":""Please Login and Try Again""}}"
788,GROWW_ERROR,GODREJCP,INE102D01028,GODREJ CONSUMER PRODUCTS,NSE_EQ|INE102D01028,,,,,,,,,,,,,,,,,,,,,,,,,"Groww HTTP 401: {""errorCode"":401,""errorMessage"":{""message"":""Please Login and Try Again""}}"
787,GROWW_ERROR,GODREJAGRO,INE850D01014,GODREJ AGROVET LIMITED,NSE_EQ|INE850D01014,,,,,,,,,,,,,,,,,,,,,,,,,"Groww HTTP 401: {""errorCode"":401,""errorMessage"":{""message"":""Please Login and Try Again""}}"
786,GROWW_ERROR,GODIGIT,INE03JT01014,GO DIGIT GENERAL INS LTD,NSE_EQ|INE03JT01014,,,,,,,,,,,,,,,,,,,,,,,,,"Groww HTTP 401: {""errorCode"":401,""errorMessage"":{""message"":""Please Login and Try Again""}}"
785,GROWW_ERROR,GODFRYPHLP,INE260B01028,GODFREY PHILLIPS INDIA LT,NSE_EQ|INE260B01028,,,,,,,,,,,,,,,,,,,,,,,,,"Groww HTTP 401: {""errorCode"":401,""errorMessage"":{""message"":""Please Login and Try Again""}}"
784,GROWW_ERROR,GODAVARIB,INE497S01012,GODAVARI BIOREFINERIES L,NSE_EQ|INE497S01012,,,,,,,,,,,,,,,,,,,,,,,,,"Groww HTTP 401: {""errorCode"":401,""errorMessage"":{""message"":""Please Login and Try Again""}}"
783,GROWW_ERROR,GOCOLORS,INE0BJS01011,GO FASHION INDIA LTD,NSE_EQ|INE0BJS01011,,,,,,,,,,,,,,,,,,,,,,,,,"Groww HTTP 401: {""errorCode"":401,""errorMessage"":{""message"":""Please Login and Try Again""}}"
782,GROWW_ERROR,GOCLCORP,INE077F01035,GOCL CORPORATION LIMITED,NSE_EQ|INE077F01035,,,,,,,,,,,,,,,,,,,,,,,,,"Groww HTTP 401: {""errorCode"":401,""errorMessage"":{""message"":""Please Login and Try Again""}}"
781,GROWW_ERROR,GOACARBON,INE426D01013,GOA CARBON LIMITED,NSE_EQ|INE426D01013,,,,,,,,,,,,,,,,,,,,,,,,,"Groww HTTP 401: {""errorCode"":401,""errorMessage"":{""message"":""Please Login and Try Again""}}"
780,GROWW_ERROR,GNRL,INE207H01018,GUJARAT NATURAL RES L,NSE_EQ|INE207H01018,,,,,,,,,,,,,,,,,,,,,,,,,"Groww HTTP 401: {""errorCode"":401,""errorMessage"":{""message"":""Please Login and Try Again""}}"
779,GROWW_ERROR,GNFC,INE113A01013,GUJ NAR VAL FER & CHEM L,NSE_EQ|INE113A01013,,,,,,,,,,,,,,,,,,,,,,,,,"Groww HTTP 401: {""errorCode"":401,""errorMessage"":{""message"":""Please Login and Try Again""}}"
778,GROWW_ERROR,GNA,INE934S01014,GNA AXLES LIMITED,NSE_EQ|INE934S01014,,,,,,,,,,,,,,,,,,,,,,,,,"Groww HTTP 401: {""errorCode"":401,""errorMessage"":{""message"":""Please Login and Try Again""}}"
777,GROWW_ERROR,GMRP&UI,INE0CU601026,GMR POW AND URBAN INFRA L,NSE_EQ|INE0CU601026,,,,,,,,,,,,,,,,,,,,,,,,,"Groww HTTP 401: {""errorCode"":401,""errorMessage"":{""message"":""Please Login and Try Again""}}"
776,GROWW_ERROR,GMRAIRPORT,INE776C01039,GMR AIRPORTS LIMITED,NSE_EQ|INE776C01039,,,,,,,,,,,,,,,,,,,,,,,,,"Groww HTTP 401: {""errorCode"":401,""errorMessage"":{""message"":""Please Login and Try Again""}}"
775,GROWW_ERROR,GMMPFAUDLR,INE541A01023,GMM PFAUDLER LIMITED,NSE_EQ|INE541A01023,,,,,,,,,,,,,,,,,,,,,,,,,"Groww HTTP 401: {""errorCode"":401,""errorMessage"":{""message"":""Please Login and Try Again""}}"
774,GROWW_ERROR,GMDCLTD,INE131A01031,GUJARAT MINERAL DEV CORP,NSE_EQ|INE131A01031,,,,,,,,,,,,,,,,,,,,,,,,,"Groww HTTP 401: {""errorCode"":401,""errorMessage"":{""message"":""Please Login and Try Again""}}"
773,GROWW_ERROR,GMBREW,INE075D01018,G M BREWERIES LTD,NSE_EQ|INE075D01018,,,,,,,,,,,,,,,,,,,,,,,,,"Groww HTTP 401: {""errorCode"":401,""errorMessage"":{""message"":""Please Login and Try Again""}}"
772,GROWW_ERROR,GLOTTIS,INE0TQE01026,GLOTTIS LIMITED,NSE_EQ|INE0TQE01026,,,,,,,,,,,,,,,,,,,,,,,,,"Groww HTTP 401: {""errorCode"":401,""errorMessage"":{""message"":""Please Login and Try Again""}}"
771,GROWW_ERROR,GLOSTERLTD,INE350Z01018,GLOSTER LIMITED,NSE_EQ|INE350Z01018,,,,,,,,,,,,,,,,,,,,,,,,,"Groww HTTP 401: {""errorCode"":401,""errorMessage"":{""message"":""Please Login and Try Again""}}"
770,GROWW_ERROR,GLOBUSSPR,INE615I01010,GLOBUS SPIRITS LTD,NSE_EQ|INE615I01010,,,,,,,,,,,,,,,,,,,,,,,,,"Groww HTTP 401: {""errorCode"":401,""errorMessage"":{""message"":""Please Login and Try Again""}}"
769,GROWW_ERROR,GLOBECIVIL,INE0V3U01015,GLOBE CIVIL PROJECTS LTD,NSE_EQ|INE0V3U01015,,,,,,,,,,,,,,,,,,,,,,,,,"Groww HTTP 401: {""errorCode"":401,""errorMessage"":{""message"":""Please Login and Try Again""}}"
768,GROWW_ERROR,GLOBE,INE581X01021,GLOBE ENTERPRISE (I) LTD,NSE_EQ|INE581X01021,,,,,,,,,,,,,,,,,,,,,,,,,"Groww HTTP 401: {""errorCode"":401,""errorMessage"":{""message"":""Please Login and Try Again""}}"
767,GROWW_ERROR,GLOBALVECT,INE792H01019,GLOBAL VEC HELICORP LTD,NSE_EQ|INE792H01019,,,,,,,,,,,,,,,,,,,,,,,,,"Groww HTTP 401: {""errorCode"":401,""errorMessage"":{""message"":""Please Login and Try Again""}}"
766,GROWW_ERROR,GLOBALE,INE0URU01010,GLOBALE TESSILE LIMITED,NSE_EQ|INE0URU01010,,,,,,,,,,,,,,,,,,,,,,,,,"Groww HTTP 401: {""errorCode"":401,""errorMessage"":{""message"":""Please Login and Try Again""}}"
765,GROWW_ERROR,GLOBAL,INE291W01037,GLOBAL EDUCATION LIMITED,NSE_EQ|INE291W01037,,,,,,,,,,,,,,,,,,,,,,,,,"Groww HTTP 401: {""errorCode"":401,""errorMessage"":{""message"":""Please Login and Try Again""}}"
764,GROWW_ERROR,GLFL,INE540A01017,GUJARAT LEASE FINANCING L,NSE_EQ|INE540A01017,,,,,,,,,,,,,,,,,,,,,,,,,"Groww HTTP 401: {""errorCode"":401,""errorMessage"":{""message"":""Please Login and Try Again""}}"
763,GROWW_ERROR,GLENMARK,INE935A01035,GLENMARK PHARMACEUTICALS,NSE_EQ|INE935A01035,,,,,,,,,,,,,,,,,,,,,,,,,"Groww HTTP 401: {""errorCode"":401,""errorMessage"":{""message"":""Please Login and Try Again""}}"
762,GROWW_ERROR,GLAXO,INE159A01016,GLAXOSMITHKLINE PHARMA LT,NSE_EQ|INE159A01016,,,,,,,,,,,,,,,,,,,,,,,,,"Groww HTTP 401: {""errorCode"":401,""errorMessage"":{""message"":""Please Login and Try Again""}}"
761,GROWW_ERROR,GLAND,INE068V01023,GLAND PHARMA LIMITED,NSE_EQ|INE068V01023,,,,,,,,,,,,,,,,,,,,,,,,,"Groww HTTP 401: {""errorCode"":401,""errorMessage"":{""message"":""Please Login and Try Again""}}"
760,GROWW_ERROR,GKWLIMITED,INE528A01020,GKW LIMITED,NSE_EQ|INE528A01020,,,,,,,,,,,,,,,,,,,,,,,,,"Groww HTTP 401: {""errorCode"":401,""errorMessage"":{""message"":""Please Login and Try Again""}}"
759,GROWW_ERROR,GKSL,INE0V0W01025,GUJARAT KIDNEY N SUP SP L,NSE_EQ|INE0V0W01025,,,,,,,,,,,,,,,,,,,,,,,,,"Groww HTTP 401: {""errorCode"":401,""errorMessage"":{""message"":""Please Login and Try Again""}}"
758,GROWW_ERROR,GKENERGY,INE1AG301022,GK ENERGY LIMITED,NSE_EQ|INE1AG301022,,,,,,,,,,,,,,,,,,,,,,,,,"Groww HTTP 401: {""errorCode"":401,""errorMessage"":{""message"":""Please Login and Try Again""}}"
757,GROWW_ERROR,GIPCL,INE162A01010,GUJ IND POW CO. LTD,NSE_EQ|INE162A01010,,,,,,,,,,,,,,,,,,,,,,,,,"Groww HTTP 401: {""errorCode"":401,""errorMessage"":{""message"":""Please Login and Try Again""}}"
756,GROWW_ERROR,GINNIFILA,INE424C01010,GINNI FILAMENTS LTD,NSE_EQ|INE424C01010,,,,,,,,,,,,,,,,,,,,,,,,,"Groww HTTP 401: {""errorCode"":401,""errorMessage"":{""message"":""Please Login and Try Again""}}"
755,GROWW_ERROR,GILLETTE,INE322A01010,GILLETTE INDIA LTD,NSE_EQ|INE322A01010,,,,,,,,,,,,,,,,,,,,,,,,,"Groww HTTP 401: {""errorCode"":401,""errorMessage"":{""message"":""Please Login and Try Again""}}"
754,GROWW_ERROR,GILLANDERS,INE047B01011,GILLANDERS ARBUTHNOT LTD,NSE_EQ|INE047B01011,,,,,,,,,,,,,,,,,,,,,,,,,"Groww HTTP 401: {""errorCode"":401,""errorMessage"":{""message"":""Please Login and Try Again""}}"
753,GROWW_ERROR,GICRE,INE481Y01014,GENERAL INS CORP OF INDIA,NSE_EQ|INE481Y01014,,,,,,,,,,,,,,,,,,,,,,,,,"Groww HTTP 401: {""errorCode"":401,""errorMessage"":{""message"":""Please Login and Try Again""}}"
752,GROWW_ERROR,GICL,INE947T01022,GLOBE INTL CARRIERS LTD,NSE_EQ|INE947T01022,,,,,,,,,,,,,,,,,,,,,,,,,"Groww HTTP 401: {""errorCode"":401,""errorMessage"":{""message"":""Please Login and Try Again""}}"
751,GROWW_ERROR,GICHSGFIN,INE289B01019,GIC HOUSING FINANCE LTD,NSE_EQ|INE289B01019,,,,,,,,,,,,,,,,,,,,,,,,,"Groww HTTP 401: {""errorCode"":401,""errorMessage"":{""message"":""Please Login and Try Again""}}"
750,GROWW_ERROR,GHCLTEXTIL,INE0PA801013,GHCL TEXTILES LIMITED,NSE_EQ|INE0PA801013,,,,,,,,,,,,,,,,,,,,,,,,,"Groww HTTP 401: {""errorCode"":401,""errorMessage"":{""message"":""Please Login and Try Again""}}"
749,GROWW_ERROR,GHCL,INE539A01019,GHCL LIMITED,NSE_EQ|INE539A01019,,,,,,,,,,,,,,,,,,,,,,,,,"Groww HTTP 401: {""errorCode"":401,""errorMessage"":{""message"":""Please Login and Try Again""}}"
748,GROWW_ERROR,GFLLIMITED,INE538A01037,GFL LIMITED,NSE_EQ|INE538A01037,,,,,,,,,,,,,,,,,,,,,,,,,"Groww HTTP 401: {""errorCode"":401,""errorMessage"":{""message"":""Please Login and Try Again""}}"
747,GROWW_ERROR,GESHIP,INE017A01032,THE GE SHPG.LTD,NSE_EQ|INE017A01032,,,,,,,,,,,,,,,,,,,,,,,,,"Groww HTTP 401: {""errorCode"":401,""errorMessage"":{""message"":""Please Login and Try Again""}}"
746,GROWW_ERROR,GEOJITFSL,INE007B01023,GEOJIT FINANCIAL SER L,NSE_EQ|INE007B01023,,,,,,,,,,,,,,,,,,,,,,,,,"Groww HTTP 401: {""errorCode"":401,""errorMessage"":{""message"":""Please Login and Try Again""}}"
745,GROWW_ERROR,GENUSPOWER,INE955D01029,GENUS POWER INFRASTRU LTD,NSE_EQ|INE955D01029,,,,,,,,,,,,,,,,,,,,,,,,,"Groww HTTP 401: {""errorCode"":401,""errorMessage"":{""message"":""Please Login and Try Again""}}"
744,GROWW_ERROR,GENUSPAPER,INE949P01018,GENUS P&B LIMITED,NSE_EQ|INE949P01018,,,,,,,,,,,,,,,,,,,,,,,,,"Groww HTTP 401: {""errorCode"":401,""errorMessage"":{""message"":""Please Login and Try Again""}}"
743,GROWW_ERROR,GENESYS,INE727B01026,GENESYS INTL CORPN LTD,NSE_EQ|INE727B01026,,,,,,,,,,,,,,,,,,,,,,,,,"Groww HTTP 401: {""errorCode"":401,""errorMessage"":{""message"":""Please Login and Try Again""}}"
742,GROWW_ERROR,GENCON,INE854S01022,GENERIC ENG CONS PROJ LTD,NSE_EQ|INE854S01022,,,,,,,,,,,,,,,,,,,,,,,,,"Groww HTTP 401: {""errorCode"":401,""errorMessage"":{""message"":""Please Login and Try Again""}}"
741,GROWW_ERROR,GEMAROMA,INE06XZ01023,GEM AROMATICS LIMITED,NSE_EQ|INE06XZ01023,,,,,,,,,,,,,,,,,,,,,,,,,"Groww HTTP 401: {""errorCode"":401,""errorMessage"":{""message"":""Please Login and Try Again""}}"
740,GROWW_ERROR,GEEKAYWIRE,INE669X01032,GEEKAY WIRES LIMITED,NSE_EQ|INE669X01032,,,,,,,,,,,,,,,,,,,,,,,,,"Groww HTTP 401: {""errorCode"":401,""errorMessage"":{""message"":""Please Login and Try Again""}}"
739,GROWW_ERROR,GEECEE,INE916G01016,GEECEE VENTURES LIMITED,NSE_EQ|INE916G01016,,,,,,,,,,,,,,,,,,,,,,,,,"Groww HTTP 401: {""errorCode"":401,""errorMessage"":{""message"":""Please Login and Try Again""}}"
738,GROWW_ERROR,GCSL,INE199P01028,GRETEX CORPORATE SERVICES,NSE_EQ|INE199P01028,,,,,,,,,,,,,,,,,,,,,,,,,"Groww HTTP 401: {""errorCode"":401,""errorMessage"":{""message"":""Please Login and Try Again""}}"
737,GROWW_ERROR,GAYAPROJ,INE336H01023,GAYATRI PROJECTS LTD,NSE_EQ|INE336H01023,,,,,,,,,,,,,,,,,,,,,,,,,"Groww HTTP 401: {""errorCode"":401,""errorMessage"":{""message"":""Please Login and Try Again""}}"
736,GROWW_ERROR,GAYAHWS,INE287Z01012,GAYATRI HIGHWAYS LIMITED,NSE_EQ|INE287Z01012,,,,,,,,,,,,,,,,,,,,,,,,,"Groww HTTP 401: {""errorCode"":401,""errorMessage"":{""message"":""Please Login and Try Again""}}"
735,GROWW_ERROR,GAUDIUMIVF,INE0P8B01020,GAUDIUM IVF N WOMEN H L,NSE_EQ|INE0P8B01020,,,,,,,,,,,,,,,,,,,,,,,,,"Groww HTTP 401: {""errorCode"":401,""errorMessage"":{""message"":""Please Login and Try Again""}}"
734,GROWW_ERROR,GATEWAY,INE079J01017,GATEWAY DISTRIPARKS LTD,NSE_EQ|INE079J01017,,,,,,,,,,,,,,,,,,,,,,,,,"Groww HTTP 401: {""errorCode"":401,""errorMessage"":{""message"":""Please Login and Try Again""}}"
733,GROWW_ERROR,GATECHDVR,INE224E01036,GACM TECHNOLOGIES LIMITED,NSE_EQ|INE224E01036,,,,,,,,,,,,,,,,,,,,,,,,,"Groww HTTP 401: {""errorCode"":401,""errorMessage"":{""message"":""Please Login and Try Again""}}"
732,GROWW_ERROR,GATECH,INE224E01028,GACM TECHNOLOGIES LIMITED,NSE_EQ|INE224E01028,,,,,,,,,,,,,,,,,,,,,,,,,"Groww HTTP 401: {""errorCode"":401,""errorMessage"":{""message"":""Please Login and Try Again""}}"
731,GROWW_ERROR,GARUDA,INE0JVO01026,GARUDA CONSTRUCT N ENG L,NSE_EQ|INE0JVO01026,,,,,,,,,,,,,,,,,,,,,,,,,"Groww HTTP 401: {""errorCode"":401,""errorMessage"":{""message"":""Please Login and Try Again""}}"
730,GROWW_ERROR,GARFIBRES,INE276A01018,GARWARE TECH FIBRES LTD,NSE_EQ|INE276A01018,,,,,,,,,,,,,,,,,,,,,,,,,"Groww HTTP 401: {""errorCode"":401,""errorMessage"":{""message"":""Please Login and Try Again""}}"
729,GROWW_ERROR,GANGESSECU,INE335W01016,GANGES SECURITIES LIMITED,NSE_EQ|INE335W01016,,,,,,,,,,,,,,,,,,,,,,,,,"Groww HTTP 401: {""errorCode"":401,""errorMessage"":{""message"":""Please Login and Try Again""}}"
728,GROWW_ERROR,GANGAFORGE,INE691Z01023,GANGA FORGING LIMITED,NSE_EQ|INE691Z01023,,,,,,,,,,,,,,,,,,,,,,,,,"Groww HTTP 401: {""errorCode"":401,""errorMessage"":{""message"":""Please Login and Try Again""}}"
727,GROWW_ERROR,GANESHHOU,INE460C01014,GANESH HOUSING LIMITED,NSE_EQ|INE460C01014,,,,,,,,,,,,,,,,,,,,,,,,,"Groww HTTP 401: {""errorCode"":401,""errorMessage"":{""message"":""Please Login and Try Again""}}"
726,GROWW_ERROR,GANESHCP,INE652V01016,GANESH CONSUMER PRODUCT L,NSE_EQ|INE652V01016,,,,,,,,,,,,,,,,,,,,,,,,,"Groww HTTP 401: {""errorCode"":401,""errorMessage"":{""message"":""Please Login and Try Again""}}"
725,GROWW_ERROR,GANESHBE,INE388A01029,GANESH BENZOPLAST LIMITED,NSE_EQ|INE388A01029,,,,,,,,,,,,,,,,,,,,,,,,,"Groww HTTP 401: {""errorCode"":401,""errorMessage"":{""message"":""Please Login and Try Again""}}"
724,GROWW_ERROR,GANECOS,INE845D01014,GANESHA ECOSPHERE LIMITED,NSE_EQ|INE845D01014,,,,,,,,,,,,,,,,,,,,,,,,,"Groww HTTP 401: {""errorCode"":401,""errorMessage"":{""message"":""Please Login and Try Again""}}"
723,GROWW_ERROR,GANDHITUBE,INE524B01027,GANDHI SPL. TUBES LTD,NSE_EQ|INE524B01027,,,,,,,,,,,,,,,,,,,,,,,,,"Groww HTTP 401: {""errorCode"":401,""errorMessage"":{""message"":""Please Login and Try Again""}}"
722,GROWW_ERROR,GANDHAR,INE717W01049,GANDHAR OIL REFINE IND L,NSE_EQ|INE717W01049,,,,,,,,,,,,,,,,,,,,,,,,,"Groww HTTP 401: {""errorCode"":401,""errorMessage"":{""message"":""Please Login and Try Again""}}"
721,GROWW_ERROR,GALLANTT,INE297H01019,GALLANTT ISPAT LIMITED,NSE_EQ|INE297H01019,,,,,,,,,,,,,,,,,,,,,,,,,"Groww HTTP 401: {""errorCode"":401,""errorMessage"":{""message"":""Please Login and Try Again""}}"
720,GROWW_ERROR,GALAXYSURF,INE600K01018,GALAXY SURFACTANTS LTD,NSE_EQ|INE600K01018,,,,,,,,,,,,,,,,,,,,,,,,,"Groww HTTP 401: {""errorCode"":401,""errorMessage"":{""message"":""Please Login and Try Again""}}"
719,GROWW_ERROR,GALAPREC,INE0RE001014,GALA PRECISION ENG LTD,NSE_EQ|INE0RE001014,,,,,,,,,,,,,,,,,,,,,,,,,"Groww HTTP 401: {""errorCode"":401,""errorMessage"":{""message"":""Please Login and Try Again""}}"
718,GROWW_ERROR,GAIL,INE129A01019,GAIL (INDIA) LTD,NSE_EQ|INE129A01019,,,,,,,,,,,,,,,,,,,,,,,,,"Groww HTTP 401: {""errorCode"":401,""errorMessage"":{""message"":""Please Login and Try Again""}}"
717,GROWW_ERROR,GAEL,INE036B01030,GUJARAT AMBUJA EXPORTS LT,NSE_EQ|INE036B01030,,,,,,,,,,,,,,,,,,,,,,,,,"Groww HTTP 401: {""errorCode"":401,""errorMessage"":{""message"":""Please Login and Try Again""}}"
716,GROWW_ERROR,GABRIEL,INE524A01029,GABRIEL INDIA LTD,NSE_EQ|INE524A01029,,,,,,,,,,,,,,,,,,,,,,,,,"Groww HTTP 401: {""errorCode"":401,""errorMessage"":{""message"":""Please Login and Try Again""}}"
715,GROWW_ERROR,FUSION,INE139R01012,FUSION FINANCE LIMITED,NSE_EQ|INE139R01012,,,,,,,,,,,,,,,,,,,,,,,,,"Groww HTTP 401: {""errorCode"":401,""errorMessage"":{""message"":""Please Login and Try Again""}}"
714,GROWW_ERROR,FSL,INE684F01012,FIRSTSOURCE SOLU. LTD.,NSE_EQ|INE684F01012,,,,,,,,,,,,,,,,,,,,,,,,,"Groww HTTP 401: {""errorCode"":401,""errorMessage"":{""message"":""Please Login and Try Again""}}"
713,GROWW_ERROR,FRONTSP,INE572D01014,FRONTIER SPRINGS LTD.,NSE_EQ|INE572D01014,,,,,,,,,,,,,,,,,,,,,,,,,"Groww HTTP 401: {""errorCode"":401,""errorMessage"":{""message"":""Please Login and Try Again""}}"
712,GROWW_ERROR,FRACTAL,INE212S01015,FRACTAL ANALYTICS LIMITED,NSE_EQ|INE212S01015,,,,,,,,,,,,,,,,,,,,,,,,,"Groww HTTP 401: {""errorCode"":401,""errorMessage"":{""message"":""Please Login and Try Again""}}"
711,GROWW_ERROR,FOSECOIND,INE519A01011,FOSECO INDIA LTD,NSE_EQ|INE519A01011,,,,,,,,,,,,,,,,,,,,,,,,,"Groww HTTP 401: {""errorCode"":401,""errorMessage"":{""message"":""Please Login and Try Again""}}"
710,GROWW_ERROR,FORTIS,INE061F01013,FORTIS HEALTHCARE LTD,NSE_EQ|INE061F01013,,,,,,,,,,,,,,,,,,,,,,,,,"Groww HTTP 401: {""errorCode"":401,""errorMessage"":{""message"":""Please Login and Try Again""}}"
709,GROWW_ERROR,FORCEMOT,INE451A01017,FORCE MOTORS LIMITED,NSE_EQ|INE451A01017,,,,,,,,,,,,,,,,,,,,,,,,,"Groww HTTP 401: {""errorCode"":401,""errorMessage"":{""message"":""Please Login and Try Again""}}"
708,GROWW_ERROR,FOODSIN,INE976E01023,FOODS & INNS LIMITED,NSE_EQ|INE976E01023,,,,,,,,,,,,,,,,,,,,,,,,,"Groww HTTP 401: {""errorCode"":401,""errorMessage"":{""message"":""Please Login and Try Again""}}"
707,GROWW_ERROR,FOCUS,INE593W01028,FOCUS LIGHTG & FIXTRS LTD,NSE_EQ|INE593W01028,,,,,,,,,,,,,,,,,,,,,,,,,"Groww HTTP 401: {""errorCode"":401,""errorMessage"":{""message"":""Please Login and Try Again""}}"
706,GROWW_ERROR,FMNL,INE360L01017,FUTURE MKT NETWORKS LTD,NSE_EQ|INE360L01017,,,,,,,,,,,,,,,,,,,,,,,,,"Groww HTTP 401: {""errorCode"":401,""errorMessage"":{""message"":""Please Login and Try Again""}}"
705,GROWW_ERROR,FMGOETZE,INE529A01010,FEDERAL-MOGUL GOETZE (IND,NSE_EQ|INE529A01010,,,,,,,,,,,,,,,,,,,,,,,,,"Groww HTTP 401: {""errorCode"":401,""errorMessage"":{""message"":""Please Login and Try Again""}}"
704,GROWW_ERROR,FLUOROCHEM,INE09N301011,GUJARAT FLUOROCHEM LTD,NSE_EQ|INE09N301011,,,,,,,,,,,,,,,,,,,,,,,,,"Groww HTTP 401: {""errorCode"":401,""errorMessage"":{""message"":""Please Login and Try Again""}}"
703,GROWW_ERROR,FLFL,INE452O01016,FUT LIFESTYLE FASH LTD,NSE_EQ|INE452O01016,,,,,,,,,,,,,,,,,,,,,,,,,"Groww HTTP 401: {""errorCode"":401,""errorMessage"":{""message"":""Please Login and Try Again""}}"
702,GROWW_ERROR,FLEXITUFF,INE060J01017,FLEXITUFF VENTURES INT L,NSE_EQ|INE060J01017,,,,,,,,,,,,,,,,,,,,,,,,,"Groww HTTP 401: {""errorCode"":401,""errorMessage"":{""message"":""Please Login and Try Again""}}"
701,GROWW_ERROR,FLAIR,INE00Y201027,FLAIR WRITING INDUST LTD,NSE_EQ|INE00Y201027,,,,,,,,,,,,,,,,,,,,,,,,,"Groww HTTP 401: {""errorCode"":401,""errorMessage"":{""message"":""Please Login and Try Again""}}"
700,GROWW_ERROR,FIVESTAR,INE128S01021,FIVE-STAR BUS FIN LTD,NSE_EQ|INE128S01021,,,,,,,,,,,,,,,,,,,,,,,,,"Groww HTTP 401: {""errorCode"":401,""errorMessage"":{""message"":""Please Login and Try Again""}}"
699,GROWW_ERROR,FISCHER,INE771F01041,FISCHER MEDICAL VENTURE L,NSE_EQ|INE771F01041,,,,,,,,,,,,,,,,,,,,,,,,,"Groww HTTP 401: {""errorCode"":401,""errorMessage"":{""message"":""Please Login and Try Again""}}"
698,GROWW_ERROR,FIRSTCRY,INE02RE01045,BRAINBEES SOLUTIONS LTD,NSE_EQ|INE02RE01045,,,,,,,,,,,,,,,,,,,,,,,,,"Groww HTTP 401: {""errorCode"":401,""errorMessage"":{""message"":""Please Login and Try Again""}}"
697,GROWW_ERROR,FINPIPE,INE183A01024,FINOLEX INDUSTRIES LTD,NSE_EQ|INE183A01024,,,,,,,,,,,,,,,,,,,,,,,,,"Groww HTTP 401: {""errorCode"":401,""errorMessage"":{""message"":""Please Login and Try Again""}}"
696,GROWW_ERROR,FINOPB,INE02NC01014,FINO PAYMENTS BANK LTD,NSE_EQ|INE02NC01014,,,,,,,,,,,,,,,,,,,,,,,,,"Groww HTTP 401: {""errorCode"":401,""errorMessage"":{""message"":""Please Login and Try Again""}}"
695,GROWW_ERROR,FINKURVE,INE734I01027,FINKURVE FINANCIAL SERV L,NSE_EQ|INE734I01027,,,,,,,,,,,,,,,,,,,,,,,,,"Groww HTTP 401: {""errorCode"":401,""errorMessage"":{""message"":""Please Login and Try Again""}}"
694,GROWW_ERROR,FINEORG,INE686Y01026,FINE ORGANIC IND. LTD.,NSE_EQ|INE686Y01026,,,,,,,,,,,,,,,,,,,,,,,,,"Groww HTTP 401: {""errorCode"":401,""errorMessage"":{""message"":""Please Login and Try Again""}}"
693,GROWW_ERROR,FINCABLES,INE235A01022,FINOLEX CABLES LTD,NSE_EQ|INE235A01022,,,,,,,,,,,,,,,,,,,,,,,,,"Groww HTTP 401: {""errorCode"":401,""errorMessage"":{""message"":""Please Login and Try Again""}}"
692,GROWW_ERROR,FILATFASH,INE185E01021,FILATEX FASHIONS LIMITED,NSE_EQ|INE185E01021,,,,,,,,,,,,,,,,,,,,,,,,,"Groww HTTP 401: {""errorCode"":401,""errorMessage"":{""message"":""Please Login and Try Again""}}"
691,GROWW_ERROR,FILATEX,INE816B01035,FILATEX INDIA LTD,NSE_EQ|INE816B01035,,,,,,,,,,,,,,,,,,,,,,,,,"Groww HTTP 401: {""errorCode"":401,""errorMessage"":{""message"":""Please Login and Try Again""}}"
690,GROWW_ERROR,FIEMIND,INE737H01014,FIEM INDUSTRIES LIMITED,NSE_EQ|INE737H01014,,,,,,,,,,,,,,,,,,,,,,,,,"Groww HTTP 401: {""errorCode"":401,""errorMessage"":{""message"":""Please Login and Try Again""}}"
689,GROWW_ERROR,FIBERWEB,INE296C01020,FIBERWEB INDIA LIMITED,NSE_EQ|INE296C01020,,,,,,,,,,,,,,,,,,,,,,,,,"Groww HTTP 401: {""errorCode"":401,""errorMessage"":{""message"":""Please Login and Try Again""}}"
688,GROWW_ERROR,FERMENTA,INE225B01021,FERMENTA BIOTECH LTD.,NSE_EQ|INE225B01021,,,,,,,,,,,,,,,,,,,,,,,,,"Groww HTTP 401: {""errorCode"":401,""errorMessage"":{""message"":""Please Login and Try Again""}}"
687,GROWW_ERROR,FELDVR,IN9623B01058,FUTURE ENTERPRISES LTD,NSE_EQ|IN9623B01058,,,,,,,,,,,,,,,,,,,,,,,,,"Groww HTTP 401: {""errorCode"":401,""errorMessage"":{""message"":""Please Login and Try Again""}}"
686,GROWW_ERROR,FEL,INE623B01027,FUTURE ENTERPRISES LTD,NSE_EQ|INE623B01027,,,,,,,,,,,,,,,,,,,,,,,,,"Groww HTTP 401: {""errorCode"":401,""errorMessage"":{""message"":""Please Login and Try Again""}}"
685,GROWW_ERROR,FEDFINA,INE007N01010,FEDBANK FINANCIAL SER L,NSE_EQ|INE007N01010,,,,,,,,,,,,,,,,,,,,,,,,,"Groww HTTP 401: {""errorCode"":401,""errorMessage"":{""message"":""Please Login and Try Again""}}"
684,GROWW_ERROR,FEDERALBNK,INE171A01029,FEDERAL BANK LTD,NSE_EQ|INE171A01029,,,,,,,,,,,,,,,,,,,,,,,,,"Groww HTTP 401: {""errorCode"":401,""errorMessage"":{""message"":""Please Login and Try Again""}}"
683,GROWW_ERROR,FEDDERSHOL,INE417D01020,FEDDERS HOLDING LTD.,NSE_EQ|INE417D01020,,,,,,,,,,,,,,,,,,,,,,,,,"Groww HTTP 401: {""errorCode"":401,""errorMessage"":{""message"":""Please Login and Try Again""}}"
682,GROWW_ERROR,FDC,INE258B01022,FDC LIMITED,NSE_EQ|INE258B01022,,,,,,,,,,,,,,,,,,,,,,,,,"Groww HTTP 401: {""errorCode"":401,""errorMessage"":{""message"":""Please Login and Try Again""}}"
681,GROWW_ERROR,FCSSOFT,INE512B01022,FCS SOFTWARE SOLN. LTD.,NSE_EQ|INE512B01022,,,,,,,,,,,,,,,,,,,,,,,,,"Groww HTTP 401: {""errorCode"":401,""errorMessage"":{""message"":""Please Login and Try Again""}}"
680,GROWW_ERROR,FCL,INE045J01034,FINEOTEX CHEMICAL LIMITED,NSE_EQ|INE045J01034,,,,,,,,,,,,,,,,,,,,,,,,,"Groww HTTP 401: {""errorCode"":401,""errorMessage"":{""message"":""Please Login and Try Again""}}"
679,GROWW_ERROR,FAZE3Q,INE963C01033,FAZE THREE LIMITED,NSE_EQ|INE963C01033,,,,,,,,,,,,,,,,,,,,,,,,,"Groww HTTP 401: {""errorCode"":401,""errorMessage"":{""message"":""Please Login and Try Again""}}"
678,GROWW_ERROR,FAIRCHEMOR,INE0DNW01011,FAIRCHEM ORGANICS LIMITED,NSE_EQ|INE0DNW01011,,,,,,,,,,,,,,,,,,,,,,,,,"Groww HTTP 401: {""errorCode"":401,""errorMessage"":{""message"":""Please Login and Try Again""}}"
677,GROWW_ERROR,FACT,INE188A01015,FACT LTD,NSE_EQ|INE188A01015,,,,,,,,,,,,,,,,,,,,,,,,,"Groww HTTP 401: {""errorCode"":401,""errorMessage"":{""message"":""Please Login and Try Again""}}"
676,GROWW_ERROR,FABTECH,INE0HF201011,FABTECH TECHNOLOGIES LTD,NSE_EQ|INE0HF201011,,,,,,,,,,,,,,,,,,,,,,,,,"Groww HTTP 401: {""errorCode"":401,""errorMessage"":{""message"":""Please Login and Try Again""}}"
675,GROWW_ERROR,EXXARO,INE0GFE01026,EXXARO TILES LIMITED,NSE_EQ|INE0GFE01026,,,,,,,,,,,,,,,,,,,,,,,,,"Groww HTTP 401: {""errorCode"":401,""errorMessage"":{""message"":""Please Login and Try Again""}}"
674,GROWW_ERROR,EXPLEOSOL,INE201K01015,EXPLEO SOLUTIONS LIMITED,NSE_EQ|INE201K01015,,,,,,,,,,,,,,,,,,,,,,,,,"Groww HTTP 401: {""errorCode"":401,""errorMessage"":{""message"":""Please Login and Try Again""}}"
673,GROWW_ERROR,EXIDEIND,INE302A01020,EXIDE INDUSTRIES LTD,NSE_EQ|INE302A01020,,,,,,,,,,,,,,,,,,,,,,,,,"Groww HTTP 401: {""errorCode"":401,""errorMessage"":{""message"":""Please Login and Try Again""}}"
672,GROWW_ERROR,EXICOM,INE777F01014,EXICOM TELE SYSTEMS LTD,NSE_EQ|INE777F01014,,,,,,,,,,,,,,,,,,,,,,,,,"Groww HTTP 401: {""errorCode"":401,""errorMessage"":{""message"":""Please Login and Try Again""}}"
671,GROWW_ERROR,EXCELSOFT,INE606N01019,EXCELSOFT TECHNOLOGIES L,NSE_EQ|INE606N01019,,,,,,,,,,,,,,,,,,,,,,,,,"Groww HTTP 401: {""errorCode"":401,""errorMessage"":{""message"":""Please Login and Try Again""}}"
670,GROWW_ERROR,EXCELINDUS,INE369A01029,EXCEL INDUSTRIES LTD,NSE_EQ|INE369A01029,,,,,,,,,,,,,,,,,,,,,,,,,"Groww HTTP 401: {""errorCode"":401,""errorMessage"":{""message"":""Please Login and Try Again""}}"
669,GROWW_ERROR,EVERESTIND,INE295A01018,EVEREST INDUSTRIES LTD,NSE_EQ|INE295A01018,,,,,,,,,,,,,,,,,,,,,,,,,"Groww HTTP 401: {""errorCode"":401,""errorMessage"":{""message"":""Please Login and Try Again""}}"
668,GROWW_ERROR,EVEREADY,INE128A01029,EVEREADY INDS. IND.  LTD.,NSE_EQ|INE128A01029,,,,,,,,,,,,,,,,,,,,,,,,,"Groww HTTP 401: {""errorCode"":401,""errorMessage"":{""message"":""Please Login and Try Again""}}"
667,GROWW_ERROR,EUROTEXIND,INE022C01012,EUROTEX IND & EXPORTS LTD,NSE_EQ|INE022C01012,,,,,,,,,,,,,,,,,,,,,,,,,"Groww HTTP 401: {""errorCode"":401,""errorMessage"":{""message"":""Please Login and Try Again""}}"
666,GROWW_ERROR,EUROPRATIK,INE198501012,EURO PRATIK SALES LIMITED,NSE_EQ|INE198501012,,,,,,,,,,,,,,,,,,,,,,,,,"Groww HTTP 401: {""errorCode"":401,""errorMessage"":{""message"":""Please Login and Try Again""}}"
665,GROWW_ERROR,EUROBOND,INE505V01016,EURO PANEL PRODUCTS LTD,NSE_EQ|INE505V01016,,,,,,,,,,,,,,,,,,,,,,,,,"Groww HTTP 401: {""errorCode"":401,""errorMessage"":{""message"":""Please Login and Try Again""}}"
664,GROWW_ERROR,EUREKAFORB,INE0KCE01017,EUREKA FORBES LIMITED,NSE_EQ|INE0KCE01017,,,,,,,,,,,,,,,,,,,,,,,,,"Groww HTTP 401: {""errorCode"":401,""errorMessage"":{""message"":""Please Login and Try Again""}}"
663,GROWW_ERROR,ETHOSLTD,INE04TZ01018,ETHOS LIMITED,NSE_EQ|INE04TZ01018,,,,,,,,,,,,,,,,,,,,,,,,,"Groww HTTP 401: {""errorCode"":401,""errorMessage"":{""message"":""Please Login and Try Again""}}"
662,GROWW_ERROR,ETERNAL,INE758T01015,ETERNAL LIMITED,NSE_EQ|INE758T01015,,,,,,,,,,,,,,,,,,,,,,,,,"Groww HTTP 401: {""errorCode"":401,""errorMessage"":{""message"":""Please Login and Try Again""}}"
661,GROWW_ERROR,ESTER,INE778B01029,ESTER INDUSTRIES LTD,NSE_EQ|INE778B01029,,,,,,,,,,,,,,,,,,,,,,,,,"Groww HTTP 401: {""errorCode"":401,""errorMessage"":{""message"":""Please Login and Try Again""}}"
660,GROWW_ERROR,ESSENTIA,INE418N01035,INTEGRA ESSENTIA LIMITED,NSE_EQ|INE418N01035,,,,,,,,,,,,,,,,,,,,,,,,,"Groww HTTP 401: {""errorCode"":401,""errorMessage"":{""message"":""Please Login and Try Again""}}"
659,GROWW_ERROR,ESSARSHPNG,INE122M01019,ESSAR SHIPPING LTD,NSE_EQ|INE122M01019,,,,,,,,,,,,,,,,,,,,,,,,,"Groww HTTP 401: {""errorCode"":401,""errorMessage"":{""message"":""Please Login and Try Again""}}"
658,GROWW_ERROR,ESCORTS,INE042A01014,ESCORTS KUBOTA LIMITED,NSE_EQ|INE042A01014,,,,,,,,,,,,,,,,,,,,,,,,,"Groww HTTP 401: {""errorCode"":401,""errorMessage"":{""message"":""Please Login and Try Again""}}"
657,GROWW_ERROR,ESAFSFB,INE818W01011,ESAF SMALL FINANCE BANK L,NSE_EQ|INE818W01011,,,,,,,,,,,,,,,,,,,,,,,,,"Groww HTTP 401: {""errorCode"":401,""errorMessage"":{""message"":""Please Login and Try Again""}}"
656,GROWW_ERROR,ESABINDIA,INE284A01012,ESAB INDIA LTD,NSE_EQ|INE284A01012,,,,,,,,,,,,,,,,,,,,,,,,,"Groww HTTP 401: {""errorCode"":401,""errorMessage"":{""message"":""Please Login and Try Again""}}"
655,GROWW_ERROR,ERIS,INE406M01024,ERIS LIFESCIENCES LIMITED,NSE_EQ|INE406M01024,,,,,,,,,,,,,,,,,,,,,,,,,"Groww HTTP 401: {""errorCode"":401,""errorMessage"":{""message"":""Please Login and Try Again""}}"
654,GROWW_ERROR,EQUITASBNK,INE063P01018,EQUITAS SMALL FIN BNK LTD,NSE_EQ|INE063P01018,,,,,,,,,,,,,,,,,,,,,,,,,"Groww HTTP 401: {""errorCode"":401,""errorMessage"":{""message"":""Please Login and Try Again""}}"
653,GROWW_ERROR,EQUIPPP,INE217G01035,EQUIPPP SOC IMP TECH LTD,NSE_EQ|INE217G01035,,,,,,,,,,,,,,,,,,,,,,,,,"Groww HTTP 401: {""errorCode"":401,""errorMessage"":{""message"":""Please Login and Try Again""}}"
652,GROWW_ERROR,EPL,INE255A01020,EPL LIMITED,NSE_EQ|INE255A01020,,,,,,,,,,,,,,,,,,,,,,,,,"Groww HTTP 401: {""errorCode"":401,""errorMessage"":{""message"":""Please Login and Try Again""}}"
651,GROWW_ERROR,EPIGRAL,INE071N01016,EPIGRAL LIMITED,NSE_EQ|INE071N01016,,,,,,,,,,,,,,,,,,,,,,,,,"Groww HTTP 401: {""errorCode"":401,""errorMessage"":{""message"":""Please Login and Try Again""}}"
650,GROWW_ERROR,EPACKPEB,INE0MLS01022,EPACK PREFAB TECHN LTD,NSE_EQ|INE0MLS01022,,,,,,,,,,,,,,,,,,,,,,,,,"Groww HTTP 401: {""errorCode"":401,""errorMessage"":{""message"":""Please Login and Try Again""}}"
649,GROWW_ERROR,EPACK,INE0G5901015,EPACK DURABLE LIMITED,NSE_EQ|INE0G5901015,,,,,,,,,,,,,,,,,,,,,,,,,"Groww HTTP 401: {""errorCode"":401,""errorMessage"":{""message"":""Please Login and Try Again""}}"
648,GROWW_ERROR,ENTERO,INE010601016,ENTERO HEALTHCARE SOLU L,NSE_EQ|INE010601016,,,,,,,,,,,,,,,,,,,,,,,,,"Groww HTTP 401: {""errorCode"":401,""errorMessage"":{""message"":""Please Login and Try Again""}}"
647,GROWW_ERROR,ENRIN,INE1NPP01017,SIEMENS ENERGY INDIA LTD,NSE_EQ|INE1NPP01017,,,,,,,,,,,,,,,,,,,,,,,,,"Groww HTTP 401: {""errorCode"":401,""errorMessage"":{""message"":""Please Login and Try Again""}}"
646,GROWW_ERROR,ENIL,INE265F01028,ENTERTAIN NET. IND. LTD.,NSE_EQ|INE265F01028,,,,,,,,,,,,,,,,,,,,,,,,,"Groww HTTP 401: {""errorCode"":401,""errorMessage"":{""message"":""Please Login and Try Again""}}"
645,GROWW_ERROR,ENGINERSIN,INE510A01028,ENGINEERS INDIA LTD,NSE_EQ|INE510A01028,,,,,,,,,,,,,,,,,,,,,,,,,"Groww HTTP 401: {""errorCode"":401,""errorMessage"":{""message"":""Please Login and Try Again""}}"
644,GROWW_ERROR,ENERGYDEV,INE306C01019,ENERGY DEVE. CO.LTD,NSE_EQ|INE306C01019,,,,,,,,,,,,,,,,,,,,,,,,,"Groww HTTP 401: {""errorCode"":401,""errorMessage"":{""message"":""Please Login and Try Again""}}"
643,GROWW_ERROR,ENDURANCE,INE913H01037,ENDURANCE TECHNO. LTD.,NSE_EQ|INE913H01037,,,,,,,,,,,,,,,,,,,,,,,,,"Groww HTTP 401: {""errorCode"":401,""errorMessage"":{""message"":""Please Login and Try Again""}}"
642,GROWW_ERROR,EMUDHRA,INE01QM01018,EMUDHRA LIMITED,NSE_EQ|INE01QM01018,,,,,,,,,,,,,,,,,,,,,,,,,"Groww HTTP 401: {""errorCode"":401,""errorMessage"":{""message"":""Please Login and Try Again""}}"
641,GROWW_ERROR,EMSLIMITED,INE0OV601013,EMS LIMITED,NSE_EQ|INE0OV601013,,,,,,,,,,,,,,,,,,,,,,,,,"Groww HTTP 401: {""errorCode"":401,""errorMessage"":{""message"":""Please Login and Try Again""}}"
640,GROWW_ERROR,EMPOWER,INE507F01023,EMPOWER INDIA LTD.,NSE_EQ|INE507F01023,,,,,,,,,,,,,,,,,,,,,,,,,"Groww HTTP 401: {""errorCode"":401,""errorMessage"":{""message"":""Please Login and Try Again""}}"
639,GROWW_ERROR,EMMVEE,INE1C6T01020,EMMVEE PHOTOVOLTAIC PWR L,NSE_EQ|INE1C6T01020,,,,,,,,,,,,,,,,,,,,,,,,,"Groww HTTP 401: {""errorCode"":401,""errorMessage"":{""message"":""Please Login and Try Again""}}"
638,GROWW_ERROR,EMMBI,INE753K01015,EMMBI INDUSTRIES LIMITED,NSE_EQ|INE753K01015,,,,,,,,,,,,,,,,,,,,,,,,,"Groww HTTP 401: {""errorCode"":401,""errorMessage"":{""message"":""Please Login and Try Again""}}"
637,GROWW_ERROR,EMKAY,INE296H01011,EMKAY GLOBAL FIN SERV LTD,NSE_EQ|INE296H01011,,,,,,,,,,,,,,,,,,,,,,,,,"Groww HTTP 401: {""errorCode"":401,""errorMessage"":{""message"":""Please Login and Try Again""}}"
636,GROWW_ERROR,EMIL,INE02YR01019,ELECTRONICS MART IND LTD,NSE_EQ|INE02YR01019,,,,,,,,,,,,,,,,,,,,,,,,,"Groww HTTP 401: {""errorCode"":401,""errorMessage"":{""message"":""Please Login and Try Again""}}"
635,GROWW_ERROR,EMCURE,INE168P01015,EMCURE PHARMACEUTICALS L,NSE_EQ|INE168P01015,,,,,,,,,,,,,,,,,,,,,,,,,"Groww HTTP 401: {""errorCode"":401,""errorMessage"":{""message"":""Please Login and Try Again""}}"
634,GROWW_ERROR,EMBDL,INE069I01010,EMBASSY DEVELOPMENTS LTD,NSE_EQ|INE069I01010,,,,,,,,,,,,,,,,,,,,,,,,,"Groww HTTP 401: {""errorCode"":401,""errorMessage"":{""message"":""Please Login and Try Again""}}"
633,GROWW_ERROR,EMAMIREAL,INE778K01012,EMAMI REALTY LIMITED,NSE_EQ|INE778K01012,,,,,,,,,,,,,,,,,,,,,,,,,"Groww HTTP 401: {""errorCode"":401,""errorMessage"":{""message"":""Please Login and Try Again""}}"
632,GROWW_ERROR,EMAMIPAP,INE830C01026,EMAMI PAPER MILLS LIMITED,NSE_EQ|INE830C01026,,,,,,,,,,,,,,,,,,,,,,,,,"Groww HTTP 401: {""errorCode"":401,""errorMessage"":{""message"":""Please Login and Try Again""}}"
631,GROWW_ERROR,EMAMILTD,INE548C01032,EMAMI LIMITED,NSE_EQ|INE548C01032,,,,,,,,,,,,,,,,,,,,,,,,,"Groww HTTP 401: {""errorCode"":401,""errorMessage"":{""message"":""Please Login and Try Again""}}"
630,GROWW_ERROR,ELPROINTL,INE579B01039,ELPRO INTERNATIONAL LTD,NSE_EQ|INE579B01039,,,,,,,,,,,,,,,,,,,,,,,,,"Groww HTTP 401: {""errorCode"":401,""errorMessage"":{""message"":""Please Login and Try Again""}}"
629,GROWW_ERROR,ELLEN,INE236E01022,ELLENBARRIE INDUS GASES L,NSE_EQ|INE236E01022,,,,,,,,,,,,,,,,,,,,,,,,,"Groww HTTP 401: {""errorCode"":401,""errorMessage"":{""message"":""Please Login and Try Again""}}"
628,GROWW_ERROR,ELITECON,INE669R01026,ELITECON INTERNATIONAL L,NSE_EQ|INE669R01026,,,,,,,,,,,,,,,,,,,,,,,,,"Groww HTTP 401: {""errorCode"":401,""errorMessage"":{""message"":""Please Login and Try Again""}}"
627,GROWW_ERROR,ELIN,INE050401020,ELIN ELECTRONICS LIMITED,NSE_EQ|INE050401020,,,,,,,,,,,,,,,,,,,,,,,,,"Groww HTTP 401: {""errorCode"":401,""errorMessage"":{""message"":""Please Login and Try Again""}}"
626,GROWW_ERROR,ELGIRUBCO,INE819L01012,ELGI RUBBER CO. LTD,NSE_EQ|INE819L01012,,,,,,,,,,,,,,,,,,,,,,,,,"Groww HTTP 401: {""errorCode"":401,""errorMessage"":{""message"":""Please Login and Try Again""}}"
625,GROWW_ERROR,ELGIEQUIP,INE285A01027,ELGI EQUIPMENTS LTD,NSE_EQ|INE285A01027,,,,,,,,,,,,,,,,,,,,,,,,,"Groww HTTP 401: {""errorCode"":401,""errorMessage"":{""message"":""Please Login and Try Again""}}"
624,GROWW_ERROR,ELECTHERM,INE822G01016,ELECTROTHERM (I) LTD.,NSE_EQ|INE822G01016,,,,,,,,,,,,,,,,,,,,,,,,,"Groww HTTP 401: {""errorCode"":401,""errorMessage"":{""message"":""Please Login and Try Again""}}"
623,GROWW_ERROR,ELECTCAST,INE086A13016,ELECTCAST WARRANTS,NSE_EQ|INE086A13016,,,,,,,,,,,,,,,,,,,,,,,,,"Groww HTTP 401: {""errorCode"":401,""errorMessage"":{""message"":""Please Login and Try Again""}}"
622,GROWW_ERROR,ELECON,INE205B01031,ELECON ENG. CO. LTD,NSE_EQ|INE205B01031,,,,,,,,,,,,,,,,,,,,,,,,,"Groww HTTP 401: {""errorCode"":401,""errorMessage"":{""message"":""Please Login and Try Again""}}"
621,GROWW_ERROR,ELDEHSG,INE668G01021,ELDECO HSG & IND LTD.,NSE_EQ|INE668G01021,,,,,,,,,,,,,,,,,,,,,,,,,"Groww HTTP 401: {""errorCode"":401,""errorMessage"":{""message"":""Please Login and Try Again""}}"
620,GROWW_ERROR,ELCIDIN,INE927X01018,ELCID INVESTMENTS LTD.,NSE_EQ|INE927X01018,,,,,,,,,,,,,,,,,,,,,,,,,"Groww HTTP 401: {""errorCode"":401,""errorMessage"":{""message"":""Please Login and Try Again""}}"
619,GROWW_ERROR,ELANTAS,INE280B01018,ELANTAS BECK INDIA LTD.,NSE_EQ|INE280B01018,,,,,,,,,,,,,,,,,,,,,,,,,"Groww HTTP 401: {""errorCode"":401,""errorMessage"":{""message"":""Please Login and Try Again""}}"
618,GROWW_ERROR,EKC,INE184H01027,EVEREST KANTO CYLINDERLTD,NSE_EQ|INE184H01027,,,,,,,,,,,,,,,,,,,,,,,,,"Groww HTTP 401: {""errorCode"":401,""errorMessage"":{""message"":""Please Login and Try Again""}}"
617,GROWW_ERROR,EIMCOELECO,INE158B01016,EIMCO ELECON (INDIA) LTD,NSE_EQ|INE158B01016,,,,,,,,,,,,,,,,,,,,,,,,,"Groww HTTP 401: {""errorCode"":401,""errorMessage"":{""message"":""Please Login and Try Again""}}"
616,GROWW_ERROR,EIHOTEL,INE230A01023,EIH LIMITED,NSE_EQ|INE230A01023,,,,,,,,,,,,,,,,,,,,,,,,,"Groww HTTP 401: {""errorCode"":401,""errorMessage"":{""message"":""Please Login and Try Again""}}"
615,GROWW_ERROR,EIHAHOTELS,INE276C01014,EIH ASSOCIATED HOTELS LTD,NSE_EQ|INE276C01014,,,,,,,,,,,,,,,,,,,,,,,,,"Groww HTTP 401: {""errorCode"":401,""errorMessage"":{""message"":""Please Login and Try Again""}}"
614,GROWW_ERROR,EIFFL,INE546V01010,EURO (I) FRESH FOODS LTD,NSE_EQ|INE546V01010,,,,,,,,,,,,,,,,,,,,,,,,,"Groww HTTP 401: {""errorCode"":401,""errorMessage"":{""message"":""Please Login and Try Again""}}"
613,GROWW_ERROR,EIEL,INE0LLY01014,ENVIRO INFRA ENGINEERS L,NSE_EQ|INE0LLY01014,,,,,,,,,,,,,,,,,,,,,,,,,"Groww HTTP 401: {""errorCode"":401,""errorMessage"":{""message"":""Please Login and Try Again""}}"
612,GROWW_ERROR,EIDPARRY,INE126A01031,EID PARRY INDIA LTD,NSE_EQ|INE126A01031,,,,,,,,,,,,,,,,,,,,,,,,,"Groww HTTP 401: {""errorCode"":401,""errorMessage"":{""message"":""Please Login and Try Again""}}"
611,GROWW_ERROR,EICHERMOT,INE066A01021,EICHER MOTORS LTD,NSE_EQ|INE066A01021,,,,,,,,,,,,,,,,,,,,,,,,,"Groww HTTP 401: {""errorCode"":401,""errorMessage"":{""message"":""Please Login and Try Again""}}"
610,GROWW_ERROR,EFCIL,INE886D01026,EFC (I) LIMITED,NSE_EQ|INE886D01026,,,,,,,,,,,,,,,,,,,,,,,,,"Groww HTTP 401: {""errorCode"":401,""errorMessage"":{""message"":""Please Login and Try Again""}}"
609,GROWW_ERROR,EDELWEISS,INE532F01054,EDELWEISS FIN SERV LTD,NSE_EQ|INE532F01054,,,,,,,,,,,,,,,,,,,,,,,,,"Groww HTTP 401: {""errorCode"":401,""errorMessage"":{""message"":""Please Login and Try Again""}}"
608,GROWW_ERROR,ECOSMOBLTY,INE06HJ01020,ECOS (INDIA) MOB & HOSP L,NSE_EQ|INE06HJ01020,,,,,,,,,,,,,,,,,,,,,,,,,"Groww HTTP 401: {""errorCode"":401,""errorMessage"":{""message"":""Please Login and Try Again""}}"
607,GROWW_ERROR,ECLERX,INE738I01010,ECLERX SERVICES LTD,NSE_EQ|INE738I01010,,,,,,,,,,,,,,,,,,,,,,,,,"Groww HTTP 401: {""errorCode"":401,""errorMessage"":{""message"":""Please Login and Try Again""}}"
606,GROWW_ERROR,EBGNG,INE18JU01028,GNG ELECTRONICS LIMITED,NSE_EQ|INE18JU01028,,,,,,,,,,,,,,,,,,,,,,,,,"Groww HTTP 401: {""errorCode"":401,""errorMessage"":{""message"":""Please Login and Try Again""}}"
605,GROWW_ERROR,EASTSILK,INE962C01035,EASTERN SILK INDUSTRIES L,NSE_EQ|INE962C01035,,,,,,,,,,,,,,,,,,,,,,,,,"Groww HTTP 401: {""errorCode"":401,""errorMessage"":{""message"":""Please Login and Try Again""}}"
604,GROWW_ERROR,EASEMYTRIP,INE07O001026,EASY TRIP PLANNERS LTD,NSE_EQ|INE07O001026,,,,,,,,,,,,,,,,,,,,,,,,,"Groww HTTP 401: {""errorCode"":401,""errorMessage"":{""message"":""Please Login and Try Again""}}"
603,GROWW_ERROR,E2E,INE255Z01027,E2E NETWORKS LIMITED,NSE_EQ|INE255Z01027,,,,,,,,,,,,,,,,,,,,,,,,,"Groww HTTP 401: {""errorCode"":401,""errorMessage"":{""message"":""Please Login and Try Again""}}"
602,GROWW_ERROR,DYNPRO,INE256H01015,DYNEMIC PRODUCTS LIMITED,NSE_EQ|INE256H01015,,,,,,,,,,,,,,,,,,,,,,,,,"Groww HTTP 401: {""errorCode"":401,""errorMessage"":{""message"":""Please Login and Try Again""}}"
601,GROWW_ERROR,DYNAMATECH,INE221B01012,DYNAMATIC TECHNOLOGIES,NSE_EQ|INE221B01012,,,,,,,,,,,,,,,,,,,,,,,,,"Groww HTTP 401: {""errorCode"":401,""errorMessage"":{""message"":""Please Login and Try Again""}}"
600,GROWW_ERROR,DYCL,INE600Y01019,DYNAMIC CABLES LIMITED,NSE_EQ|INE600Y01019,,,,,,,,,,,,,,,,,,,,,,,,,"Groww HTTP 401: {""errorCode"":401,""errorMessage"":{""message"":""Please Login and Try Again""}}"
599,GROWW_ERROR,DWARKESH,INE366A01041,DWARIKESH SUGAR IND LTD,NSE_EQ|INE366A01041,,,,,,,,,,,,,,,,,,,,,,,,,"Groww HTTP 401: {""errorCode"":401,""errorMessage"":{""message"":""Please Login and Try Again""}}"
598,GROWW_ERROR,DVL,INE477B01010,DHUNSERI VENTURES LIMITED,NSE_EQ|INE477B01010,,,,,,,,,,,,,,,,,,,,,,,,,"Groww HTTP 401: {""errorCode"":401,""errorMessage"":{""message"":""Please Login and Try Again""}}"
597,GROWW_ERROR,DUCON,INE741L01018,DUCON INFRATECHNOLOGIES L,NSE_EQ|INE741L01018,,,,,,,,,,,,,,,,,,,,,,,,,"Groww HTTP 401: {""errorCode"":401,""errorMessage"":{""message"":""Please Login and Try Again""}}"
596,GROWW_ERROR,DTIL,INE341R01014,DHUNSERI TEA & IND. LTD.,NSE_EQ|INE341R01014,,,,,,,,,,,,,,,,,,,,,,,,,"Groww HTTP 401: {""errorCode"":401,""errorMessage"":{""message"":""Please Login and Try Again""}}"
595,GROWW_ERROR,DSSL,INE417B01040,DYNACONS SYS & SOLN LTD,NSE_EQ|INE417B01040,,,,,,,,,,,,,,,,,,,,,,,,,"Groww HTTP 401: {""errorCode"":401,""errorMessage"":{""message"":""Please Login and Try Again""}}"
594,GROWW_ERROR,DSFCL,INE0OFM01015,DCM SHRIRAM FINE CHEM LTD,NSE_EQ|INE0OFM01015,,,,,,,,,,,,,,,,,,,,,,,,,"Groww HTTP 401: {""errorCode"":401,""errorMessage"":{""message"":""Please Login and Try Again""}}"
593,GROWW_ERROR,DRREDDY,INE089A01031,DR. REDDY S LABORATORIES,NSE_EQ|INE089A01031,,,,,,,,,,,,,,,,,,,,,,,,,"Groww HTTP 401: {""errorCode"":401,""errorMessage"":{""message"":""Please Login and Try Again""}}"
592,GROWW_ERROR,DREDGECORP,INE506A01018,DREDGING CORP OF INDIA,NSE_EQ|INE506A01018,,,,,,,,,,,,,,,,,,,,,,,,,"Groww HTTP 401: {""errorCode"":401,""errorMessage"":{""message"":""Please Login and Try Again""}}"
591,GROWW_ERROR,DREAMFOLKS,INE0JS101016,DREAMFOLKS SERVICES LTD,NSE_EQ|INE0JS101016,,,,,,,,,,,,,,,,,,,,,,,,,"Groww HTTP 401: {""errorCode"":401,""errorMessage"":{""message"":""Please Login and Try Again""}}"
590,GROWW_ERROR,DRCSYSTEMS,INE03RS01027,DRC SYSTEMS INDIA LIMITED,NSE_EQ|INE03RS01027,,,,,,,,,,,,,,,,,,,,,,,,,"Groww HTTP 401: {""errorCode"":401,""errorMessage"":{""message"":""Please Login and Try Again""}}"
589,GROWW_ERROR,DRAGARWQ,INE934C01018,DR. AGARWAL'S EYE HOSP L,NSE_EQ|INE934C01018,,,,,,,,,,,,,,,,,,,,,,,,,"Groww HTTP 401: {""errorCode"":401,""errorMessage"":{""message"":""Please Login and Try Again""}}"
588,GROWW_ERROR,DPWIRES,INE864X01013,D P WIRES LIMITED,NSE_EQ|INE864X01013,,,,,,,,,,,,,,,,,,,,,,,,,"Groww HTTP 401: {""errorCode"":401,""errorMessage"":{""message"":""Please Login and Try Again""}}"
587,GROWW_ERROR,DPSCLTD,INE360C01024,DPSC LIMITED,NSE_EQ|INE360C01024,,,,,,,,,,,,,,,,,,,,,,,,,"Groww HTTP 401: {""errorCode"":401,""errorMessage"":{""message"":""Please Login and Try Again""}}"
586,GROWW_ERROR,DPABHUSHAN,INE266Y01019,D. P. ABHUSHAN LIMITED,NSE_EQ|INE266Y01019,,,,,,,,,,,,,,,,,,,,,,,,,"Groww HTTP 401: {""errorCode"":401,""errorMessage"":{""message"":""Please Login and Try Again""}}"
585,GROWW_ERROR,DONEAR,INE668D01028,DONEAR IND. LIMITED,NSE_EQ|INE668D01028,,,,,,,,,,,,,,,,,,,,,,,,,"Groww HTTP 401: {""errorCode"":401,""errorMessage"":{""message"":""Please Login and Try Again""}}"
584,GROWW_ERROR,DOMS,INE321T01012,DOMS INDUSTRIES LIMITED,NSE_EQ|INE321T01012,,,,,,,,,,,,,,,,,,,,,,,,,"Groww HTTP 401: {""errorCode"":401,""errorMessage"":{""message"":""Please Login and Try Again""}}"
583,GROWW_ERROR,DOLPHIN,INE920A01037,DOLPHIN OFF ENT (IND) L,NSE_EQ|INE920A01037,,,,,,,,,,,,,,,,,,,,,,,,,"Groww HTTP 401: {""errorCode"":401,""errorMessage"":{""message"":""Please Login and Try Again""}}"
582,GROWW_ERROR,DOLLAR,INE325C01035,DOLLAR INDUSTRIES LIMITED,NSE_EQ|INE325C01035,,,,,,,,,,,,,,,,,,,,,,,,,"Groww HTTP 401: {""errorCode"":401,""errorMessage"":{""message"":""Please Login and Try Again""}}"
581,GROWW_ERROR,DOLATALGO,INE966A01022,DOLAT ALGOTECH LIMITED,NSE_EQ|INE966A01022,,,,,,,,,,,,,,,,,,,,,,,,,"Groww HTTP 401: {""errorCode"":401,""errorMessage"":{""message"":""Please Login and Try Again""}}"
580,GROWW_ERROR,DODLA,INE021O01019,DODLA DAIRY LIMITED,NSE_EQ|INE021O01019,,,,,,,,,,,,,,,,,,,,,,,,,"Groww HTTP 401: {""errorCode"":401,""errorMessage"":{""message"":""Please Login and Try Again""}}"
579,GROWW_ERROR,DNAMEDIA,INE016M01021,DILIGENT MEDIA CORP LTD.,NSE_EQ|INE016M01021,,,,,,,,,,,,,,,,,,,,,,,,,"Groww HTTP 401: {""errorCode"":401,""errorMessage"":{""message"":""Please Login and Try Again""}}"
578,GROWW_ERROR,DMCC,INE505A01010,DMCC SPECIALITY CHEMICALS,NSE_EQ|INE505A01010,,,,,,,,,,,,,,,,,,,,,,,,,"Groww HTTP 401: {""errorCode"":401,""errorMessage"":{""message"":""Please Login and Try Again""}}"
577,GROWW_ERROR,DMART,INE192R01011,AVENUE SUPERMARTS LIMITED,NSE_EQ|INE192R01011,,,,,,,,,,,,,,,,,,,,,,,,,"Groww HTTP 401: {""errorCode"":401,""errorMessage"":{""message"":""Please Login and Try Again""}}"
576,GROWW_ERROR,DLINKINDIA,INE250K01012,D-LINK INDIA LTD,NSE_EQ|INE250K01012,,,,,,,,,,,,,,,,,,,,,,,,,"Groww HTTP 401: {""errorCode"":401,""errorMessage"":{""message"":""Please Login and Try Again""}}"
575,GROWW_ERROR,DLF,INE271C01023,DLF LIMITED,NSE_EQ|INE271C01023,,,,,,,,,,,,,,,,,,,,,,,,,"Groww HTTP 401: {""errorCode"":401,""errorMessage"":{""message"":""Please Login and Try Again""}}"
574,GROWW_ERROR,DJML,INE0B1K01014,DJ MEDIAPRINT & LOG LTD,NSE_EQ|INE0B1K01014,,,,,,,,,,,,,,,,,,,,,,,,,"Groww HTTP 401: {""errorCode"":401,""errorMessage"":{""message"":""Please Login and Try Again""}}"
573,GROWW_ERROR,DIXON,INE935N01020,DIXON TECHNO (INDIA) LTD,NSE_EQ|INE935N01020,,,,,,,,,,,,,,,,,,,,,,,,,"Groww HTTP 401: {""errorCode"":401,""errorMessage"":{""message"":""Please Login and Try Again""}}"
572,GROWW_ERROR,DIVISLAB,INE361B01024,DIVI S LABORATORIES LTD,NSE_EQ|INE361B01024,,,,,,,,,,,,,,,,,,,,,,,,,"Groww HTTP 401: {""errorCode"":401,""errorMessage"":{""message"":""Please Login and Try Again""}}"
571,GROWW_ERROR,DIVGIITTS,INE753U01022,DIVGI TORQTRANSFER SYST L,NSE_EQ|INE753U01022,,,,,,,,,,,,,,,,,,,,,,,,,"Groww HTTP 401: {""errorCode"":401,""errorMessage"":{""message"":""Please Login and Try Again""}}"
570,GROWW_ERROR,DISHTV,INE836F01026,DISH TV INDIA LTD.,NSE_EQ|INE836F01026,,,,,,,,,,,,,,,,,,,,,,,,,"Groww HTTP 401: {""errorCode"":401,""errorMessage"":{""message"":""Please Login and Try Again""}}"
569,GROWW_ERROR,DISAQ,INE131C01011,DISA INDIA LTD.,NSE_EQ|INE131C01011,,,,,,,,,,,,,,,,,,,,,,,,,"Groww HTTP 401: {""errorCode"":401,""errorMessage"":{""message"":""Please Login and Try Again""}}"
568,GROWW_ERROR,DIGJAMLMTD,INE731U01028,DIGJAM LTD,NSE_EQ|INE731U01028,,,,,,,,,,,,,,,,,,,,,,,,,"Groww HTTP 401: {""errorCode"":401,""errorMessage"":{""message"":""Please Login and Try Again""}}"
567,GROWW_ERROR,DIGITIDE,INE0U4701011,DIGITIDE SOLUTIONS LTD,NSE_EQ|INE0U4701011,,,,,,,,,,,,,,,,,,,,,,,,,"Groww HTTP 401: {""errorCode"":401,""errorMessage"":{""message"":""Please Login and Try Again""}}"
566,GROWW_ERROR,DIGISPICE,INE927C01020,DIGISPICE TECHNOLOGIES LT,NSE_EQ|INE927C01020,,,,,,,,,,,,,,,,,,,,,,,,,"Groww HTTP 401: {""errorCode"":401,""errorMessage"":{""message"":""Please Login and Try Again""}}"
565,GROWW_ERROR,DIGIDRIVE,INE0PSC01024,DIGIDRIVE DISTRIBUTORS L,NSE_EQ|INE0PSC01024,,,,,,,,,,,,,,,,,,,,,,,,,"Groww HTTP 401: {""errorCode"":401,""errorMessage"":{""message"":""Please Login and Try Again""}}"
564,GROWW_ERROR,DIFFNKG,INE184O01015,DIFFUSION ENGINEERS LTD,NSE_EQ|INE184O01015,,,,,,,,,,,,,,,,,,,,,,,,,"Groww HTTP 401: {""errorCode"":401,""errorMessage"":{""message"":""Please Login and Try Again""}}"
563,GROWW_ERROR,DICIND,INE303A01010,DIC INDIA LIMITED,NSE_EQ|INE303A01010,,,,,,,,,,,,,,,,,,,,,,,,,"Groww HTTP 401: {""errorCode"":401,""errorMessage"":{""message"":""Please Login and Try Again""}}"
562,GROWW_ERROR,DIAMONDYD,INE393P01035,PRATAAP SNACKS LIMITED,NSE_EQ|INE393P01035,,,,,,,,,,,,,,,,,,,,,,,,,"Groww HTTP 401: {""errorCode"":401,""errorMessage"":{""message"":""Please Login and Try Again""}}"
561,GROWW_ERROR,DIAMINESQ,INE591D01014,DIAMINES & CHEMICALS LTD,NSE_EQ|INE591D01014,,,,,,,,,,,,,,,,,,,,,,,,,"Groww HTTP 401: {""errorCode"":401,""errorMessage"":{""message"":""Please Login and Try Again""}}"
560,GROWW_ERROR,DIACABS,INE989C01038,DIAMOND POWER INFRA LTD,NSE_EQ|INE989C01038,,,,,,,,,,,,,,,,,,,,,,,,,"Groww HTTP 401: {""errorCode"":401,""errorMessage"":{""message"":""Please Login and Try Again""}}"
559,GROWW_ERROR,DHUNINV,INE320L01011,DHUNSERI INVESTMENTS LTD,NSE_EQ|INE320L01011,,,,,,,,,,,,,,,,,,,,,,,,,"Groww HTTP 401: {""errorCode"":401,""errorMessage"":{""message"":""Please Login and Try Again""}}"
558,GROWW_ERROR,DHRUV,INE506Z01015,DHRUV CONSULTANCY SER LTD,NSE_EQ|INE506Z01015,,,,,,,,,,,,,,,,,,,,,,,,,"Groww HTTP 401: {""errorCode"":401,""errorMessage"":{""message"":""Please Login and Try Again""}}"
557,GROWW_ERROR,DHARMAJ,INE00OQ01016,DHARMAJ CROP GUARD LTD,NSE_EQ|INE00OQ01016,,,,,,,,,,,,,,,,,,,,,,,,,"Groww HTTP 401: {""errorCode"":401,""errorMessage"":{""message"":""Please Login and Try Again""}}"
556,GROWW_ERROR,DHARAN,INE278R01034,DHARAN INFRA-EPC LIMITED,NSE_EQ|INE278R01034,,,,,,,,,,,,,,,,,,,,,,,,,"Groww HTTP 401: {""errorCode"":401,""errorMessage"":{""message"":""Please Login and Try Again""}}"
555,GROWW_ERROR,DHANUKA,INE435G01025,DHANUKA AGRITECH LTD,NSE_EQ|INE435G01025,,,,,,,,,,,,,,,,,,,,,,,,,"Groww HTTP 401: {""errorCode"":401,""errorMessage"":{""message"":""Please Login and Try Again""}}"
554,GROWW_ERROR,DHANBANK,INE680A01011,DHANLAXMI BANK LIMITED,NSE_EQ|INE680A01011,,,,,,,,,,,,,,,,,,,,,,,,,"Groww HTTP 401: {""errorCode"":401,""errorMessage"":{""message"":""Please Login and Try Again""}}"
553,GROWW_ERROR,DHAMPURSUG,INE041A01016,DHAMPUR SUGAR MILLS LTD.,NSE_EQ|INE041A01016,,,,,,,,,,,,,,,,,,,,,,,,,"Groww HTTP 401: {""errorCode"":401,""errorMessage"":{""message"":""Please Login and Try Again""}}"
552,GROWW_ERROR,DGCONTENT,INE03JI01017,DIGICONTENT LIMITED,NSE_EQ|INE03JI01017,,,,,,,,,,,,,,,,,,,,,,,,,"Groww HTTP 401: {""errorCode"":401,""errorMessage"":{""message"":""Please Login and Try Again""}}"
551,GROWW_ERROR,DEVYANI,INE872J01023,DEVYANI INTERNATIONAL LTD,NSE_EQ|INE872J01023,,,,,,,,,,,,,,,,,,,,,,,,,"Groww HTTP 401: {""errorCode"":401,""errorMessage"":{""message"":""Please Login and Try Again""}}"
550,GROWW_ERROR,DEVX,INE0VOV01021,DEV ACCELERATOR LIMITED,NSE_EQ|INE0VOV01021,,,,,,,,,,,,,,,,,,,,,,,,,"Groww HTTP 401: {""errorCode"":401,""errorMessage"":{""message"":""Please Login and Try Again""}}"
549,GROWW_ERROR,DEVIT,INE060X01034,DEV INFO TECHNOLOGY LTD,NSE_EQ|INE060X01034,,,,,,,,,,,,,,,,,,,,,,,,,"Groww HTTP 401: {""errorCode"":401,""errorMessage"":{""message"":""Please Login and Try Again""}}"
548,GROWW_ERROR,DENTA,INE0R4L01018,DENTA WATER N INFRA SOL L,NSE_EQ|INE0R4L01018,,,,,,,,,,,,,,,,,,,,,,,,,"Groww HTTP 401: {""errorCode"":401,""errorMessage"":{""message"":""Please Login and Try Again""}}"
547,GROWW_ERROR,DENORA,INE244A01016,DE NORA INDIA LIMITED,NSE_EQ|INE244A01016,,,,,,,,,,,,,,,,,,,,,,,,,"Groww HTTP 401: {""errorCode"":401,""errorMessage"":{""message"":""Please Login and Try Again""}}"
546,GROWW_ERROR,DEN,INE947J01015,DEN NETWORKS LTD,NSE_EQ|INE947J01015,,,,,,,,,,,,,,,,,,,,,,,,,"Groww HTTP 401: {""errorCode"":401,""errorMessage"":{""message"":""Please Login and Try Again""}}"
545,GROWW_ERROR,DELTAMAGNT,INE393A01011,DELTA MANUFACTURING LTD,NSE_EQ|INE393A01011,,,,,,,,,,,,,,,,,,,,,,,,,"Groww HTTP 401: {""errorCode"":401,""errorMessage"":{""message"":""Please Login and Try Again""}}"
544,GROWW_ERROR,DELTACORP,INE124G01033,DELTA CORP LIMITED,NSE_EQ|INE124G01033,,,,,,,,,,,,,,,,,,,,,,,,,"Groww HTTP 401: {""errorCode"":401,""errorMessage"":{""message"":""Please Login and Try Again""}}"
543,GROWW_ERROR,DELPHIFX,INE726L01027,DELPHI WORLD MONEY LTD,NSE_EQ|INE726L01027,,,,,,,,,,,,,,,,,,,,,,,,,"Groww HTTP 401: {""errorCode"":401,""errorMessage"":{""message"":""Please Login and Try Again""}}"
542,GROWW_ERROR,DELHIVERY,INE148O01028,DELHIVERY LIMITED,NSE_EQ|INE148O01028,,,,,,,,,,,,,,,,,,,,,,,,,"Groww HTTP 401: {""errorCode"":401,""errorMessage"":{""message"":""Please Login and Try Again""}}"
541,GROWW_ERROR,DEEPINDS,INE0FHS01024,DEEP INDUSTRIES LIMITED,NSE_EQ|INE0FHS01024,,,,,,,,,,,,,,,,,,,,,,,,,"Groww HTTP 401: {""errorCode"":401,""errorMessage"":{""message"":""Please Login and Try Again""}}"
540,GROWW_ERROR,DEEPAKNTR,INE288B01029,DEEPAK NITRITE LTD,NSE_EQ|INE288B01029,,,,,,,,,,,,,,,,,,,,,,,,,"Groww HTTP 401: {""errorCode"":401,""errorMessage"":{""message"":""Please Login and Try Again""}}"
539,GROWW_ERROR,DEEPAKFERT,INE501A01019,DEEPAK FERTILIZERS & PETR,NSE_EQ|INE501A01019,,,,,,,,,,,,,,,,,,,,,,,,,"Groww HTTP 401: {""errorCode"":401,""errorMessage"":{""message"":""Please Login and Try Again""}}"
538,GROWW_ERROR,DEEDEV,INE841L01016,DEE DEVELOPMENT ENG LTD,NSE_EQ|INE841L01016,,,,,,,,,,,,,,,,,,,,,,,,,"Groww HTTP 401: {""errorCode"":401,""errorMessage"":{""message"":""Please Login and Try Again""}}"
537,GROWW_ERROR,DECNGOLD,INE945F01025,DECCAN GOLD MINES LTD.,NSE_EQ|INE945F01025,,,,,,,,,,,,,,,,,,,,,,,,,"Groww HTTP 401: {""errorCode"":401,""errorMessage"":{""message"":""Please Login and Try Again""}}"
536,GROWW_ERROR,DECCANCE,INE583C01021,DECCAN CEMENTS LIMITED,NSE_EQ|INE583C01021,,,,,,,,,,,,,,,,,,,,,,,,,"Groww HTTP 401: {""errorCode"":401,""errorMessage"":{""message"":""Please Login and Try Again""}}"
535,GROWW_ERROR,DDEVPLSTIK,INE0HR601026,DDEV PLASTIKS IND LTD,NSE_EQ|INE0HR601026,,,,,,,,,,,,,,,,,,,,,,,,,"Groww HTTP 401: {""errorCode"":401,""errorMessage"":{""message"":""Please Login and Try Again""}}"
534,GROWW_ERROR,DCXINDIA,INE0KL801015,DCX SYSTEMS LIMITED,NSE_EQ|INE0KL801015,,,,,,,,,,,,,,,,,,,,,,,,,"Groww HTTP 401: {""errorCode"":401,""errorMessage"":{""message"":""Please Login and Try Again""}}"
533,GROWW_ERROR,DCW,INE500A01029,DCW LTD,NSE_EQ|INE500A01029,,,,,,,,,,,,,,,,,,,,,,,,,"Groww HTTP 401: {""errorCode"":401,""errorMessage"":{""message"":""Please Login and Try Again""}}"
532,GROWW_ERROR,DCMSRIND,INE843D01027,DCM SHRIRAM IND LTD,NSE_EQ|INE843D01027,,,,,,,,,,,,,,,,,,,,,,,,,"Groww HTTP 401: {""errorCode"":401,""errorMessage"":{""message"":""Please Login and Try Again""}}"
531,GROWW_ERROR,DCMSIL,INE0OU201013,DCM SHRIRAM INTERNATNL L,NSE_EQ|INE0OU201013,,,,,,,,,,,,,,,,,,,,,,,,,"Groww HTTP 401: {""errorCode"":401,""errorMessage"":{""message"":""Please Login and Try Again""}}"
530,GROWW_ERROR,DCMSHRIRAM,INE499A01024,DCM SHRIRAM LIMITED,NSE_EQ|INE499A01024,,,,,,,,,,,,,,,,,,,,,,,,,"Groww HTTP 401: {""errorCode"":401,""errorMessage"":{""message"":""Please Login and Try Again""}}"
529,GROWW_ERROR,DCMNVL,INE08KP01019,DCM NOUVELLE LIMITED,NSE_EQ|INE08KP01019,,,,,,,,,,,,,,,,,,,,,,,,,"Groww HTTP 401: {""errorCode"":401,""errorMessage"":{""message"":""Please Login and Try Again""}}"
528,GROWW_ERROR,DCMFINSERV,INE891B01012,DCM FINANCIAL SERVICES LT,NSE_EQ|INE891B01012,,,,,,,,,,,,,,,,,,,,,,,,,"Groww HTTP 401: {""errorCode"":401,""errorMessage"":{""message"":""Please Login and Try Again""}}"
527,GROWW_ERROR,DCM,INE498A01018,DCM LIMITED,NSE_EQ|INE498A01018,,,,,,,,,,,,,,,,,,,,,,,,,"Groww HTTP 401: {""errorCode"":401,""errorMessage"":{""message"":""Please Login and Try Again""}}"
526,GROWW_ERROR,DCI,INE0A1101019,DC INFOTECH AND COMUN LTD,NSE_EQ|INE0A1101019,,,,,,,,,,,,,,,,,,,,,,,,,"Groww HTTP 401: {""errorCode"":401,""errorMessage"":{""message"":""Please Login and Try Again""}}"
525,GROWW_ERROR,DCBBANK,INE503A01015,DCB BANK LIMITED,NSE_EQ|INE503A01015,,,,,,,,,,,,,,,,,,,,,,,,,"Groww HTTP 401: {""errorCode"":401,""errorMessage"":{""message"":""Please Login and Try Again""}}"
524,GROWW_ERROR,DCAL,INE385W01011,DISHMAN CARBO AMCIS LTD,NSE_EQ|INE385W01011,,,,,,,,,,,,,,,,,,,,,,,,,"Groww HTTP 401: {""errorCode"":401,""errorMessage"":{""message"":""Please Login and Try Again""}}"
523,GROWW_ERROR,DBSTOCKBRO,INE921B01025,DB (INT) STOCK BROKERS,NSE_EQ|INE921B01025,,,,,,,,,,,,,,,,,,,,,,,,,"Groww HTTP 401: {""errorCode"":401,""errorMessage"":{""message"":""Please Login and Try Again""}}"
522,GROWW_ERROR,DBREALTY,INE879I01012,VALOR ESTATE LIMITED,NSE_EQ|INE879I01012,,,,,,,,,,,,,,,,,,,,,,,,,"Groww HTTP 401: {""errorCode"":401,""errorMessage"":{""message"":""Please Login and Try Again""}}"
521,GROWW_ERROR,DBOL,INE0I3401014,DHAMPUR BIO ORGANICS LTD,NSE_EQ|INE0I3401014,,,,,,,,,,,,,,,,,,,,,,,,,"Groww HTTP 401: {""errorCode"":401,""errorMessage"":{""message"":""Please Login and Try Again""}}"
520,GROWW_ERROR,DBL,INE917M01012,DILIP BUILDCON LIMITED,NSE_EQ|INE917M01012,,,,,,,,,,,,,,,,,,,,,,,,,"Groww HTTP 401: {""errorCode"":401,""errorMessage"":{""message"":""Please Login and Try Again""}}"
519,GROWW_ERROR,DBEIL,INE0OPA01027,DEEPAK BUILDERS & ENG I L,NSE_EQ|INE0OPA01027,,,,,,,,,,,,,,,,,,,,,,,,,"Groww HTTP 401: {""errorCode"":401,""errorMessage"":{""message"":""Please Login and Try Again""}}"
518,GROWW_ERROR,DBCORP,INE950I01011,D.B.CORP LTD,NSE_EQ|INE950I01011,,,,,,,,,,,,,,,,,,,,,,,,,"Groww HTTP 401: {""errorCode"":401,""errorMessage"":{""message"":""Please Login and Try Again""}}"
517,GROWW_ERROR,DAVANGERE,INE179G01029,DAVANGERE SUGAR COMPANY L,NSE_EQ|INE179G01029,,,,,,,,,,,,,,,,,,,,,,,,,"Groww HTTP 401: {""errorCode"":401,""errorMessage"":{""message"":""Please Login and Try Again""}}"
516,GROWW_ERROR,DATAPATTNS,INE0IX101010,DATA PATTERNS INDIA LTD,NSE_EQ|INE0IX101010,,,,,,,,,,,,,,,,,,,,,,,,,"Groww HTTP 401: {""errorCode"":401,""errorMessage"":{""message"":""Please Login and Try Again""}}"
515,GROWW_ERROR,DATAMATICS,INE365B01017,DATAMATICS GLOBAL SER LTD,NSE_EQ|INE365B01017,,,,,,,,,,,,,,,,,,,,,,,,,"Groww HTTP 401: {""errorCode"":401,""errorMessage"":{""message"":""Please Login and Try Again""}}"
514,GROWW_ERROR,DANGEE,INE688Y01022,DANGEE DUMS LIMITED,NSE_EQ|INE688Y01022,,,,,,,,,,,,,,,,,,,,,,,,,"Groww HTTP 401: {""errorCode"":401,""errorMessage"":{""message"":""Please Login and Try Again""}}"
513,GROWW_ERROR,DAMODARIND,INE497D01022,DAMODAR INDUSTRIES LTD,NSE_EQ|INE497D01022,,,,,,,,,,,,,,,,,,,,,,,,,"Groww HTTP 401: {""errorCode"":401,""errorMessage"":{""message"":""Please Login and Try Again""}}"
512,GROWW_ERROR,DAMCAPITAL,INE284H01025,DAM CAPITAL ADVISORS LTD,NSE_EQ|INE284H01025,,,,,,,,,,,,,,,,,,,,,,,,,"Groww HTTP 401: {""errorCode"":401,""errorMessage"":{""message"":""Please Login and Try Again""}}"
511,GROWW_ERROR,DALMIASUG,INE495A01022,DALMIA BHARAT SUG IN LTD,NSE_EQ|INE495A01022,,,,,,,,,,,,,,,,,,,,,,,,,"Groww HTTP 401: {""errorCode"":401,""errorMessage"":{""message"":""Please Login and Try Again""}}"
510,GROWW_ERROR,DALBHARAT,INE00R701025,DALMIA BHARAT LIMITED,NSE_EQ|INE00R701025,,,,,,,,,,,,,,,,,,,,,,,,,"Groww HTTP 401: {""errorCode"":401,""errorMessage"":{""message"":""Please Login and Try Again""}}"
509,GROWW_ERROR,DAICHI,INE928C01010,DAI-ICHI KARKARIA LTD.,NSE_EQ|INE928C01010,,,,,,,,,,,,,,,,,,,,,,,,,"Groww HTTP 401: {""errorCode"":401,""errorMessage"":{""message"":""Please Login and Try Again""}}"
508,GROWW_ERROR,DABUR,INE016A01026,DABUR INDIA LTD,NSE_EQ|INE016A01026,,,,,,,,,,,,,,,,,,,,,,,,,"Groww HTTP 401: {""errorCode"":401,""errorMessage"":{""message"":""Please Login and Try Again""}}"
507,GROWW_ERROR,CYIENTDLM,INE055S01018,CYIENT DLM LIMITED,NSE_EQ|INE055S01018,,,,,,,,,,,,,,,,,,,,,,,,,"Groww HTTP 401: {""errorCode"":401,""errorMessage"":{""message"":""Please Login and Try Again""}}"
506,GROWW_ERROR,CYIENT,INE136B01020,CYIENT LIMITED,NSE_EQ|INE136B01020,,,,,,,,,,,,,,,,,,,,,,,,,"Groww HTTP 401: {""errorCode"":401,""errorMessage"":{""message"":""Please Login and Try Again""}}"
505,GROWW_ERROR,CYBERTECH,INE214A01019,CYBERTECH SYSTEMS & SOFTW,NSE_EQ|INE214A01019,,,,,,,,,,,,,,,,,,,,,,,,,"Groww HTTP 401: {""errorCode"":401,""errorMessage"":{""message"":""Please Login and Try Again""}}"
504,GROWW_ERROR,CYBERMEDIA,INE278G01037,CYBER MEDIA (INDIA) LTD.,NSE_EQ|INE278G01037,,,,,,,,,,,,,,,,,,,,,,,,,"Groww HTTP 401: {""errorCode"":401,""errorMessage"":{""message"":""Please Login and Try Again""}}"
503,GROWW_ERROR,CURAA,INE117B01020,CURA TECHNOLOGIES LIMITED,NSE_EQ|INE117B01020,,,,,,,,,,,,,,,,,,,,,,,,,"Groww HTTP 401: {""errorCode"":401,""errorMessage"":{""message"":""Please Login and Try Again""}}"
502,GROWW_ERROR,CUPID,INE509F01029,CUPID LIMITED,NSE_EQ|INE509F01029,,,,,,,,,,,,,,,,,,,,,,,,,"Groww HTTP 401: {""errorCode"":401,""errorMessage"":{""message"":""Please Login and Try Again""}}"
501,GROWW_ERROR,CUMMINSIND,INE298A01020,CUMMINS INDIA LTD,NSE_EQ|INE298A01020,,,,,,,,,,,,,,,,,,,,,,,,,"Groww HTTP 401: {""errorCode"":401,""errorMessage"":{""message"":""Please Login and Try Again""}}"
500,GROWW_ERROR,CUBEXTUB,INE144D01012,CUBEX TUBINGS LTD,NSE_EQ|INE144D01012,,,,,,,,,,,,,,,,,,,,,,,,,"Groww HTTP 401: {""errorCode"":401,""errorMessage"":{""message"":""Please Login and Try Again""}}"
499,GROWW_ERROR,CUB,INE491A01021,CITY UNION BANK LTD,NSE_EQ|INE491A01021,,,,,,,,,,,,,,,,,,,,,,,,,"Groww HTTP 401: {""errorCode"":401,""errorMessage"":{""message"":""Please Login and Try Again""}}"
498,GROWW_ERROR,CTE,INE627H01017,CAMBRIDGE TECH ENTER LTD,NSE_EQ|INE627H01017,,,,,,,,,,,,,,,,,,,,,,,,,"Groww HTTP 401: {""errorCode"":401,""errorMessage"":{""message"":""Please Login and Try Again""}}"
497,GROWW_ERROR,CSLFINANCE,INE718F01018,CSL FINANCE LIMITED,NSE_EQ|INE718F01018,,,,,,,,,,,,,,,,,,,,,,,,,"Groww HTTP 401: {""errorCode"":401,""errorMessage"":{""message"":""Please Login and Try Again""}}"
496,GROWW_ERROR,CSBBANK,INE679A01013,CSB BANK LIMITED,NSE_EQ|INE679A01013,,,,,,,,,,,,,,,,,,,,,,,,,"Groww HTTP 401: {""errorCode"":401,""errorMessage"":{""message"":""Please Login and Try Again""}}"
495,GROWW_ERROR,CROWN,INE491V01019,CROWN LIFTERS LIMITED,NSE_EQ|INE491V01019,,,,,,,,,,,,,,,,,,,,,,,,,"Groww HTTP 401: {""errorCode"":401,""errorMessage"":{""message"":""Please Login and Try Again""}}"
494,GROWW_ERROR,CROMPTON,INE299U01018,CROMPT GREA CON ELEC LTD,NSE_EQ|INE299U01018,,,,,,,,,,,,,,,,,,,,,,,,,"Groww HTTP 401: {""errorCode"":401,""errorMessage"":{""message"":""Please Login and Try Again""}}"
493,GROWW_ERROR,CRIZAC,INE0S4R01014,CRIZAC LIMITED,NSE_EQ|INE0S4R01014,,,,,,,,,,,,,,,,,,,,,,,,,"Groww HTTP 401: {""errorCode"":401,""errorMessage"":{""message"":""Please Login and Try Again""}}"
492,GROWW_ERROR,CRISIL,INE007A01025,CRISIL LTD,NSE_EQ|INE007A01025,,,,,,,,,,,,,,,,,,,,,,,,,"Groww HTTP 401: {""errorCode"":401,""errorMessage"":{""message"":""Please Login and Try Again""}}"
491,GROWW_ERROR,CREST,INE559D01011,CREST VENTURES LIMITED,NSE_EQ|INE559D01011,,,,,,,,,,,,,,,,,,,,,,,,,"Groww HTTP 401: {""errorCode"":401,""errorMessage"":{""message"":""Please Login and Try Again""}}"
490,GROWW_ERROR,CREDITACC,INE741K01010,CREDITACCESS GRAMEEN LTD,NSE_EQ|INE741K01010,,,,,,,,,,,,,,,,,,,,,,,,,"Groww HTTP 401: {""errorCode"":401,""errorMessage"":{""message"":""Please Login and Try Again""}}"
489,GROWW_ERROR,CREATIVEYE,INE230B01021,CREATIVE EYE LIMITED,NSE_EQ|INE230B01021,,,,,,,,,,,,,,,,,,,,,,,,,"Groww HTTP 401: {""errorCode"":401,""errorMessage"":{""message"":""Please Login and Try Again""}}"
488,GROWW_ERROR,CRAMC,INE218I01013,CANARA ROBECO AMC LIMITED,NSE_EQ|INE218I01013,,,,,,,,,,,,,,,,,,,,,,,,,"Groww HTTP 401: {""errorCode"":401,""errorMessage"":{""message"":""Please Login and Try Again""}}"
487,GROWW_ERROR,CRAFTSMAN,INE00LO01017,CRAFTSMAN AUTOMATION LTD,NSE_EQ|INE00LO01017,,,,,,,,,,,,,,,,,,,,,,,,,"Groww HTTP 401: {""errorCode"":401,""errorMessage"":{""message"":""Please Login and Try Again""}}"
486,GROWW_ERROR,CPPLUS,INE819V01029,ADITYA INFOTECH LIMITED,NSE_EQ|INE819V01029,,,,,,,,,,,,,,,,,,,,,,,,,"Groww HTTP 401: {""errorCode"":401,""errorMessage"":{""message"":""Please Login and Try Again""}}"
485,GROWW_ERROR,CPEDU,INE0P6P01016,CAREER POINT EDUTECH LTD,NSE_EQ|INE0P6P01016,,,,,,,,,,,,,,,,,,,,,,,,,"Groww HTTP 401: {""errorCode"":401,""errorMessage"":{""message"":""Please Login and Try Again""}}"
484,GROWW_ERROR,CPCAP,INE521J01018,CP CAPITAL LIMITED,NSE_EQ|INE521J01018,,,,,,,,,,,,,,,,,,,,,,,,,"Groww HTTP 401: {""errorCode"":401,""errorMessage"":{""message"":""Please Login and Try Again""}}"
483,GROWW_ERROR,COUNCODOS,INE695B01025,COUNTRY CONDO S LIMITED,NSE_EQ|INE695B01025,,,,,,,,,,,,,,,,,,,,,,,,,"Groww HTTP 401: {""errorCode"":401,""errorMessage"":{""message"":""Please Login and Try Again""}}"
482,GROWW_ERROR,COSMOFIRST,INE757A01017,COSMO FIRST LIMITED,NSE_EQ|INE757A01017,,,,,,,,,,,,,,,,,,,,,,,,,"Groww HTTP 401: {""errorCode"":401,""errorMessage"":{""message"":""Please Login and Try Again""}}"
481,GROWW_ERROR,CORONA,INE02ZQ01018,CORONA REMEDIES LIMITED,NSE_EQ|INE02ZQ01018,,,,,,,,,,,,,,,,,,,,,,,,,"Groww HTTP 401: {""errorCode"":401,""errorMessage"":{""message"":""Please Login and Try Again""}}"
480,GROWW_ERROR,COROMANDEL,INE169A01031,COROMANDEL INTERNTL. LTD,NSE_EQ|INE169A01031,,,,,,,,,,,,,,,,,,,,,,,,,"Groww HTTP 401: {""errorCode"":401,""errorMessage"":{""message"":""Please Login and Try Again""}}"
479,GROWW_ERROR,CORDSCABLE,INE792I01017,CORDS CABLE INDUS LTD.,NSE_EQ|INE792I01017,,,,,,,,,,,,,,,,,,,,,,,,,"Groww HTTP 401: {""errorCode"":401,""errorMessage"":{""message"":""Please Login and Try Again""}}"
478,GROWW_ERROR,CORALFINAC,INE558D01021,CORAL INDIA FIN & HOUS LT,NSE_EQ|INE558D01021,,,,,,,,,,,,,,,,,,,,,,,,,"Groww HTTP 401: {""errorCode"":401,""errorMessage"":{""message"":""Please Login and Try Again""}}"
477,GROWW_ERROR,CONTROLPR,INE663B01015,CONTROL PRINT LIMITED,NSE_EQ|INE663B01015,,,,,,,,,,,,,,,,,,,,,,,,,"Groww HTTP 401: {""errorCode"":401,""errorMessage"":{""message"":""Please Login and Try Again""}}"
476,GROWW_ERROR,CONSOFINVT,INE025A01027,CONSO. FIN. & HOLD. LTD.,NSE_EQ|INE025A01027,,,,,,,,,,,,,,,,,,,,,,,,,"Groww HTTP 401: {""errorCode"":401,""errorMessage"":{""message"":""Please Login and Try Again""}}"
475,GROWW_ERROR,CONFIPET,INE552D01024,CONFIDENCE PETRO IND LTD.,NSE_EQ|INE552D01024,,,,,,,,,,,,,,,,,,,,,,,,,"Groww HTTP 401: {""errorCode"":401,""errorMessage"":{""message"":""Please Login and Try Again""}}"
474,GROWW_ERROR,CONCORDBIO,INE338H01029,CONCORD BIOTECH LIMITED,NSE_EQ|INE338H01029,,,,,,,,,,,,,,,,,,,,,,,,,"Groww HTTP 401: {""errorCode"":401,""errorMessage"":{""message"":""Please Login and Try Again""}}"
473,GROWW_ERROR,CONCOR,INE111A01025,CONTAINER CORP OF IND LTD,NSE_EQ|INE111A01025,,,,,,,,,,,,,,,,,,,,,,,,,"Groww HTTP 401: {""errorCode"":401,""errorMessage"":{""message"":""Please Login and Try Again""}}"
472,GROWW_ERROR,COMSYN,INE073V01015,COMMERCIAL SYN BAGS LTD,NSE_EQ|INE073V01015,,,,,,,,,,,,,,,,,,,,,,,,,"Groww HTTP 401: {""errorCode"":401,""errorMessage"":{""message"":""Please Login and Try Again""}}"
471,GROWW_ERROR,COMPUSOFT,INE453B01029,COMPUCOM SOFTWARE LTD,NSE_EQ|INE453B01029,,,,,,,,,,,,,,,,,,,,,,,,,"Groww HTTP 401: {""errorCode"":401,""errorMessage"":{""message"":""Please Login and Try Again""}}"
470,GROWW_ERROR,COMPINFO,INE070C01037,COMPUAGE INFOCOM LTD,NSE_EQ|INE070C01037,,,,,,,,,,,,,,,,,,,,,,,,,"Groww HTTP 401: {""errorCode"":401,""errorMessage"":{""message"":""Please Login and Try Again""}}"
469,GROWW_ERROR,COMFINTE,INE819A01049,COMFORT INTECH LTD.,NSE_EQ|INE819A01049,,,,,,,,,,,,,,,,,,,,,,,,,"Groww HTTP 401: {""errorCode"":401,""errorMessage"":{""message"":""Please Login and Try Again""}}"
468,GROWW_ERROR,COLPAL,INE259A01022,COLGATE PALMOLIVE LTD.,NSE_EQ|INE259A01022,,,,,,,,,,,,,,,,,,,,,,,,,"Groww HTTP 401: {""errorCode"":401,""errorMessage"":{""message"":""Please Login and Try Again""}}"
467,GROWW_ERROR,COHANCE,INE03QK01018,COHANCE LIFESCIENCES LTD,NSE_EQ|INE03QK01018,,,,,,,,,,,,,,,,,,,,,,,,,"Groww HTTP 401: {""errorCode"":401,""errorMessage"":{""message"":""Please Login and Try Again""}}"
466,GROWW_ERROR,COFORGE,INE591G01025,COFORGE LIMITED,NSE_EQ|INE591G01025,,,,,,,,,,,,,,,,,,,,,,,,,"Groww HTTP 401: {""errorCode"":401,""errorMessage"":{""message"":""Please Login and Try Again""}}"
465,GROWW_ERROR,COFFEEDAY,INE335K01011,COFFEE DAY ENTERPRISE LTD,NSE_EQ|INE335K01011,,,,,,,,,,,,,,,,,,,,,,,,,"Groww HTTP 401: {""errorCode"":401,""errorMessage"":{""message"":""Please Login and Try Again""}}"
464,GROWW_ERROR,COCKERILL,INE515A01019,JOHN COCKERILL INDIA LTD.,NSE_EQ|INE515A01019,,,,,,,,,,,,,,,,,,,,,,,,,"Groww HTTP 401: {""errorCode"":401,""errorMessage"":{""message"":""Please Login and Try Again""}}"
463,GROWW_ERROR,COCHINSHIP,INE704P01025,COCHIN SHIPYARD LIMITED,NSE_EQ|INE704P01025,,,,,,,,,,,,,,,,,,,,,,,,,"Groww HTTP 401: {""errorCode"":401,""errorMessage"":{""message"":""Please Login and Try Again""}}"
462,GROWW_ERROR,COASTCORP,INE377E01024,COASTAL CORPORATION LTD,NSE_EQ|INE377E01024,,,,,,,,,,,,,,,,,,,,,,,,,"Groww HTTP 401: {""errorCode"":401,""errorMessage"":{""message"":""Please Login and Try Again""}}"
461,GROWW_ERROR,COALINDIA,INE522F01014,COAL INDIA LTD,NSE_EQ|INE522F01014,,,,,,,,,,,,,,,,,,,,,,,,,"Groww HTTP 401: {""errorCode"":401,""errorMessage"":{""message"":""Please Login and Try Again""}}"
460,GROWW_ERROR,CNL,INE985W01018,CREATIVE NEWTECH LIMITED,NSE_EQ|INE985W01018,,,,,,,,,,,,,,,,,,,,,,,,,"Groww HTTP 401: {""errorCode"":401,""errorMessage"":{""message"":""Please Login and Try Again""}}"
459,GROWW_ERROR,CMSINFO,INE925R01014,CMS INFO SYSTEMS LIMITED,NSE_EQ|INE925R01014,,,,,,,,,,,,,,,,,,,,,,,,,"Groww HTTP 401: {""errorCode"":401,""errorMessage"":{""message"":""Please Login and Try Again""}}"
458,GROWW_ERROR,CMRGREEN,INE00WV01027,CMR GREEN TECHNOLOGIES L,NSE_EQ|INE00WV01027,,,,,,,,,,,,,,,,,,,,,,,,,"Groww HTTP 401: {""errorCode"":401,""errorMessage"":{""message"":""Please Login and Try Again""}}"
457,GROWW_ERROR,CMPDI,INE05HV01027,CENTRAL MINE P N D INST L,NSE_EQ|INE05HV01027,,,,,,,,,,,,,,,,,,,,,,,,,"Groww HTTP 401: {""errorCode"":401,""errorMessage"":{""message"":""Please Login and Try Again""}}"
456,GROWW_ERROR,CLSEL,INE419D01026,CHAMAN LAL SETIA EXP LTD,NSE_EQ|INE419D01026,,,,,,,,,,,,,,,,,,,,,,,,,"Groww HTTP 401: {""errorCode"":401,""errorMessage"":{""message"":""Please Login and Try Again""}}"
455,GROWW_ERROR,CLEDUCATE,INE201M01029,CL EDUCATE LIMITED,NSE_EQ|INE201M01029,,,,,,,,,,,,,,,,,,,,,,,,,"Groww HTTP 401: {""errorCode"":401,""errorMessage"":{""message"":""Please Login and Try Again""}}"
454,GROWW_ERROR,CLEANMAX,INE647U01026,CLEAN MAX ENVIRO EN SOL L,NSE_EQ|INE647U01026,,,,,,,,,,,,,,,,,,,,,,,,,"Groww HTTP 401: {""errorCode"":401,""errorMessage"":{""message"":""Please Login and Try Again""}}"
453,GROWW_ERROR,CLEAN,INE227W01023,CLEAN SCIENCE & TECH LTD,NSE_EQ|INE227W01023,,,,,,,,,,,,,,,,,,,,,,,,,"Groww HTTP 401: {""errorCode"":401,""errorMessage"":{""message"":""Please Login and Try Again""}}"
452,GROWW_ERROR,CIPLA,INE059A01026,CIPLA LTD,NSE_EQ|INE059A01026,,,,,,,,,,,,,,,,,,,,,,,,,"Groww HTTP 401: {""errorCode"":401,""errorMessage"":{""message"":""Please Login and Try Again""}}"
451,GROWW_ERROR,CINEVISTA,INE039B01026,CINEVISTA LIMITED,NSE_EQ|INE039B01026,,,,,,,,,,,,,,,,,,,,,,,,,"Groww HTTP 401: {""errorCode"":401,""errorMessage"":{""message"":""Please Login and Try Again""}}"
450,GROWW_ERROR,CINELINE,INE704H01022,CINELINE INDIA LIMITED,NSE_EQ|INE704H01022,,,,,,,,,,,,,,,,,,,,,,,,,"Groww HTTP 401: {""errorCode"":401,""errorMessage"":{""message"":""Please Login and Try Again""}}"
449,GROWW_ERROR,CIFL,INE345H01024,CAPITAL INDIA FINANCE LTD,NSE_EQ|INE345H01024,,,,,,,,,,,,,,,,,,,,,,,,,"Groww HTTP 401: {""errorCode"":401,""errorMessage"":{""message"":""Please Login and Try Again""}}"
448,GROWW_ERROR,CIEINDIA,INE536H01010,CIE AUTOMOTIVE INDIA LTD,NSE_EQ|INE536H01010,,,,,,,,,,,,,,,,,,,,,,,,,"Groww HTTP 401: {""errorCode"":401,""errorMessage"":{""message"":""Please Login and Try Again""}}"
447,GROWW_ERROR,CHOLAHLDNG,INE149A01033,CHOLAMANDALAM FIN HOL LTD,NSE_EQ|INE149A01033,,,,,,,,,,,,,,,,,,,,,,,,,"Groww HTTP 401: {""errorCode"":401,""errorMessage"":{""message"":""Please Login and Try Again""}}"
446,GROWW_ERROR,CHOLAFIN,INE121A01024,CHOLAMANDALAM IN & FIN CO,NSE_EQ|INE121A01024,,,,,,,,,,,,,,,,,,,,,,,,,"Groww HTTP 401: {""errorCode"":401,""errorMessage"":{""message"":""Please Login and Try Again""}}"
445,GROWW_ERROR,CHOICEIN,INE102B01014,CHOICE INTERNATIONAL LTD,NSE_EQ|INE102B01014,,,,,,,,,,,,,,,,,,,,,,,,,"Groww HTTP 401: {""errorCode"":401,""errorMessage"":{""message"":""Please Login and Try Again""}}"
444,GROWW_ERROR,CHEVIOT,INE974B01016,CHEVIOT COMPANY LIMITED,NSE_EQ|INE974B01016,,,,,,,,,,,,,,,,,,,,,,,,,"Groww HTTP 401: {""errorCode"":401,""errorMessage"":{""message"":""Please Login and Try Again""}}"
443,GROWW_ERROR,CHENNPETRO,INE178A01016,CHENNAI PETROLEUM CORP LT,NSE_EQ|INE178A01016,,,,,,,,,,,,,,,,,,,,,,,,,"Groww HTTP 401: {""errorCode"":401,""errorMessage"":{""message"":""Please Login and Try Again""}}"
442,GROWW_ERROR,CHEMPLASTS,INE488A01050,CHEMPLAST SANMAR LIMITED,NSE_EQ|INE488A01050,,,,,,,,,,,,,,,,,,,,,,,,,"Groww HTTP 401: {""errorCode"":401,""errorMessage"":{""message"":""Please Login and Try Again""}}"
441,GROWW_ERROR,CHEMFAB,INE783X01023,CHEMFAB ALKALIS LIMITED,NSE_EQ|INE783X01023,,,,,,,,,,,,,,,,,,,,,,,,,"Groww HTTP 401: {""errorCode"":401,""errorMessage"":{""message"":""Please Login and Try Again""}}"
440,GROWW_ERROR,CHEMCON,INE03YM01018,CHEMCON SPECIAL CHEM LTD,NSE_EQ|INE03YM01018,,,,,,,,,,,,,,,,,,,,,,,,,"Groww HTTP 401: {""errorCode"":401,""errorMessage"":{""message"":""Please Login and Try Again""}}"
439,GROWW_ERROR,CHEMBONDCH,INE0TGX01019,CHEMBOND CHEMICAL LIMITED,NSE_EQ|INE0TGX01019,,,,,,,,,,,,,,,,,,,,,,,,,"Groww HTTP 401: {""errorCode"":401,""errorMessage"":{""message"":""Please Login and Try Again""}}"
438,GROWW_ERROR,CHEMBOND,INE995D01025,CHEMBOND MATERIALTECH LTD,NSE_EQ|INE995D01025,,,,,,,,,,,,,,,,,,,,,,,,,"Groww HTTP 401: {""errorCode"":401,""errorMessage"":{""message"":""Please Login and Try Again""}}"
437,GROWW_ERROR,CHAMBLFERT,INE085A01013,CHAMBAL FERTILIZERS LTD,NSE_EQ|INE085A01013,,,,,,,,,,,,,,,,,,,,,,,,,"Groww HTTP 401: {""errorCode"":401,""errorMessage"":{""message"":""Please Login and Try Again""}}"
436,GROWW_ERROR,CHALET,INE427F01016,CHALET HOTELS LIMITED,NSE_EQ|INE427F01016,,,,,,,,,,,,,,,,,,,,,,,,,"Groww HTTP 401: {""errorCode"":401,""errorMessage"":{""message"":""Please Login and Try Again""}}"
435,GROWW_ERROR,CGPOWER,INE067A01029,CG POWER AND IND SOL LTD,NSE_EQ|INE067A01029,,,,,,,,,,,,,,,,,,,,,,,,,"Groww HTTP 401: {""errorCode"":401,""errorMessage"":{""message"":""Please Login and Try Again""}}"
434,GROWW_ERROR,CGCL,INE180C01042,CAPRI GLOBAL CAPITAL LTD,NSE_EQ|INE180C01042,,,,,,,,,,,,,,,,,,,,,,,,,"Groww HTTP 401: {""errorCode"":401,""errorMessage"":{""message"":""Please Login and Try Again""}}"
433,GROWW_ERROR,CEWATER,INE037Z01029,CONCORD ENVIRO SYSTEMS L,NSE_EQ|INE037Z01029,,,,,,,,,,,,,,,,,,,,,,,,,"Groww HTTP 401: {""errorCode"":401,""errorMessage"":{""message"":""Please Login and Try Again""}}"
432,GROWW_ERROR,CESC,INE486A01021,CESC LTD,NSE_EQ|INE486A01021,,,,,,,,,,,,,,,,,,,,,,,,,"Groww HTTP 401: {""errorCode"":401,""errorMessage"":{""message"":""Please Login and Try Again""}}"
431,GROWW_ERROR,CEREBRAINT,INE345B01019,CEREBRA INT TECH LTD,NSE_EQ|INE345B01019,,,,,,,,,,,,,,,,,,,,,,,,,"Groww HTTP 401: {""errorCode"":401,""errorMessage"":{""message"":""Please Login and Try Again""}}"
430,GROWW_ERROR,CERA,INE739E01017,CERA SANITARYWARE LTD,NSE_EQ|INE739E01017,,,,,,,,,,,,,,,,,,,,,,,,,"Groww HTTP 401: {""errorCode"":401,""errorMessage"":{""message"":""Please Login and Try Again""}}"
429,GROWW_ERROR,CENTURYPLY,INE348B01021,CENTURY PLYBOARDS (I) LTD,NSE_EQ|INE348B01021,,,,,,,,,,,,,,,,,,,,,,,,,"Groww HTTP 401: {""errorCode"":401,""errorMessage"":{""message"":""Please Login and Try Again""}}"
428,GROWW_ERROR,CENTUM,INE320B01020,CENTUM ELECTRONICS LTD,NSE_EQ|INE320B01020,,,,,,,,,,,,,,,,,,,,,,,,,"Groww HTTP 401: {""errorCode"":401,""errorMessage"":{""message"":""Please Login and Try Again""}}"
427,GROWW_ERROR,CENTRUM,INE660C01027,CENTRUM CAPITAL LIMITED,NSE_EQ|INE660C01027,,,,,,,,,,,,,,,,,,,,,,,,,"Groww HTTP 401: {""errorCode"":401,""errorMessage"":{""message"":""Please Login and Try Again""}}"
426,GROWW_ERROR,CENTRALBK,INE483A01010,CENTRAL BANK OF INDIA,NSE_EQ|INE483A01010,,,,,,,,,,,,,,,,,,,,,,,,,"Groww HTTP 401: {""errorCode"":401,""errorMessage"":{""message"":""Please Login and Try Again""}}"
425,GROWW_ERROR,CENTEXT,INE281A01026,CENTURY EXTRUSIONS LTD,NSE_EQ|INE281A01026,,,,,,,,,,,,,,,,,,,,,,,,,"Groww HTTP 401: {""errorCode"":401,""errorMessage"":{""message"":""Please Login and Try Again""}}"
424,GROWW_ERROR,CENTENKA,INE485A01015,CENTURY ENKA LTD,NSE_EQ|INE485A01015,,,,,,,,,,,,,,,,,,,,,,,,,"Groww HTTP 401: {""errorCode"":401,""errorMessage"":{""message"":""Please Login and Try Again""}}"
423,GROWW_ERROR,CEMPRO,INE686A01026,CEMINDIA PROJECTS LIMITED,NSE_EQ|INE686A01026,,,,,,,,,,,,,,,,,,,,,,,,,"Groww HTTP 401: {""errorCode"":401,""errorMessage"":{""message"":""Please Login and Try Again""}}"
422,GROWW_ERROR,CELLO,INE0LMW01024,CELLO WORLD LIMITED,NSE_EQ|INE0LMW01024,,,,,,,,,,,,,,,,,,,,,,,,,"Groww HTTP 401: {""errorCode"":401,""errorMessage"":{""message"":""Please Login and Try Again""}}"
421,GROWW_ERROR,CELEBRITY,INE185H01016,CELEBRITY FASHIONS LTD,NSE_EQ|INE185H01016,,,,,,,,,,,,,,,,,,,,,,,,,"Groww HTTP 401: {""errorCode"":401,""errorMessage"":{""message"":""Please Login and Try Again""}}"
420,GROWW_ERROR,CEINSYS,INE016Q01014,CEINSYS TECH LIMITED,NSE_EQ|INE016Q01014,,,,,,,,,,,,,,,,,,,,,,,,,"Groww HTTP 401: {""errorCode"":401,""errorMessage"":{""message"":""Please Login and Try Again""}}"
419,GROWW_ERROR,CEIGALL,INE0AG901020,CEIGALL INDIA LIMITED,NSE_EQ|INE0AG901020,,,,,,,,,,,,,,,,,,,,,,,,,"Groww HTTP 401: {""errorCode"":401,""errorMessage"":{""message"":""Please Login and Try Again""}}"
418,GROWW_ERROR,CEATLTD,INE482A01020,CEAT LIMITED,NSE_EQ|INE482A01020,,,,,,,,,,,,,,,,,,,,,,,,,"Groww HTTP 401: {""errorCode"":401,""errorMessage"":{""message"":""Please Login and Try Again""}}"
417,GROWW_ERROR,CDSL,INE736A01011,CENTRAL DEPO SER (I) LTD,NSE_EQ|INE736A01011,,,,,,,,,,,,,,,,,,,,,,,,,"Groww HTTP 401: {""errorCode"":401,""errorMessage"":{""message"":""Please Login and Try Again""}}"
416,GROWW_ERROR,CCL,INE421D01022,CCL PRODUCTS (I) LTD,NSE_EQ|INE421D01022,,,,,,,,,,,,,,,,,,,,,,,,,"Groww HTTP 401: {""errorCode"":401,""errorMessage"":{""message"":""Please Login and Try Again""}}"
415,GROWW_ERROR,CCHHL,INE652F01027,COUNTRY CLUB HOSP HOL LTD,NSE_EQ|INE652F01027,,,,,,,,,,,,,,,,,,,,,,,,,"Groww HTTP 401: {""errorCode"":401,""errorMessage"":{""message"":""Please Login and Try Again""}}"
414,GROWW_ERROR,CCCL,INE429I01024,CONS. CONST. CONSORT LTD,NSE_EQ|INE429I01024,,,,,,,,,,,,,,,,,,,,,,,,,"Groww HTTP 401: {""errorCode"":401,""errorMessage"":{""message"":""Please Login and Try Again""}}"
413,GROWW_ERROR,CCAVENUE,INE483S01020,AVENUESAI LIMITED,NSE_EQ|INE483S01020,,,,,,,,,,,,,,,,,,,,,,,,,"Groww HTTP 401: {""errorCode"":401,""errorMessage"":{""message"":""Please Login and Try Again""}}"
412,GROWW_ERROR,CASTROLIND,INE172A01027,CASTROL INDIA LIMITED,NSE_EQ|INE172A01027,,,,,,,,,,,,,,,,,,,,,,,,,"Groww HTTP 401: {""errorCode"":401,""errorMessage"":{""message"":""Please Login and Try Again""}}"
411,GROWW_ERROR,CARYSIL,INE482D01024,CARYSIL LIMITED,NSE_EQ|INE482D01024,,,,,,,,,,,,,,,,,,,,,,,,,"Groww HTTP 401: {""errorCode"":401,""errorMessage"":{""message"":""Please Login and Try Again""}}"
410,GROWW_ERROR,CARTRADE,INE290S01011,CARTRADE TECH LIMITED,NSE_EQ|INE290S01011,,,,,,,,,,,,,,,,,,,,,,,,,"Groww HTTP 401: {""errorCode"":401,""errorMessage"":{""message"":""Please Login and Try Again""}}"
409,GROWW_ERROR,CARRARO,INE0V7W01012,CARRARO INDIA LIMITED,NSE_EQ|INE0V7W01012,,,,,,,,,,,,,,,,,,,,,,,,,"Groww HTTP 401: {""errorCode"":401,""errorMessage"":{""message"":""Please Login and Try Again""}}"
408,GROWW_ERROR,CARERATING,INE752H01013,CARE RATINGS LIMITED,NSE_EQ|INE752H01013,,,,,,,,,,,,,,,,,,,,,,,,,"Groww HTTP 401: {""errorCode"":401,""errorMessage"":{""message"":""Please Login and Try Again""}}"
407,GROWW_ERROR,CARBORUNIV,INE120A01034,CARBORUNDUM UNIVERSAL LTD,NSE_EQ|INE120A01034,,,,,,,,,,,,,,,,,,,,,,,,,"Groww HTTP 401: {""errorCode"":401,""errorMessage"":{""message"":""Please Login and Try Again""}}"
406,GROWW_ERROR,CAPTRUST,INE707C01018,CAPITAL TRUST LIMITED,NSE_EQ|INE707C01018,,,,,,,,,,,,,,,,,,,,,,,,,"Groww HTTP 401: {""errorCode"":401,""errorMessage"":{""message"":""Please Login and Try Again""}}"
405,GROWW_ERROR,CAPLIPOINT,INE475E01026,CAPLIN POINT LAB LTD.,NSE_EQ|INE475E01026,,,,,,,,,,,,,,,,,,,,,,,,,"Groww HTTP 401: {""errorCode"":401,""errorMessage"":{""message"":""Please Login and Try Again""}}"
404,GROWW_ERROR,CAPITALSFB,INE646H01017,CAPITAL SMALL FIN BANK L,NSE_EQ|INE646H01017,,,,,,,,,,,,,,,,,,,,,,,,,"Groww HTTP 401: {""errorCode"":401,""errorMessage"":{""message"":""Please Login and Try Again""}}"
403,GROWW_ERROR,CAPILLARY,INE0ILV01024,CAPILLARY TECHNO INDIA L,NSE_EQ|INE0ILV01024,,,,,,,,,,,,,,,,,,,,,,,,,"Groww HTTP 401: {""errorCode"":401,""errorMessage"":{""message"":""Please Login and Try Again""}}"
402,GROWW_ERROR,CAPACITE,INE264T01014,CAPACITE INFRAPROJECT LTD,NSE_EQ|INE264T01014,,,,,,,,,,,,,,,,,,,,,,,,,"Groww HTTP 401: {""errorCode"":401,""errorMessage"":{""message"":""Please Login and Try Again""}}"
401,GROWW_ERROR,CANTABIL,INE068L01024,CANTABIL RETAIL LTD,NSE_EQ|INE068L01024,,,,,,,,,,,,,,,,,,,,,,,,,"Groww HTTP 401: {""errorCode"":401,""errorMessage"":{""message"":""Please Login and Try Again""}}"
400,GROWW_ERROR,CANHLIFE,INE01TY01017,CANARA HSBC LIFE INS CO L,NSE_EQ|INE01TY01017,,,,,,,,,,,,,,,,,,,,,,,,,"Groww HTTP 401: {""errorCode"":401,""errorMessage"":{""message"":""Please Login and Try Again""}}"
399,GROWW_ERROR,CANFINHOME,INE477A01020,CAN FIN HOMES LTD,NSE_EQ|INE477A01020,,,,,,,,,,,,,,,,,,,,,,,,,"Groww HTTP 401: {""errorCode"":401,""errorMessage"":{""message"":""Please Login and Try Again""}}"
398,GROWW_ERROR,CANBK,INE476A01022,CANARA BANK,NSE_EQ|INE476A01022,,,,,,,,,,,,,,,,,,,,,,,,,"Groww HTTP 401: {""errorCode"":401,""errorMessage"":{""message"":""Please Login and Try Again""}}"
397,GROWW_ERROR,CAMS,INE596I01020,COMPUTER AGE MNGT SER LTD,NSE_EQ|INE596I01020,,,,,,,,,,,,,,,,,,,,,,,,,"Groww HTTP 401: {""errorCode"":401,""errorMessage"":{""message"":""Please Login and Try Again""}}"
396,GROWW_ERROR,CAMPUS,INE278Y01022,CAMPUS ACTIVEWEAR LIMITED,NSE_EQ|INE278Y01022,,,,,,,,,,,,,,,,,,,,,,,,,"Groww HTTP 401: {""errorCode"":401,""errorMessage"":{""message"":""Please Login and Try Again""}}"
395,GROWW_ERROR,CAMLINFINE,INE052I01032,CAMLIN FINE SCIENCES LTD,NSE_EQ|INE052I01032,,,,,,,,,,,,,,,,,,,,,,,,,"Groww HTTP 401: {""errorCode"":401,""errorMessage"":{""message"":""Please Login and Try Again""}}"
394,GROWW_ERROR,CALSOFT,INE526B01014,CALIFORNIA SOFTWARE CO LT,NSE_EQ|INE526B01014,,,,,,,,,,,,,,,,,,,,,,,,,"Groww HTTP 401: {""errorCode"":401,""errorMessage"":{""message"":""Please Login and Try Again""}}"
393,GROWW_ERROR,BYKE,INE319B01014,THE BYKE HOSPITALITY LTD,NSE_EQ|INE319B01014,,,,,,,,,,,,,,,,,,,,,,,,,"Groww HTTP 401: {""errorCode"":401,""errorMessage"":{""message"":""Please Login and Try Again""}}"
392,GROWW_ERROR,BVCL,INE139I01011,BARAK VALLEY CEM. LTD.,NSE_EQ|INE139I01011,,,,,,,,,,,,,,,,,,,,,,,,,"Groww HTTP 401: {""errorCode"":401,""errorMessage"":{""message"":""Please Login and Try Again""}}"
391,GROWW_ERROR,BUTTERFLY,INE295F01017,BTRFLY GANDHI APPL LTD,NSE_EQ|INE295F01017,,,,,,,,,,,,,,,,,,,,,,,,,"Groww HTTP 401: {""errorCode"":401,""errorMessage"":{""message"":""Please Login and Try Again""}}"
390,GROWW_ERROR,BUILDPRO,INE24OJ01011,SHANKARA BUILDPRO LIMITED,NSE_EQ|INE24OJ01011,,,,,,,,,,,,,,,,,,,,,,,,,"Groww HTTP 401: {""errorCode"":401,""errorMessage"":{""message"":""Please Login and Try Again""}}"
389,GROWW_ERROR,BTTL,INE274K01012,BHILWARA TECHNICAL TEXT L,NSE_EQ|INE274K01012,,,,,,,,,,,,,,,,,,,,,,,,,"Groww HTTP 401: {""errorCode"":401,""errorMessage"":{""message"":""Please Login and Try Again""}}"
388,GROWW_ERROR,BTML,INE0EEJ01023,BODHI TREE MULTIMEDIA LTD,NSE_EQ|INE0EEJ01023,,,,,,,,,,,,,,,,,,,,,,,,,"Groww HTTP 401: {""errorCode"":401,""errorMessage"":{""message"":""Please Login and Try Again""}}"
387,GROWW_ERROR,BSOFT,INE836A01035,BIRLASOFT LIMITED,NSE_EQ|INE836A01035,,,,,,,,,,,,,,,,,,,,,,,,,"Groww HTTP 401: {""errorCode"":401,""errorMessage"":{""message"":""Please Login and Try Again""}}"
386,GROWW_ERROR,BSL,INE594B01012,BSL LTD,NSE_EQ|INE594B01012,,,,,,,,,,,,,,,,,,,,,,,,,"Groww HTTP 401: {""errorCode"":401,""errorMessage"":{""message"":""Please Login and Try Again""}}"
385,GROWW_ERROR,BSHSL,INE032Z01020,BOMBAY SUPER HYBRID SEEDS,NSE_EQ|INE032Z01020,,,,,,,,,,,,,,,,,,,,,,,,,"Groww HTTP 401: {""errorCode"":401,""errorMessage"":{""message"":""Please Login and Try Again""}}"
384,GROWW_ERROR,BSE,INE118H01025,BSE LIMITED,NSE_EQ|INE118H01025,,,,,,,,,,,,,,,,,,,,,,,,,"Groww HTTP 401: {""errorCode"":401,""errorMessage"":{""message"":""Please Login and Try Again""}}"
383,GROWW_ERROR,BROOKS,INE650L01011,BROOKS LAB LIMITED,NSE_EQ|INE650L01011,,,,,,,,,,,,,,,,,,,,,,,,,"Groww HTTP 401: {""errorCode"":401,""errorMessage"":{""message"":""Please Login and Try Again""}}"
382,GROWW_ERROR,BRNL,INE727S01012,BHARAT ROAD NETWORK LTD,NSE_EQ|INE727S01012,,,,,,,,,,,,,,,,,,,,,,,,,"Groww HTTP 401: {""errorCode"":401,""errorMessage"":{""message"":""Please Login and Try Again""}}"
381,GROWW_ERROR,BRITANNIA,INE216A01030,BRITANNIA INDUSTRIES LTD,NSE_EQ|INE216A01030,,,,,,,,,,,,,,,,,,,,,,,,,"Groww HTTP 401: {""errorCode"":401,""errorMessage"":{""message"":""Please Login and Try Again""}}"
380,GROWW_ERROR,BRIGHOTEL,INE03NU01014,BRIGADE HOTEL VENTURE LTD,NSE_EQ|INE03NU01014,,,,,,,,,,,,,,,,,,,,,,,,,"Groww HTTP 401: {""errorCode"":401,""errorMessage"":{""message"":""Please Login and Try Again""}}"
379,GROWW_ERROR,BRIGADE,INE791I01019,BRIGADE ENTER. LTD,NSE_EQ|INE791I01019,,,,,,,,,,,,,,,,,,,,,,,,,"Groww HTTP 401: {""errorCode"":401,""errorMessage"":{""message"":""Please Login and Try Again""}}"
378,GROWW_ERROR,BPL,INE110A01019,BPL LTD,NSE_EQ|INE110A01019,,,,,,,,,,,,,,,,,,,,,,,,,"Groww HTTP 401: {""errorCode"":401,""errorMessage"":{""message"":""Please Login and Try Again""}}"
377,GROWW_ERROR,BPCL,INE029A01011,BHARAT PETROLEUM CORP  LT,NSE_EQ|INE029A01011,,,,,,,,,,,,,,,,,,,,,,,,,"Groww HTTP 401: {""errorCode"":401,""errorMessage"":{""message"":""Please Login and Try Again""}}"
376,GROWW_ERROR,BOSCHLTD,INE323A01026,BOSCH LIMITED,NSE_EQ|INE323A01026,,,,,,,,,,,,,,,,,,,,,,,,,"Groww HTTP 401: {""errorCode"":401,""errorMessage"":{""message"":""Please Login and Try Again""}}"
375,GROWW_ERROR,BOSCH-HCIL,INE782A01015,BOSCH HOME COMFRT IND LTD,NSE_EQ|INE782A01015,,,,,,,,,,,,,,,,,,,,,,,,,"Groww HTTP 401: {""errorCode"":401,""errorMessage"":{""message"":""Please Login and Try Again""}}"
374,GROWW_ERROR,BOROSCI,INE02L001032,BOROSIL SCIENTIFIC LTD,NSE_EQ|INE02L001032,,,,,,,,,,,,,,,,,,,,,,,,,"Groww HTTP 401: {""errorCode"":401,""errorMessage"":{""message"":""Please Login and Try Again""}}"
373,GROWW_ERROR,BORORENEW,INE666D01022,BOROSIL RENEWABLES LTD,NSE_EQ|INE666D01022,,,,,,,,,,,,,,,,,,,,,,,,,"Groww HTTP 401: {""errorCode"":401,""errorMessage"":{""message"":""Please Login and Try Again""}}"
372,GROWW_ERROR,BOROLTD,INE02PY01013,BOROSIL LIMITED,NSE_EQ|INE02PY01013,,,,,,,,,,,,,,,,,,,,,,,,,"Groww HTTP 401: {""errorCode"":401,""errorMessage"":{""message"":""Please Login and Try Again""}}"
371,GROWW_ERROR,BORANA,INE16SF01016,BORANA WEAVES LIMITED,NSE_EQ|INE16SF01016,,,,,,,,,,,,,,,,,,,,,,,,,"Groww HTTP 401: {""errorCode"":401,""errorMessage"":{""message"":""Please Login and Try Again""}}"
370,GROWW_ERROR,BONLON,INE0B9A01018,BONLON INDUSTRIES LIMITED,NSE_EQ|INE0B9A01018,,,,,,,,,,,,,,,,,,,,,,,,,"Groww HTTP 401: {""errorCode"":401,""errorMessage"":{""message"":""Please Login and Try Again""}}"
369,GROWW_ERROR,BOMDYEING,INE032A01023,BOMBAY DYEING & MFG. CO L,NSE_EQ|INE032A01023,,,,,,,,,,,,,,,,,,,,,,,,,"Groww HTTP 401: {""errorCode"":401,""errorMessage"":{""message"":""Please Login and Try Again""}}"
368,GROWW_ERROR,BOHRAIND,INE802W01023,BOHRA INDUSTRIES LIMITED,NSE_EQ|INE802W01023,,,,,,,,,,,,,,,,,,,,,,,,,"Groww HTTP 401: {""errorCode"":401,""errorMessage"":{""message"":""Please Login and Try Again""}}"
367,GROWW_ERROR,BODALCHEM,INE338D01028,BODAL CHEMICALS LTD,NSE_EQ|INE338D01028,,,,,,,,,,,,,,,,,,,,,,,,,"Groww HTTP 401: {""errorCode"":401,""errorMessage"":{""message"":""Please Login and Try Again""}}"
366,GROWW_ERROR,BNALTD,INE489D01011,B & A LTD.,NSE_EQ|INE489D01011,,,,,,,,,,,,,,,,,,,,,,,,,"Groww HTTP 401: {""errorCode"":401,""errorMessage"":{""message"":""Please Login and Try Again""}}"
365,GROWW_ERROR,BNAGROCHEM,INE00HZ01011,BN AGROCHEM LTD.,NSE_EQ|INE00HZ01011,,,,,,,,,,,,,,,,,,,,,,,,,"Groww HTTP 401: {""errorCode"":401,""errorMessage"":{""message"":""Please Login and Try Again""}}"
364,GROWW_ERROR,BMWVENTLTD,INE965W01036,BMW VENTURES LIMITED,NSE_EQ|INE965W01036,,,,,,,,,,,,,,,,,,,,,,,,,"Groww HTTP 401: {""errorCode"":401,""errorMessage"":{""message"":""Please Login and Try Again""}}"
363,GROWW_ERROR,BLUSPRING,INE0U4101014,BLUSPRING ENTERPRISES LTD,NSE_EQ|INE0U4101014,,,,,,,,,,,,,,,,,,,,,,,,,"Groww HTTP 401: {""errorCode"":401,""errorMessage"":{""message"":""Please Login and Try Again""}}"
362,GROWW_ERROR,BLUESTONE,INE304W01038,BLUESTONE JEWEL LFSTL LTD,NSE_EQ|INE304W01038,,,,,,,,,,,,,,,,,,,,,,,,,"Groww HTTP 401: {""errorCode"":401,""errorMessage"":{""message"":""Please Login and Try Again""}}"
361,GROWW_ERROR,BLUESTARCO,INE472A01039,BLUE STAR LIMITED,NSE_EQ|INE472A01039,,,,,,,,,,,,,,,,,,,,,,,,,"Groww HTTP 401: {""errorCode"":401,""errorMessage"":{""message"":""Please Login and Try Again""}}"
360,GROWW_ERROR,BLUEJET,INE0KBH01020,BLUE JET HEALTHCARE LTD,NSE_EQ|INE0KBH01020,,,,,,,,,,,,,,,,,,,,,,,,,"Groww HTTP 401: {""errorCode"":401,""errorMessage"":{""message"":""Please Login and Try Again""}}"
359,GROWW_ERROR,BLUEDART,INE233B01017,BLUE DART EXPRESS LTD,NSE_EQ|INE233B01017,,,,,,,,,,,,,,,,,,,,,,,,,"Groww HTTP 401: {""errorCode"":401,""errorMessage"":{""message"":""Please Login and Try Again""}}"
358,GROWW_ERROR,BLUECOAST,INE472B01011,BLUE COAST HOTELS LIMITED,NSE_EQ|INE472B01011,,,,,,,,,,,,,,,,,,,,,,,,,"Groww HTTP 401: {""errorCode"":401,""errorMessage"":{""message"":""Please Login and Try Again""}}"
357,GROWW_ERROR,BLSE,INE0NLT01010,BLS E-SERVICES LIMITED,NSE_EQ|INE0NLT01010,,,,,,,,,,,,,,,,,,,,,,,,,"Groww HTTP 401: {""errorCode"":401,""errorMessage"":{""message"":""Please Login and Try Again""}}"
356,GROWW_ERROR,BLS,INE153T01027,BLS INTL SERVS LTD,NSE_EQ|INE153T01027,,,,,,,,,,,,,,,,,,,,,,,,,"Groww HTTP 401: {""errorCode"":401,""errorMessage"":{""message"":""Please Login and Try Again""}}"
355,GROWW_ERROR,BLKASHYAP,INE350H01032,B.L.KASHYAP & SON LTD,NSE_EQ|INE350H01032,,,,,,,,,,,,,,,,,,,,,,,,,"Groww HTTP 401: {""errorCode"":401,""errorMessage"":{""message"":""Please Login and Try Again""}}"
354,GROWW_ERROR,BLISSGVS,INE416D01022,BLISS GVS PHARMA LTD,NSE_EQ|INE416D01022,,,,,,,,,,,,,,,,,,,,,,,,,"Groww HTTP 401: {""errorCode"":401,""errorMessage"":{""message"":""Please Login and Try Again""}}"
353,GROWW_ERROR,BLIL,INE525F01025,BALMER LAWRIE INVSTS. L,NSE_EQ|INE525F01025,,,,,,,,,,,,,,,,,,,,,,,,,"Groww HTTP 401: {""errorCode"":401,""errorMessage"":{""message"":""Please Login and Try Again""}}"
352,GROWW_ERROR,BLBLIMITED,INE791A01024,BLB LIMITED,NSE_EQ|INE791A01024,,,,,,,,,,,,,,,,,,,,,,,,,"Groww HTTP 401: {""errorCode"":401,""errorMessage"":{""message"":""Please Login and Try Again""}}"
351,GROWW_ERROR,BLAL,INE0N7W01012,BEML LAND ASSETS LIMITED,NSE_EQ|INE0N7W01012,,,,,,,,,,,,,,,,,,,,,,,,,"Groww HTTP 401: {""errorCode"":401,""errorMessage"":{""message"":""Please Login and Try Again""}}"
350,GROWW_ERROR,BLACKROSE,INE761G01016,BLACK ROSE INDS. LTD.,NSE_EQ|INE761G01016,,,,,,,,,,,,,,,,,,,,,,,,,"Groww HTTP 401: {""errorCode"":401,""errorMessage"":{""message"":""Please Login and Try Again""}}"
349,GROWW_ERROR,BLACKBUCK,INE0UIZ01018,BLACKBUCK LIMITED,NSE_EQ|INE0UIZ01018,,,,,,,,,,,,,,,,,,,,,,,,,"Groww HTTP 401: {""errorCode"":401,""errorMessage"":{""message"":""Please Login and Try Again""}}"
348,GROWW_ERROR,BIRLAPREC,INE372E01025,BIRLA PRECISION TECH L,NSE_EQ|INE372E01025,,,,,,,,,,,,,,,,,,,,,,,,,"Groww HTTP 401: {""errorCode"":401,""errorMessage"":{""message"":""Please Login and Try Again""}}"
347,GROWW_ERROR,BIRLANU,INE557A01011,BIRLANU LIMITED,NSE_EQ|INE557A01011,,,,,,,,,,,,,,,,,,,,,,,,,"Groww HTTP 401: {""errorCode"":401,""errorMessage"":{""message"":""Please Login and Try Again""}}"
346,GROWW_ERROR,BIRLAMONEY,INE865C01022,ADITYA BIRLA MONEY LTD,NSE_EQ|INE865C01022,,,,,,,,,,,,,,,,,,,,,,,,,"Groww HTTP 401: {""errorCode"":401,""errorMessage"":{""message"":""Please Login and Try Again""}}"
345,GROWW_ERROR,BIRLACORPN,INE340A01012,BIRLA CORPORATION LTD,NSE_EQ|INE340A01012,,,,,,,,,,,,,,,,,,,,,,,,,"Groww HTTP 401: {""errorCode"":401,""errorMessage"":{""message"":""Please Login and Try Again""}}"
344,GROWW_ERROR,BIRLACABLE,INE800A01015,BIRLA CABLE LIMITED,NSE_EQ|INE800A01015,,,,,,,,,,,,,,,,,,,,,,,,,"Groww HTTP 401: {""errorCode"":401,""errorMessage"":{""message"":""Please Login and Try Again""}}"
343,GROWW_ERROR,BIOFILCHEM,INE829A01014,BIOFIL CHEM & PHARMA LTD,NSE_EQ|INE829A01014,,,,,,,,,,,,,,,,,,,,,,,,,"Groww HTTP 401: {""errorCode"":401,""errorMessage"":{""message"":""Please Login and Try Again""}}"
342,GROWW_ERROR,BIOCON,INE376G01013,BIOCON LIMITED.,NSE_EQ|INE376G01013,,,,,,,,,,,,,,,,,,,,,,,,,"Groww HTTP 401: {""errorCode"":401,""errorMessage"":{""message"":""Please Login and Try Again""}}"
341,GROWW_ERROR,BIMETAL,INE469A01019,BIMETAL BEARINGS LTD.,NSE_EQ|INE469A01019,,,,,,,,,,,,,,,,,,,,,,,,,"Groww HTTP 401: {""errorCode"":401,""errorMessage"":{""message"":""Please Login and Try Again""}}"
340,GROWW_ERROR,BILVYAPAR,INE071A01013,BIL VYAPAR LIMITED,NSE_EQ|INE071A01013,,,,,,,,,,,,,,,,,,,,,,,,,"Groww HTTP 401: {""errorCode"":401,""errorMessage"":{""message"":""Please Login and Try Again""}}"
339,GROWW_ERROR,BIL,INE828A01016,BHARTIYA INTERNATIONAL,NSE_EQ|INE828A01016,,,,,,,,,,,,,,,,,,,,,,,,,"Groww HTTP 401: {""errorCode"":401,""errorMessage"":{""message"":""Please Login and Try Again""}}"
338,GROWW_ERROR,BIKAJI,INE00E101023,BIKAJI FOODS INTERN LTD,NSE_EQ|INE00E101023,,,,,,,,,,,,,,,,,,,,,,,,,"Groww HTTP 401: {""errorCode"":401,""errorMessage"":{""message"":""Please Login and Try Again""}}"
337,GROWW_ERROR,BIGBLOC,INE412U01025,BIGBLOC CONSTRUCTION LTD,NSE_EQ|INE412U01025,,,,,,,,,,,,,,,,,,,,,,,,,"Groww HTTP 401: {""errorCode"":401,""errorMessage"":{""message"":""Please Login and Try Again""}}"
336,GROWW_ERROR,BI,INE986A01012,BILCARE LTD.,NSE_EQ|INE986A01012,,,,,,,,,,,,,,,,,,,,,,,,,"Groww HTTP 401: {""errorCode"":401,""errorMessage"":{""message"":""Please Login and Try Again""}}"
335,GROWW_ERROR,BHEL,INE257A01026,BHEL,NSE_EQ|INE257A01026,,,,,,,,,,,,,,,,,,,,,,,,,"Groww HTTP 401: {""errorCode"":401,""errorMessage"":{""message"":""Please Login and Try Again""}}"
334,GROWW_ERROR,BHARTIHEXA,INE343G01021,BHARTI HEXACOM LIMITED,NSE_EQ|INE343G01021,,,,,,,,,,,,,,,,,,,,,,,,,"Groww HTTP 401: {""errorCode"":401,""errorMessage"":{""message"":""Please Login and Try Again""}}"
333,GROWW_ERROR,BHARATWIRE,INE316L01019,BHARAT WIRE ROPES LTD.,NSE_EQ|INE316L01019,,,,,,,,,,,,,,,,,,,,,,,,,"Groww HTTP 401: {""errorCode"":401,""errorMessage"":{""message"":""Please Login and Try Again""}}"
332,GROWW_ERROR,BHARATSE,INE415D01024,BHARAT SEATS LIMITED,NSE_EQ|INE415D01024,,,,,,,,,,,,,,,,,,,,,,,,,"Groww HTTP 401: {""errorCode"":401,""errorMessage"":{""message"":""Please Login and Try Again""}}"
331,GROWW_ERROR,BHARATRAS,INE838B01021,BHARAT RASAYAN LTD,NSE_EQ|INE838B01021,,,,,,,,,,,,,,,,,,,,,,,,,"Groww HTTP 401: {""errorCode"":401,""errorMessage"":{""message"":""Please Login and Try Again""}}"
330,GROWW_ERROR,BHARATGEAR,INE561C01019,BHARAT GEARS LTD.,NSE_EQ|INE561C01019,,,,,,,,,,,,,,,,,,,,,,,,,"Groww HTTP 401: {""errorCode"":401,""errorMessage"":{""message"":""Please Login and Try Again""}}"
329,GROWW_ERROR,BHARATFORG,INE465A01025,BHARAT FORGE LTD,NSE_EQ|INE465A01025,,,,,,,,,,,,,,,,,,,,,,,,,"Groww HTTP 401: {""errorCode"":401,""errorMessage"":{""message"":""Please Login and Try Again""}}"
328,GROWW_ERROR,BHARATCOAL,INE05XR01022,BHARAT COKING COAL LTD,NSE_EQ|INE05XR01022,,,,,,,,,,,,,,,,,,,,,,,,,"Groww HTTP 401: {""errorCode"":401,""errorMessage"":{""message"":""Please Login and Try Again""}}"
327,GROWW_ERROR,BHANDARI,INE474E01029,BHANDARI HOSIERY EXP LTD,NSE_EQ|INE474E01029,,,,,,,,,,,,,,,,,,,,,,,,,"Groww HTTP 401: {""errorCode"":401,""errorMessage"":{""message"":""Please Login and Try Again""}}"
326,GROWW_ERROR,BHAGYANGR,INE458B01036,BHAGYANAGAR INDIA LIMITED,NSE_EQ|INE458B01036,,,,,,,,,,,,,,,,,,,,,,,,,"Groww HTTP 401: {""errorCode"":401,""errorMessage"":{""message"":""Please Login and Try Again""}}"
325,GROWW_ERROR,BHAGERIA,INE354C01027,BHAGERIA INDUSTRIES LTD,NSE_EQ|INE354C01027,,,,,,,,,,,,,,,,,,,,,,,,,"Groww HTTP 401: {""errorCode"":401,""errorMessage"":{""message"":""Please Login and Try Again""}}"
324,GROWW_ERROR,BHAGCHEM,INE414D01027,BHAGIRADHA CHEM & INDS L,NSE_EQ|INE414D01027,,,,,,,,,,,,,,,,,,,,,,,,,"Groww HTTP 401: {""errorCode"":401,""errorMessage"":{""message"":""Please Login and Try Again""}}"
323,GROWW_ERROR,BGRENERGY,INE661I01014,BGR ENERGY SYSTEMS LTD,NSE_EQ|INE661I01014,,,,,,,,,,,,,,,,,,,,,,,,,"Groww HTTP 401: {""errorCode"":401,""errorMessage"":{""message"":""Please Login and Try Again""}}"
322,GROWW_ERROR,BFUTILITIE,INE243D01012,BF UTILITIES LIMITED,NSE_EQ|INE243D01012,,,,,,,,,,,,,,,,,,,,,,,,,"Groww HTTP 401: {""errorCode"":401,""errorMessage"":{""message"":""Please Login and Try Again""}}"
321,GROWW_ERROR,BFINVEST,INE878K01010,BF INVESTMENT LIMITED,NSE_EQ|INE878K01010,,,,,,,,,,,,,,,,,,,,,,,,,"Groww HTTP 401: {""errorCode"":401,""errorMessage"":{""message"":""Please Login and Try Again""}}"
320,GROWW_ERROR,BETA,INE351Y01019,BETA DRUGS LIMITED,NSE_EQ|INE351Y01019,,,,,,,,,,,,,,,,,,,,,,,,,"Groww HTTP 401: {""errorCode"":401,""errorMessage"":{""message"":""Please Login and Try Again""}}"
319,GROWW_ERROR,BESTAGRO,INE052T01021,BEST AGROLIFE LIMITED,NSE_EQ|INE052T01021,,,,,,,,,,,,,,,,,,,,,,,,,"Groww HTTP 401: {""errorCode"":401,""errorMessage"":{""message"":""Please Login and Try Again""}}"
318,GROWW_ERROR,BERGEPAINT,INE463A01038,BERGER PAINTS (I) LTD,NSE_EQ|INE463A01038,,,,,,,,,,,,,,,,,,,,,,,,,"Groww HTTP 401: {""errorCode"":401,""errorMessage"":{""message"":""Please Login and Try Again""}}"
317,GROWW_ERROR,BEPL,INE922A01025,BHANSALI ENG. POLYMERS LT,NSE_EQ|INE922A01025,,,,,,,,,,,,,,,,,,,,,,,,,"Groww HTTP 401: {""errorCode"":401,""errorMessage"":{""message"":""Please Login and Try Again""}}"
316,GROWW_ERROR,BENGALASM,INE083K01017,BENGAL & ASSAM CO. LTD.,NSE_EQ|INE083K01017,,,,,,,,,,,,,,,,,,,,,,,,,"Groww HTTP 401: {""errorCode"":401,""errorMessage"":{""message"":""Please Login and Try Again""}}"
315,GROWW_ERROR,BEML,INE258A01024,BEML LIMITED,NSE_EQ|INE258A01024,,,,,,,,,,,,,,,,,,,,,,,,,"Groww HTTP 401: {""errorCode"":401,""errorMessage"":{""message"":""Please Login and Try Again""}}"
314,GROWW_ERROR,BELRISE,INE894V01022,BELRISE INDUSTRIES LTD,NSE_EQ|INE894V01022,,,,,,,,,,,,,,,,,,,,,,,,,"Groww HTTP 401: {""errorCode"":401,""errorMessage"":{""message"":""Please Login and Try Again""}}"
313,GROWW_ERROR,BELLACASA,INE344T01014,BELLA CASA FASH AND RET L,NSE_EQ|INE344T01014,,,,,,,,,,,,,,,,,,,,,,,,,"Groww HTTP 401: {""errorCode"":401,""errorMessage"":{""message"":""Please Login and Try Again""}}"
312,GROWW_ERROR,BEL,INE263A01024,BHARAT ELECTRONICS LTD,NSE_EQ|INE263A01024,,,,,,,,,,,,,,,,,,,,,,,,,"Groww HTTP 401: {""errorCode"":401,""errorMessage"":{""message"":""Please Login and Try Again""}}"
311,GROWW_ERROR,BEEKAY,INE213D01015,BEEKAY STEEL INDS. LTD.,NSE_EQ|INE213D01015,,,,,,,,,,,,,,,,,,,,,,,,,"Groww HTTP 401: {""errorCode"":401,""errorMessage"":{""message"":""Please Login and Try Again""}}"
310,GROWW_ERROR,BEDMUTHA,INE844K01012,BEDMUTHA INDUST LTD,NSE_EQ|INE844K01012,,,,,,,,,,,,,,,,,,,,,,,,,"Groww HTTP 401: {""errorCode"":401,""errorMessage"":{""message"":""Please Login and Try Again""}}"
309,GROWW_ERROR,BECTORFOOD,INE495P01020,MRS BECTORS FOOD SPE LTD,NSE_EQ|INE495P01020,,,,,,,,,,,,,,,,,,,,,,,,,"Groww HTTP 401: {""errorCode"":401,""errorMessage"":{""message"":""Please Login and Try Again""}}"
308,GROWW_ERROR,BEARDSELL,INE520H01022,BEARDSELL LIMITED,NSE_EQ|INE520H01022,,,,,,,,,,,,,,,,,,,,,,,,,"Groww HTTP 401: {""errorCode"":401,""errorMessage"":{""message"":""Please Login and Try Again""}}"
307,GROWW_ERROR,BDL,INE171Z01026,BHARAT DYNAMICS LIMITED,NSE_EQ|INE171Z01026,,,,,,,,,,,,,,,,,,,,,,,,,"Groww HTTP 401: {""errorCode"":401,""errorMessage"":{""message"":""Please Login and Try Again""}}"
306,GROWW_ERROR,BCPL,INE00SW01015,BCPL RAILWAY INFRA LTD,NSE_EQ|INE00SW01015,,,,,,,,,,,,,,,,,,,,,,,,,"Groww HTTP 401: {""errorCode"":401,""errorMessage"":{""message"":""Please Login and Try Again""}}"
305,GROWW_ERROR,BCONCEPTS,INE977Y01011,BRAND CONCEPTS LIMITED,NSE_EQ|INE977Y01011,,,,,,,,,,,,,,,,,,,,,,,,,"Groww HTTP 401: {""errorCode"":401,""errorMessage"":{""message"":""Please Login and Try Again""}}"
304,GROWW_ERROR,BCLIND,INE412G01024,BCL INDUSTRIES LIMITED,NSE_EQ|INE412G01024,,,,,,,,,,,,,,,,,,,,,,,,,"Groww HTTP 401: {""errorCode"":401,""errorMessage"":{""message"":""Please Login and Try Again""}}"
303,GROWW_ERROR,BCG,INE425B01027,BRIGHTCOM GROUP LIMITED,NSE_EQ|INE425B01027,,,,,,,,,,,,,,,,,,,,,,,,,"Groww HTTP 401: {""errorCode"":401,""errorMessage"":{""message"":""Please Login and Try Again""}}"
302,GROWW_ERROR,BBTCL,INE01EE01011,B&B TRIPLEWALL CONT LTD,NSE_EQ|INE01EE01011,,,,,,,,,,,,,,,,,,,,,,,,,"Groww HTTP 401: {""errorCode"":401,""errorMessage"":{""message"":""Please Login and Try Again""}}"
301,GROWW_ERROR,BBTC,INE050A01025,BOMBAY BURMAH TRADING COR,NSE_EQ|INE050A01025,,,,,,,,,,,,,,,,,,,,,,,,,"Groww HTTP 401: {""errorCode"":401,""errorMessage"":{""message"":""Please Login and Try Again""}}"
300,GROWW_ERROR,BBOX,INE676A01027,BLACK BOX LIMITED,NSE_EQ|INE676A01027,,,,,,,,,,,,,,,,,,,,,,,,,"Groww HTTP 401: {""errorCode"":401,""errorMessage"":{""message"":""Please Login and Try Again""}}"
299,GROWW_ERROR,BBL,INE464A01036,BHARAT BIJLEE LTD,NSE_EQ|INE464A01036,,,,,,,,,,,,,,,,,,,,,,,,,"Groww HTTP 401: {""errorCode"":401,""errorMessage"":{""message"":""Please Login and Try Again""}}"
298,GROWW_ERROR,BAYERCROP,INE462A01022,BAYER CROPSCIENCE LTD,NSE_EQ|INE462A01022,,,,,,,,,,,,,,,,,,,,,,,,,"Groww HTTP 401: {""errorCode"":401,""errorMessage"":{""message"":""Please Login and Try Again""}}"
297,GROWW_ERROR,BATLIBOI,INE177C01022,BATLIBOI LTD.,NSE_EQ|INE177C01022,,,,,,,,,,,,,,,,,,,,,,,,,"Groww HTTP 401: {""errorCode"":401,""errorMessage"":{""message"":""Please Login and Try Again""}}"
296,GROWW_ERROR,BATAINDIA,INE176A01028,BATA INDIA LTD,NSE_EQ|INE176A01028,,,,,,,,,,,,,,,,,,,,,,,,,"Groww HTTP 401: {""errorCode"":401,""errorMessage"":{""message"":""Please Login and Try Again""}}"
295,GROWW_ERROR,BASML,INE186H01022,BANNARI AM SPIN MILL LTD.,NSE_EQ|INE186H01022,,,,,,,,,,,,,,,,,,,,,,,,,"Groww HTTP 401: {""errorCode"":401,""errorMessage"":{""message"":""Please Login and Try Again""}}"
294,GROWW_ERROR,BASF,INE373A01013,BASF INDIA LTD,NSE_EQ|INE373A01013,,,,,,,,,,,,,,,,,,,,,,,,,"Groww HTTP 401: {""errorCode"":401,""errorMessage"":{""message"":""Please Login and Try Again""}}"
293,GROWW_ERROR,BANSWRAS,INE629D01020,BANSWARA SYNTEX LIMITED,NSE_EQ|INE629D01020,,,,,,,,,,,,,,,,,,,,,,,,,"Groww HTTP 401: {""errorCode"":401,""errorMessage"":{""message"":""Please Login and Try Again""}}"
292,GROWW_ERROR,BANSALWIRE,INE0B9K01025,BANSAL WIRE INDUSTRIES L,NSE_EQ|INE0B9K01025,,,,,,,,,,,,,,,,,,,,,,,,,"Groww HTTP 401: {""errorCode"":401,""errorMessage"":{""message"":""Please Login and Try Again""}}"
291,GROWW_ERROR,BANKINDIA,INE084A01016,BANK OF INDIA,NSE_EQ|INE084A01016,,,,,,,,,,,,,,,,,,,,,,,,,"Groww HTTP 401: {""errorCode"":401,""errorMessage"":{""message"":""Please Login and Try Again""}}"
290,GROWW_ERROR,BANKBARODA,INE028A01039,BANK OF BARODA,NSE_EQ|INE028A01039,,,,,,,,,,,,,,,,,,,,,,,,,"Groww HTTP 401: {""errorCode"":401,""errorMessage"":{""message"":""Please Login and Try Again""}}"
289,GROWW_ERROR,BANKA,INE862Y01015,BANKA BIOLOO LIMITED,NSE_EQ|INE862Y01015,,,,,,,,,,,,,,,,,,,,,,,,,"Groww HTTP 401: {""errorCode"":401,""errorMessage"":{""message"":""Please Login and Try Again""}}"
288,GROWW_ERROR,BANG,INE863I01016,BANG OVERSEAS LTD.,NSE_EQ|INE863I01016,,,,,,,,,,,,,,,,,,,,,,,,,"Groww HTTP 401: {""errorCode"":401,""errorMessage"":{""message"":""Please Login and Try Again""}}"
287,GROWW_ERROR,BANDHANBNK,INE545U01014,BANDHAN BANK LIMITED,NSE_EQ|INE545U01014,,,,,,,,,,,,,,,,,,,,,,,,,"Groww HTTP 401: {""errorCode"":401,""errorMessage"":{""message"":""Please Login and Try Again""}}"
286,GROWW_ERROR,BANCOINDIA,INE213C01025,BANCO PRODUCTS (I) LTD,NSE_EQ|INE213C01025,,,,,,,,,,,,,,,,,,,,,,,,,"Groww HTTP 401: {""errorCode"":401,""errorMessage"":{""message"":""Please Login and Try Again""}}"
285,GROWW_ERROR,BANARISUG,INE459A01010,BANNARI AMMAN SUGARS LTD,NSE_EQ|INE459A01010,,,,,,,,,,,,,,,,,,,,,,,,,"Groww HTTP 401: {""errorCode"":401,""errorMessage"":{""message"":""Please Login and Try Again""}}"
284,GROWW_ERROR,BANARBEADS,INE655B01011,BANARAS BEADS LTD,NSE_EQ|INE655B01011,,,,,,,,,,,,,,,,,,,,,,,,,"Groww HTTP 401: {""errorCode"":401,""errorMessage"":{""message"":""Please Login and Try Again""}}"
283,GROWW_ERROR,BALUFORGE,INE011E01029,BALU FORGE INDUSTRIES LTD,NSE_EQ|INE011E01029,,,,,,,,,,,,,,,,,,,,,,,,,"Groww HTTP 401: {""errorCode"":401,""errorMessage"":{""message"":""Please Login and Try Again""}}"
282,GROWW_ERROR,BALRAMCHIN,INE119A01028,BALRAMPUR CHINI MILLS LTD,NSE_EQ|INE119A01028,,,,,,,,,,,,,,,,,,,,,,,,,"Groww HTTP 401: {""errorCode"":401,""errorMessage"":{""message"":""Please Login and Try Again""}}"
281,GROWW_ERROR,BALPHARMA,INE083D01012,BAL PHARMA LTD.,NSE_EQ|INE083D01012,,,,,,,,,,,,,,,,,,,,,,,,,"Groww HTTP 401: {""errorCode"":401,""errorMessage"":{""message"":""Please Login and Try Again""}}"
280,GROWW_ERROR,BALMLAWRIE,INE164A01016,BALMER LAWRIE & CO LTD,NSE_EQ|INE164A01016,,,,,,,,,,,,,,,,,,,,,,,,,"Groww HTTP 401: {""errorCode"":401,""errorMessage"":{""message"":""Please Login and Try Again""}}"
279,GROWW_ERROR,BALKRISIND,INE787D01026,BALKRISHNA IND. LTD,NSE_EQ|INE787D01026,,,,,,,,,,,,,,,,,,,,,,,,,"Groww HTTP 401: {""errorCode"":401,""errorMessage"":{""message"":""Please Login and Try Again""}}"
278,GROWW_ERROR,BALKRISHNA,INE875R01011,BALKRISHNA PAPER MILLS L,NSE_EQ|INE875R01011,,,,,,,,,,,,,,,,,,,,,,,,,"Groww HTTP 401: {""errorCode"":401,""errorMessage"":{""message"":""Please Login and Try Again""}}"
277,GROWW_ERROR,BALAXI,INE618N01022,BALAXI PHARMA LTD,NSE_EQ|INE618N01022,,,,,,,,,,,,,,,,,,,,,,,,,"Groww HTTP 401: {""errorCode"":401,""errorMessage"":{""message"":""Please Login and Try Again""}}"
276,GROWW_ERROR,BALAMINES,INE050E01027,BALAJI AMINES LIMITED,NSE_EQ|INE050E01027,,,,,,,,,,,,,,,,,,,,,,,,,"Groww HTTP 401: {""errorCode"":401,""errorMessage"":{""message"":""Please Login and Try Again""}}"
275,GROWW_ERROR,BALAJITELE,INE794B01026,BALAJI TELEFILMS LIMITED.,NSE_EQ|INE794B01026,,,,,,,,,,,,,,,,,,,,,,,,,"Groww HTTP 401: {""errorCode"":401,""errorMessage"":{""message"":""Please Login and Try Again""}}"
274,GROWW_ERROR,BALAJEE,INE0S2G01011,SHREE TIRUPATI BALAJEE L,NSE_EQ|INE0S2G01011,,,,,,,,,,,,,,,,,,,,,,,,,"Groww HTTP 401: {""errorCode"":401,""errorMessage"":{""message"":""Please Login and Try Again""}}"
273,GROWW_ERROR,BAJEL,INE0KQN01018,BAJEL PROJECTS LIMITED,NSE_EQ|INE0KQN01018,,,,,,,,,,,,,,,,,,,,,,,,,"Groww HTTP 401: {""errorCode"":401,""errorMessage"":{""message"":""Please Login and Try Again""}}"
272,GROWW_ERROR,BAJAJST,INE704G01024,BAJAJ STEEL INDS. LTD.,NSE_EQ|INE704G01024,,,,,,,,,,,,,,,,,,,,,,,,,"Groww HTTP 401: {""errorCode"":401,""errorMessage"":{""message"":""Please Login and Try Again""}}"
271,GROWW_ERROR,BAJAJINDEF,INE0O9T01021,INDEF MANUFACTURING LTD,NSE_EQ|INE0O9T01021,,,,,,,,,,,,,,,,,,,,,,,,,"Groww HTTP 401: {""errorCode"":401,""errorMessage"":{""message"":""Please Login and Try Again""}}"
270,GROWW_ERROR,BAJAJHLDNG,INE118A01012,BAJAJ HOLDINGS & INVS LTD,NSE_EQ|INE118A01012,,,,,,,,,,,,,,,,,,,,,,,,,"Groww HTTP 401: {""errorCode"":401,""errorMessage"":{""message"":""Please Login and Try Again""}}"
269,GROWW_ERROR,BAJAJHIND,INE306A01021,BAJAJ HINDUSTHAN SUGAR LT,NSE_EQ|INE306A01021,,,,,,,,,,,,,,,,,,,,,,,,,"Groww HTTP 401: {""errorCode"":401,""errorMessage"":{""message"":""Please Login and Try Again""}}"
268,GROWW_ERROR,BAJAJHFL,INE377Y01014,BAJAJ HOUSING FINANCE LTD,NSE_EQ|INE377Y01014,,,,,,,,,,,,,,,,,,,,,,,,,"Groww HTTP 401: {""errorCode"":401,""errorMessage"":{""message"":""Please Login and Try Again""}}"
267,GROWW_ERROR,BAJAJHCARE,INE411U01027,BAJAJ HEALTHCARE LIMITED,NSE_EQ|INE411U01027,,,,,,,,,,,,,,,,,,,,,,,,,"Groww HTTP 401: {""errorCode"":401,""errorMessage"":{""message"":""Please Login and Try Again""}}"
266,GROWW_ERROR,BAJAJFINSV,INE918I01026,BAJAJ FINSERV LTD.,NSE_EQ|INE918I01026,,,,,,,,,,,,,,,,,,,,,,,,,"Groww HTTP 401: {""errorCode"":401,""errorMessage"":{""message"":""Please Login and Try Again""}}"
265,GROWW_ERROR,BAJAJELEC,INE193E01025,BAJAJ ELECT.LTD,NSE_EQ|INE193E01025,,,,,,,,,,,,,,,,,,,,,,,,,"Groww HTTP 401: {""errorCode"":401,""errorMessage"":{""message"":""Please Login and Try Again""}}"
264,GROWW_ERROR,BAJAJCON,INE933K01021,BAJAJ CONSUMER CARE LTD,NSE_EQ|INE933K01021,,,,,,,,,,,,,,,,,,,,,,,,,"Groww HTTP 401: {""errorCode"":401,""errorMessage"":{""message"":""Please Login and Try Again""}}"
263,GROWW_ERROR,BAJAJ-AUTO,INE917I01010,BAJAJ AUTO LIMITED,NSE_EQ|INE917I01010,,,,,,,,,,,,,,,,,,,,,,,,,"Groww HTTP 401: {""errorCode"":401,""errorMessage"":{""message"":""Please Login and Try Again""}}"
262,GROWW_ERROR,BAIDFIN,INE020D01022,BAID FINSERV LIMITED,NSE_EQ|INE020D01022,,,,,,,,,,,,,,,,,,,,,,,,,"Groww HTTP 401: {""errorCode"":401,""errorMessage"":{""message"":""Please Login and Try Again""}}"
261,GROWW_ERROR,BAGFILMS,INE116D01028,B.A.G FILMS AND MEDIA LTD,NSE_EQ|INE116D01028,,,,,,,,,,,,,,,,,,,,,,,,,"Groww HTTP 401: {""errorCode"":401,""errorMessage"":{""message"":""Please Login and Try Again""}}"
260,GROWW_ERROR,BAFNAPH,INE878I01022,BAFNA PHARMACEUTICALS LTD,NSE_EQ|INE878I01022,,,,,,,,,,,,,,,,,,,,,,,,,"Groww HTTP 401: {""errorCode"":401,""errorMessage"":{""message"":""Please Login and Try Again""}}"
259,GROWW_ERROR,AZAD,INE02IJ01035,AZAD ENGINEERING LIMITED,NSE_EQ|INE02IJ01035,,,,,,,,,,,,,,,,,,,,,,,,,"Groww HTTP 401: {""errorCode"":401,""errorMessage"":{""message"":""Please Login and Try Again""}}"
258,GROWW_ERROR,AYMSYNTEX,INE193B01039,AYM SYNTEX LIMITED,NSE_EQ|INE193B01039,,,,,,,,,,,,,,,,,,,,,,,,,"Groww HTTP 401: {""errorCode"":401,""errorMessage"":{""message"":""Please Login and Try Again""}}"
257,GROWW_ERROR,AYE,INE501X01029,AYE FINANCE LIMITED,NSE_EQ|INE501X01029,,,,,,,,,,,,,,,,,,,,,,,,,"Groww HTTP 401: {""errorCode"":401,""errorMessage"":{""message"":""Please Login and Try Again""}}"
256,GROWW_ERROR,AXITA,INE02EZ01022,AXITA COTTON LIMITED,NSE_EQ|INE02EZ01022,,,,,,,,,,,,,,,,,,,,,,,,,"Groww HTTP 401: {""errorCode"":401,""errorMessage"":{""message"":""Please Login and Try Again""}}"
255,GROWW_ERROR,AXISCADES,INE555B01013,AXISCADES TECH LTD,NSE_EQ|INE555B01013,,,,,,,,,,,,,,,,,,,,,,,,,"Groww HTTP 401: {""errorCode"":401,""errorMessage"":{""message"":""Please Login and Try Again""}}"
254,GROWW_ERROR,AWL,INE699H01024,AWL AGRI BUSINESS LIMITED,NSE_EQ|INE699H01024,,,,,,,,,,,,,,,,,,,,,,,,,"Groww HTTP 401: {""errorCode"":401,""errorMessage"":{""message"":""Please Login and Try Again""}}"
253,GROWW_ERROR,AWHCL,INE01BK01022,ANTONY WASTE HDG CELL LTD,NSE_EQ|INE01BK01022,,,,,,,,,,,,,,,,,,,,,,,,,"Groww HTTP 401: {""errorCode"":401,""errorMessage"":{""message"":""Please Login and Try Again""}}"
252,GROWW_ERROR,AWFIS,INE108V01019,AWFIS SPACE SOLUTIONS LTD,NSE_EQ|INE108V01019,,,,,,,,,,,,,,,,,,,,,,,,,"Groww HTTP 401: {""errorCode"":401,""errorMessage"":{""message"":""Please Login and Try Again""}}"
251,GROWW_ERROR,AVTNPL,INE488D01021,AVT NATURAL PRODUCTS LTD,NSE_EQ|INE488D01021,,,,,,,,,,,,,,,,,,,,,,,,,"Groww HTTP 401: {""errorCode"":401,""errorMessage"":{""message"":""Please Login and Try Again""}}"
250,GROWW_ERROR,AVROIND,INE652Z01025,AVRO INDIA LIMITED,NSE_EQ|INE652Z01025,,,,,,,,,,,,,,,,,,,,,,,,,"Groww HTTP 401: {""errorCode"":401,""errorMessage"":{""message"":""Please Login and Try Again""}}"
249,GROWW_ERROR,AVONMORE,INE323B01024,AVONMORE CAP&MGT SERV LTD,NSE_EQ|INE323B01024,,,,,,,,,,,,,,,,,,,,,,,,,"Groww HTTP 401: {""errorCode"":401,""errorMessage"":{""message"":""Please Login and Try Again""}}"
248,GROWW_ERROR,AVL,INE679V01027,ADITYA VISION LIMITED,NSE_EQ|INE679V01027,,,,,,,,,,,,,,,,,,,,,,,,,"Groww HTTP 401: {""errorCode"":401,""errorMessage"":{""message"":""Please Login and Try Again""}}"
247,GROWW_ERROR,AVG,INE680Z01018,AVG LOGISTICS LIMITED,NSE_EQ|INE680Z01018,,,,,,,,,,,,,,,,,,,,,,,,,"Groww HTTP 401: {""errorCode"":401,""errorMessage"":{""message"":""Please Login and Try Again""}}"
246,GROWW_ERROR,AVANTIFEED,INE871C01038,AVANTI FEEDS LIMITED,NSE_EQ|INE871C01038,,,,,,,,,,,,,,,,,,,,,,,,,"Groww HTTP 401: {""errorCode"":401,""errorMessage"":{""message"":""Please Login and Try Again""}}"
245,GROWW_ERROR,AVANTEL,INE005B01027,AVANTEL LIMITED,NSE_EQ|INE005B01027,,,,,,,,,,,,,,,,,,,,,,,,,"Groww HTTP 401: {""errorCode"":401,""errorMessage"":{""message"":""Please Login and Try Again""}}"
244,GROWW_ERROR,AVALON,INE0LCL01028,AVALON TECHNOLOGIES LTD,NSE_EQ|INE0LCL01028,,,,,,,,,,,,,,,,,,,,,,,,,"Groww HTTP 401: {""errorCode"":401,""errorMessage"":{""message"":""Please Login and Try Again""}}"
243,GROWW_ERROR,AVADHSUGAR,INE349W01017,AVADH SUG & ENERGY LTD,NSE_EQ|INE349W01017,,,,,,,,,,,,,,,,,,,,,,,,,"Groww HTTP 401: {""errorCode"":401,""errorMessage"":{""message"":""Please Login and Try Again""}}"
242,GROWW_ERROR,AUTOIND,INE718H01014,AUTOLINE INDUSTRIES LTD,NSE_EQ|INE718H01014,,,,,,,,,,,,,,,,,,,,,,,,,"Groww HTTP 401: {""errorCode"":401,""errorMessage"":{""message"":""Please Login and Try Again""}}"
241,GROWW_ERROR,AUTOAXLES,INE449A01011,AUTOMOTIVE AXLES LIMITED,NSE_EQ|INE449A01011,,,,,,,,,,,,,,,,,,,,,,,,,"Groww HTTP 401: {""errorCode"":401,""errorMessage"":{""message"":""Please Login and Try Again""}}"
240,GROWW_ERROR,AUSOMENT,INE218C01016,AUSOM ENTERPRISE LIMITED,NSE_EQ|INE218C01016,,,,,,,,,,,,,,,,,,,,,,,,,"Groww HTTP 401: {""errorCode"":401,""errorMessage"":{""message"":""Please Login and Try Again""}}"
239,GROWW_ERROR,AURUM,INE898S01029,AURUM PROPTECH LIMITED,NSE_EQ|INE898S01029,,,,,,,,,,,,,,,,,,,,,,,,,"Groww HTTP 401: {""errorCode"":401,""errorMessage"":{""message"":""Please Login and Try Again""}}"
238,GROWW_ERROR,AUROPHARMA,INE406A01037,AUROBINDO PHARMA LTD,NSE_EQ|INE406A01037,,,,,,,,,,,,,,,,,,,,,,,,,"Groww HTTP 401: {""errorCode"":401,""errorMessage"":{""message"":""Please Login and Try Again""}}"
237,GROWW_ERROR,AURIONPRO,INE132H01018,AURIONPRO SOLN LTD,NSE_EQ|INE132H01018,,,,,,,,,,,,,,,,,,,,,,,,,"Groww HTTP 401: {""errorCode"":401,""errorMessage"":{""message"":""Please Login and Try Again""}}"
236,GROWW_ERROR,AURIGROW,INE925Y01036,AURI GROW INDIA LIMITED,NSE_EQ|INE925Y01036,,,,,,,,,,,,,,,,,,,,,,,,,"Groww HTTP 401: {""errorCode"":401,""errorMessage"":{""message"":""Please Login and Try Again""}}"
235,GROWW_ERROR,AUBANK,INE949L01017,AU SMALL FINANCE BANK LTD,NSE_EQ|INE949L01017,,,,,,,,,,,,,,,,,,,,,,,,,"Groww HTTP 401: {""errorCode"":401,""errorMessage"":{""message"":""Please Login and Try Again""}}"
234,GROWW_ERROR,ATULAUTO,INE951D01028,ATUL AUTO LIMITED,NSE_EQ|INE951D01028,,,,,,,,,,,,,,,,,,,,,,,,,"Groww HTTP 401: {""errorCode"":401,""errorMessage"":{""message"":""Please Login and Try Again""}}"
233,GROWW_ERROR,ATUL,INE100A01010,ATUL LTD,NSE_EQ|INE100A01010,,,,,,,,,,,,,,,,,,,,,,,,,"Groww HTTP 401: {""errorCode"":401,""errorMessage"":{""message"":""Please Login and Try Again""}}"
232,GROWW_ERROR,ATLASCYCLE,INE446A01025,ATLAS CYCLE (HARYANA) LTD,NSE_EQ|INE446A01025,,,,,,,,,,,,,,,,,,,,,,,,,"Groww HTTP 401: {""errorCode"":401,""errorMessage"":{""message"":""Please Login and Try Again""}}"
231,GROWW_ERROR,ATLANTAELE,INE0Z4F01028,ATLANTA ELECTRICALS LTD,NSE_EQ|INE0Z4F01028,,,,,,,,,,,,,,,,,,,,,,,,,"Groww HTTP 401: {""errorCode"":401,""errorMessage"":{""message"":""Please Login and Try Again""}}"
230,GROWW_ERROR,ATLANTAA,INE285H01022,ATLANTAA LIMITED,NSE_EQ|INE285H01022,,,,,,,,,,,,,,,,,,,,,,,,,"Groww HTTP 401: {""errorCode"":401,""errorMessage"":{""message"":""Please Login and Try Again""}}"
229,GROWW_ERROR,ATL,INE0NN701020,ALLCARGO TERMINALS LTD,NSE_EQ|INE0NN701020,,,,,,,,,,,,,,,,,,,,,,,,,"Groww HTTP 401: {""errorCode"":401,""errorMessage"":{""message"":""Please Login and Try Again""}}"
228,GROWW_ERROR,ATHERENERG,INE0LEZ01016,ATHER ENERGY LIMITED,NSE_EQ|INE0LEZ01016,,,,,,,,,,,,,,,,,,,,,,,,,"Groww HTTP 401: {""errorCode"":401,""errorMessage"":{""message"":""Please Login and Try Again""}}"
227,GROWW_ERROR,ATGL,INE399L01023,ADANI TOTAL GAS LIMITED,NSE_EQ|INE399L01023,,,,,,,,,,,,,,,,,,,,,,,,,"Groww HTTP 401: {""errorCode"":401,""errorMessage"":{""message"":""Please Login and Try Again""}}"
226,GROWW_ERROR,ATAM,INE09KD01013,ATAM VALVES LIMITED,NSE_EQ|INE09KD01013,,,,,,,,,,,,,,,,,,,,,,,,,"Groww HTTP 401: {""errorCode"":401,""errorMessage"":{""message"":""Please Login and Try Again""}}"
225,GROWW_ERROR,ATALREAL,INE0ALR01029,ATAL REALTECH LIMITED,NSE_EQ|INE0ALR01029,,,,,,,,,,,,,,,,,,,,,,,,,"Groww HTTP 401: {""errorCode"":401,""errorMessage"":{""message"":""Please Login and Try Again""}}"
224,GROWW_ERROR,ASTRON,INE646X01014,ASTRON PAPER BORD MIL LTD,NSE_EQ|INE646X01014,,,,,,,,,,,,,,,,,,,,,,,,,"Groww HTTP 401: {""errorCode"":401,""errorMessage"":{""message"":""Please Login and Try Again""}}"
223,GROWW_ERROR,ASTRAZEN,INE203A01020,ASTRAZENECA PHARMA IND LT,NSE_EQ|INE203A01020,,,,,,,,,,,,,,,,,,,,,,,,,"Groww HTTP 401: {""errorCode"":401,""errorMessage"":{""message"":""Please Login and Try Again""}}"
222,GROWW_ERROR,ASTRAMICRO,INE386C01029,ASTRA MICROWAVE LTD,NSE_EQ|INE386C01029,,,,,,,,,,,,,,,,,,,,,,,,,"Groww HTTP 401: {""errorCode"":401,""errorMessage"":{""message"":""Please Login and Try Again""}}"
221,GROWW_ERROR,ASTRAL,INE006I01046,ASTRAL LIMITED,NSE_EQ|INE006I01046,,,,,,,,,,,,,,,,,,,,,,,,,"Groww HTTP 401: {""errorCode"":401,""errorMessage"":{""message"":""Please Login and Try Again""}}"
220,GROWW_ERROR,ASTERDM,INE914M01019,ASTER DM HEALTHCARE LTD.,NSE_EQ|INE914M01019,,,,,,,,,,,,,,,,,,,,,,,,,"Groww HTTP 401: {""errorCode"":401,""errorMessage"":{""message"":""Please Login and Try Again""}}"
219,GROWW_ERROR,ASTEC,INE563J01010,ASTEC LIFESCIENCES LTD,NSE_EQ|INE563J01010,,,,,,,,,,,,,,,,,,,,,,,,,"Groww HTTP 401: {""errorCode"":401,""errorMessage"":{""message"":""Please Login and Try Again""}}"
218,GROWW_ERROR,ASTAR,INE194D01017,ASIAN STAR CO. LTD.,NSE_EQ|INE194D01017,,,,,,,,,,,,,,,,,,,,,,,,,"Groww HTTP 401: {""errorCode"":401,""errorMessage"":{""message"":""Please Login and Try Again""}}"
217,GROWW_ERROR,ASPINWALL,INE991I01015,ASPINWALL & CO LTD,NSE_EQ|INE991I01015,,,,,,,,,,,,,,,,,,,,,,,,,"Groww HTTP 401: {""errorCode"":401,""errorMessage"":{""message"":""Please Login and Try Again""}}"
216,GROWW_ERROR,ASMS,INE855F01042,AVIO SMART MRKT STACK LTD,NSE_EQ|INE855F01042,,,,,,,,,,,,,,,,,,,,,,,,,"Groww HTTP 401: {""errorCode"":401,""errorMessage"":{""message"":""Please Login and Try Again""}}"
215,GROWW_ERROR,ASKAUTOLTD,INE491J01022,ASK AUTOMOTIVE LIMITED,NSE_EQ|INE491J01022,,,,,,,,,,,,,,,,,,,,,,,,,"Groww HTTP 401: {""errorCode"":401,""errorMessage"":{""message"":""Please Login and Try Again""}}"
214,GROWW_ERROR,ASIANTILES,INE022I01019,ASIAN GRANITO IND. LTD.,NSE_EQ|INE022I01019,,,,,,,,,,,,,,,,,,,,,,,,,"Groww HTTP 401: {""errorCode"":401,""errorMessage"":{""message"":""Please Login and Try Again""}}"
213,GROWW_ERROR,ASIANHOTNR,INE363A01022,ASIAN HOTELS (NORTH) LTD,NSE_EQ|INE363A01022,,,,,,,,,,,,,,,,,,,,,,,,,"Groww HTTP 401: {""errorCode"":401,""errorMessage"":{""message"":""Please Login and Try Again""}}"
212,GROWW_ERROR,ASIANENE,INE276G01015,ASIAN ENERGY SERVICES LTD,NSE_EQ|INE276G01015,,,,,,,,,,,,,,,,,,,,,,,,,"Groww HTTP 401: {""errorCode"":401,""errorMessage"":{""message"":""Please Login and Try Again""}}"
211,GROWW_ERROR,ASHOKLEY,INE208A01029,ASHOK LEYLAND LTD,NSE_EQ|INE208A01029,,,,,,,,,,,,,,,,,,,,,,,,,"Groww HTTP 401: {""errorCode"":401,""errorMessage"":{""message"":""Please Login and Try Again""}}"
210,GROWW_ERROR,ASHOKAMET,INE760Y01011,ASHOKA METCAST LIMITED,NSE_EQ|INE760Y01011,,,,,,,,,,,,,,,,,,,,,,,,,"Groww HTTP 401: {""errorCode"":401,""errorMessage"":{""message"":""Please Login and Try Again""}}"
209,GROWW_ERROR,ASHOKA,INE442H01029,ASHOKA BUILDCON LTD,NSE_EQ|INE442H01029,,,,,,,,,,,,,,,,,,,,,,,,,"Groww HTTP 401: {""errorCode"":401,""errorMessage"":{""message"":""Please Login and Try Again""}}"
208,GROWW_ERROR,ASHIMASYN,INE440A01010,ASHIMA LTD,NSE_EQ|INE440A01010,,,,,,,,,,,,,,,,,,,,,,,,,"Groww HTTP 401: {""errorCode"":401,""errorMessage"":{""message"":""Please Login and Try Again""}}"
207,GROWW_ERROR,ASHIKA,INE094B01013,ASHIKA CREDIT CAPITAL L,NSE_EQ|INE094B01013,,,,,,,,,,,,,,,,,,,,,,,,,"Groww HTTP 401: {""errorCode"":401,""errorMessage"":{""message"":""Please Login and Try Again""}}"
206,GROWW_ERROR,ASHIANA,INE365D01021,ASHIANA HOUSING LTD,NSE_EQ|INE365D01021,,,,,,,,,,,,,,,,,,,,,,,,,"Groww HTTP 401: {""errorCode"":401,""errorMessage"":{""message"":""Please Login and Try Again""}}"
205,GROWW_ERROR,ASHAPURMIN,INE348A01023,ASHAPURA MINECHEM LTD,NSE_EQ|INE348A01023,,,,,,,,,,,,,,,,,,,,,,,,,"Groww HTTP 401: {""errorCode"":401,""errorMessage"":{""message"":""Please Login and Try Again""}}"
204,GROWW_ERROR,ASALCBR,INE073G01016,ASSO ALCOHOLS & BREW LTD,NSE_EQ|INE073G01016,,,,,,,,,,,,,,,,,,,,,,,,,"Groww HTTP 401: {""errorCode"":401,""errorMessage"":{""message"":""Please Login and Try Again""}}"
203,GROWW_ERROR,ASAL,INE900C01027,AUTOMOTIVE STAMPINGS & AS,NSE_EQ|INE900C01027,,,,,,,,,,,,,,,,,,,,,,,,,"Groww HTTP 401: {""errorCode"":401,""errorMessage"":{""message"":""Please Login and Try Again""}}"
202,GROWW_ERROR,ASAHISONG,INE228I01012,ASAHI SONGWON COLOR LTD,NSE_EQ|INE228I01012,,,,,,,,,,,,,,,,,,,,,,,,,"Groww HTTP 401: {""errorCode"":401,""errorMessage"":{""message"":""Please Login and Try Again""}}"
201,GROWW_ERROR,ASAHIINDIA,INE439A01020,ASAHI INDIA GLASS LIMITED,NSE_EQ|INE439A01020,,,,,,,,,,,,,,,,,,,,,,,,,"Groww HTTP 401: {""errorCode"":401,""errorMessage"":{""message"":""Please Login and Try Again""}}"
200,GROWW_ERROR,ARVSMART,INE034S01021,ARVIND SMARTSPACES LTD,NSE_EQ|INE034S01021,,,,,,,,,,,,,,,,,,,,,,,,,"Groww HTTP 401: {""errorCode"":401,""errorMessage"":{""message"":""Please Login and Try Again""}}"
199,GROWW_ERROR,ARVINDFASN,INE955V01021,ARVIND FASHIONS LIMITED,NSE_EQ|INE955V01021,,,,,,,,,,,,,,,,,,,,,,,,,"Groww HTTP 401: {""errorCode"":401,""errorMessage"":{""message"":""Please Login and Try Again""}}"
198,GROWW_ERROR,ARVIND,INE034A01011,ARVIND LIMITED,NSE_EQ|INE034A01011,,,,,,,,,,,,,,,,,,,,,,,,,"Groww HTTP 401: {""errorCode"":401,""errorMessage"":{""message"":""Please Login and Try Again""}}"
197,GROWW_ERROR,ARVEE,INE006Z01016,ARVEE LABORATORIES I LTD,NSE_EQ|INE006Z01016,,,,,,,,,,,,,,,,,,,,,,,,,"Groww HTTP 401: {""errorCode"":401,""errorMessage"":{""message"":""Please Login and Try Again""}}"
196,GROWW_ERROR,ARTNIRMAN,INE738V01013,ART NIRMAN LIMITED,NSE_EQ|INE738V01013,,,,,,,,,,,,,,,,,,,,,,,,,"Groww HTTP 401: {""errorCode"":401,""errorMessage"":{""message"":""Please Login and Try Again""}}"
195,GROWW_ERROR,ARTEMISMED,INE025R01021,ARTEMIS MED SERVICE LTD,NSE_EQ|INE025R01021,,,,,,,,,,,,,,,,,,,,,,,,,"Groww HTTP 401: {""errorCode"":401,""errorMessage"":{""message"":""Please Login and Try Again""}}"
194,GROWW_ERROR,ARSSBL,INE549H01021,ANAND RATHI SH N STK BR L,NSE_EQ|INE549H01021,,,,,,,,,,,,,,,,,,,,,,,,,"Groww HTTP 401: {""errorCode"":401,""errorMessage"":{""message"":""Please Login and Try Again""}}"
193,GROWW_ERROR,ARSHIYA,INE968D01022,ARSHIYA LIMITED,NSE_EQ|INE968D01022,,,,,,,,,,,,,,,,,,,,,,,,,"Groww HTTP 401: {""errorCode"":401,""errorMessage"":{""message"":""Please Login and Try Again""}}"
192,GROWW_ERROR,ARROWGREEN,INE570D01018,ARROW GREENTECH LIMITED,NSE_EQ|INE570D01018,,,,,,,,,,,,,,,,,,,,,,,,,"Groww HTTP 401: {""errorCode"":401,""errorMessage"":{""message"":""Please Login and Try Again""}}"
191,GROWW_ERROR,AROGRANITE,INE210C01013,ARO GRANITE IND. LTD.,NSE_EQ|INE210C01013,,,,,,,,,,,,,,,,,,,,,,,,,"Groww HTTP 401: {""errorCode"":401,""errorMessage"":{""message"":""Please Login and Try Again""}}"
190,GROWW_ERROR,ARMANFIN,INE109C01017,ARMAN FIN SERV LTD,NSE_EQ|INE109C01017,,,,,,,,,,,,,,,,,,,,,,,,,"Groww HTTP 401: {""errorCode"":401,""errorMessage"":{""message"":""Please Login and Try Again""}}"
189,GROWW_ERROR,ARKADE,INE0QRL01017,ARKADE DEVELOPERS LIMITED,NSE_EQ|INE0QRL01017,,,,,,,,,,,,,,,,,,,,,,,,,"Groww HTTP 401: {""errorCode"":401,""errorMessage"":{""message"":""Please Login and Try Again""}}"
188,GROWW_ERROR,ARIS,INE0H9P01028,ARISINFRA SOLUTIONS LTD,NSE_EQ|INE0H9P01028,,,,,,,,,,,,,,,,,,,,,,,,,"Groww HTTP 401: {""errorCode"":401,""errorMessage"":{""message"":""Please Login and Try Again""}}"
187,GROWW_ERROR,ARIHANTSUP,INE643K01018,ARIHANT SUPERSTRUCT LTD,NSE_EQ|INE643K01018,,,,,,,,,,,,,,,,,,,,,,,,,"Groww HTTP 401: {""errorCode"":401,""errorMessage"":{""message"":""Please Login and Try Again""}}"
186,GROWW_ERROR,ARIHANTCAP,INE420B01036,ARIHANT CAPITAL MKTS LTD,NSE_EQ|INE420B01036,,,,,,,,,,,,,,,,,,,,,,,,,"Groww HTTP 401: {""errorCode"":401,""errorMessage"":{""message"":""Please Login and Try Again""}}"
185,GROWW_ERROR,ARIHANT,INE413D01011,ARIHANT FOUN & HOU LTD,NSE_EQ|INE413D01011,,,,,,,,,,,,,,,,,,,,,,,,,"Groww HTTP 401: {""errorCode"":401,""errorMessage"":{""message"":""Please Login and Try Again""}}"
184,GROWW_ERROR,ARIES,INE298I01015,ARIES AGRO LTD.,NSE_EQ|INE298I01015,,,,,,,,,,,,,,,,,,,,,,,,,"Groww HTTP 401: {""errorCode"":401,""errorMessage"":{""message"":""Please Login and Try Again""}}"
183,GROWW_ERROR,ARFIN,INE784R01023,ARFIN INDIA LIMITED,NSE_EQ|INE784R01023,,,,,,,,,,,,,,,,,,,,,,,,,"Groww HTTP 401: {""errorCode"":401,""errorMessage"":{""message"":""Please Login and Try Again""}}"
182,GROWW_ERROR,ARENTERP,INE610C01014,RAJDARSHAN INDUSTRIES LTD,NSE_EQ|INE610C01014,,,,,,,,,,,,,,,,,,,,,,,,,"Groww HTTP 401: {""errorCode"":401,""errorMessage"":{""message"":""Please Login and Try Again""}}"
181,GROWW_ERROR,ARE&M,INE885A01032,AMARA RAJA ENERGY MOB LTD,NSE_EQ|INE885A01032,,,,,,,,,,,,,,,,,,,,,,,,,"Groww HTTP 401: {""errorCode"":401,""errorMessage"":{""message"":""Please Login and Try Again""}}"
180,GROWW_ERROR,ARCHIES,INE731A01020,ARCHIES LTD,NSE_EQ|INE731A01020,,,,,,,,,,,,,,,,,,,,,,,,,"Groww HTTP 401: {""errorCode"":401,""errorMessage"":{""message"":""Please Login and Try Again""}}"
179,GROWW_ERROR,ARCHIDPLY,INE877I01016,ARCHIDPLY IND. LTD,NSE_EQ|INE877I01016,,,,,,,,,,,,,,,,,,,,,,,,,"Groww HTTP 401: {""errorCode"":401,""errorMessage"":{""message"":""Please Login and Try Again""}}"
178,GROWW_ERROR,AQYLON,INE416A01051,AQYLON NEXUS LIMITED,NSE_EQ|INE416A01051,,,,,,,,,,,,,,,,,,,,,,,,,"Groww HTTP 401: {""errorCode"":401,""errorMessage"":{""message"":""Please Login and Try Again""}}"
177,GROWW_ERROR,APTUS,INE852O01025,APTUS VALUE HSG FIN I LTD,NSE_EQ|INE852O01025,,,,,,,,,,,,,,,,,,,,,,,,,"Groww HTTP 401: {""errorCode"":401,""errorMessage"":{""message"":""Please Login and Try Again""}}"
176,GROWW_ERROR,APTECHT,INE266F01018,APTECH LIMITED,NSE_EQ|INE266F01018,,,,,,,,,,,,,,,,,,,,,,,,,"Groww HTTP 401: {""errorCode"":401,""errorMessage"":{""message"":""Please Login and Try Again""}}"
175,GROWW_ERROR,APOLSINHOT,INE451F01024,APOLLO SINDOORI HOTEL LTD,NSE_EQ|INE451F01024,,,,,,,,,,,,,,,,,,,,,,,,,"Groww HTTP 401: {""errorCode"":401,""errorMessage"":{""message"":""Please Login and Try Again""}}"
174,GROWW_ERROR,APOLLOTYRE,INE438A01022,APOLLO TYRES LTD,NSE_EQ|INE438A01022,,,,,,,,,,,,,,,,,,,,,,,,,"Groww HTTP 401: {""errorCode"":401,""errorMessage"":{""message"":""Please Login and Try Again""}}"
173,GROWW_ERROR,APOLLOPIPE,INE126J01016,APOLLO PIPES LIMITED,NSE_EQ|INE126J01016,,,,,,,,,,,,,,,,,,,,,,,,,"Groww HTTP 401: {""errorCode"":401,""errorMessage"":{""message"":""Please Login and Try Again""}}"
172,GROWW_ERROR,APOLLOHOSP,INE437A01024,APOLLO HOSPITALS ENTER. L,NSE_EQ|INE437A01024,,,,,,,,,,,,,,,,,,,,,,,,,"Groww HTTP 401: {""errorCode"":401,""errorMessage"":{""message"":""Please Login and Try Again""}}"
171,GROWW_ERROR,APOLLO,INE713T01028,APOLLO MICRO SYSTEMS LTD,NSE_EQ|INE713T01028,,,,,,,,,,,,,,,,,,,,,,,,,"Groww HTTP 401: {""errorCode"":401,""errorMessage"":{""message"":""Please Login and Try Again""}}"
170,GROWW_ERROR,APLLTD,INE901L01018,ALEMBIC PHARMA LTD,NSE_EQ|INE901L01018,,,,,,,,,,,,,,,,,,,,,,,,,"Groww HTTP 401: {""errorCode"":401,""errorMessage"":{""message"":""Please Login and Try Again""}}"
169,GROWW_ERROR,APLAPOLLO,INE702C01027,APL APOLLO TUBES LTD,NSE_EQ|INE702C01027,,,,,,,,,,,,,,,,,,,,,,,,,"Groww HTTP 401: {""errorCode"":401,""errorMessage"":{""message"":""Please Login and Try Again""}}"
168,GROWW_ERROR,APEX,INE346W01013,APEX FROZEN FOODS LIMITED,NSE_EQ|INE346W01013,,,,,,,,,,,,,,,,,,,,,,,,,"Groww HTTP 401: {""errorCode"":401,""errorMessage"":{""message"":""Please Login and Try Again""}}"
167,GROWW_ERROR,APCOTEXIND,INE116A01032,APCOTEX INDUSTRIES LIMITE,NSE_EQ|INE116A01032,,,,,,,,,,,,,,,,,,,,,,,,,"Groww HTTP 401: {""errorCode"":401,""errorMessage"":{""message"":""Please Login and Try Again""}}"
166,GROWW_ERROR,APCL,INE071F01012,ANJANI PORTLAND CEM LTD,NSE_EQ|INE071F01012,,,,,,,,,,,,,,,,,,,,,,,,,"Groww HTTP 401: {""errorCode"":401,""errorMessage"":{""message"":""Please Login and Try Again""}}"
165,GROWW_ERROR,APARINDS,INE372A01015,APAR INDUSTRIES LTD.,NSE_EQ|INE372A01015,,,,,,,,,,,,,,,,,,,,,,,,,"Groww HTTP 401: {""errorCode"":401,""errorMessage"":{""message"":""Please Login and Try Again""}}"
164,GROWW_ERROR,ANURAS,INE930P01018,ANUPAM RASAYAN INDIA LTD,NSE_EQ|INE930P01018,,,,,,,,,,,,,,,,,,,,,,,,,"Groww HTTP 401: {""errorCode"":401,""errorMessage"":{""message"":""Please Login and Try Again""}}"
163,GROWW_ERROR,ANUP,INE294Z01018,THE ANUP ENGINEERING LTD,NSE_EQ|INE294Z01018,,,,,,,,,,,,,,,,,,,,,,,,,"Groww HTTP 401: {""errorCode"":401,""errorMessage"":{""message"":""Please Login and Try Again""}}"
162,GROWW_ERROR,ANUHPHR,INE489G01022,ANUH PHARMA LIMITED,NSE_EQ|INE489G01022,,,,,,,,,,,,,,,,,,,,,,,,,"Groww HTTP 401: {""errorCode"":401,""errorMessage"":{""message"":""Please Login and Try Again""}}"
161,GROWW_ERROR,ANTHEM,INE0CZ201020,ANTHEM BIOSCIENCES LTD,NSE_EQ|INE0CZ201020,,,,,,,,,,,,,,,,,,,,,,,,,"Groww HTTP 401: {""errorCode"":401,""errorMessage"":{""message"":""Please Login and Try Again""}}"
160,GROWW_ERROR,ANTGRAPHIC,INE414B01021,ANTARCTICA LTD,NSE_EQ|INE414B01021,,,,,,,,,,,,,,,,,,,,,,,,,"Groww HTTP 401: {""errorCode"":401,""errorMessage"":{""message"":""Please Login and Try Again""}}"
159,GROWW_ERROR,ANTELOPUS,INE818A01017,ANTELOPUS SELAN ENRGY LTD,NSE_EQ|INE818A01017,,,,,,,,,,,,,,,,,,,,,,,,,"Groww HTTP 401: {""errorCode"":401,""errorMessage"":{""message"":""Please Login and Try Again""}}"
158,GROWW_ERROR,ANSALAPI,INE436A01026,ANSAL PROP & INFRA LTD,NSE_EQ|INE436A01026,,,,,,,,,,,,,,,,,,,,,,,,,"Groww HTTP 401: {""errorCode"":401,""errorMessage"":{""message"":""Please Login and Try Again""}}"
157,GROWW_ERROR,ANMOL,INE02AR01019,ANMOL INDIA LIMITED,NSE_EQ|INE02AR01019,,,,,,,,,,,,,,,,,,,,,,,,,"Groww HTTP 401: {""errorCode"":401,""errorMessage"":{""message"":""Please Login and Try Again""}}"
156,GROWW_ERROR,ANKITMETAL,INE106I01010,ANKIT MET & POW LTD,NSE_EQ|INE106I01010,,,,,,,,,,,,,,,,,,,,,,,,,"Groww HTTP 401: {""errorCode"":401,""errorMessage"":{""message"":""Please Login and Try Again""}}"
155,GROWW_ERROR,ANIKINDS,INE087B01017,ANIK INDUSTRIES LTD,NSE_EQ|INE087B01017,,,,,,,,,,,,,,,,,,,,,,,,,"Groww HTTP 401: {""errorCode"":401,""errorMessage"":{""message"":""Please Login and Try Again""}}"
154,GROWW_ERROR,ANGELONE,INE732I01021,ANGEL ONE LIMITED,NSE_EQ|INE732I01021,,,,,,,,,,,,,,,,,,,,,,,,,"Groww HTTP 401: {""errorCode"":401,""errorMessage"":{""message"":""Please Login and Try Again""}}"
153,GROWW_ERROR,ANDHRSUGAR,INE715B01021,ANDHRA SUGARS LTD,NSE_EQ|INE715B01021,,,,,,,,,,,,,,,,,,,,,,,,,"Groww HTTP 401: {""errorCode"":401,""errorMessage"":{""message"":""Please Login and Try Again""}}"
152,GROWW_ERROR,ANDHRAPAP,INE435A01051,ANDHRA PAPER LIMITED,NSE_EQ|INE435A01051,,,,,,,,,,,,,,,,,,,,,,,,,"Groww HTTP 401: {""errorCode"":401,""errorMessage"":{""message"":""Please Login and Try Again""}}"
151,GROWW_ERROR,ANANTRAJ,INE242C01024,ANANT RAJ LIMITED,NSE_EQ|INE242C01024,,,,,,,,,,,,,,,,,,,,,,,,,"Groww HTTP 401: {""errorCode"":401,""errorMessage"":{""message"":""Please Login and Try Again""}}"
150,GROWW_ERROR,ANANDRATHI,INE463V01026,ANAND RATHI WEALTH LTD,NSE_EQ|INE463V01026,,,,,,,,,,,,,,,,,,,,,,,,,"Groww HTTP 401: {""errorCode"":401,""errorMessage"":{""message"":""Please Login and Try Again""}}"
149,GROWW_ERROR,AMRUTANJAN,INE098F01031,AMRUTAJAN HEALTH LTD,NSE_EQ|INE098F01031,,,,,,,,,,,,,,,,,,,,,,,,,"Groww HTTP 401: {""errorCode"":401,""errorMessage"":{""message"":""Please Login and Try Again""}}"
148,GROWW_ERROR,AMNPLST,INE275D01022,AMINES & PLASTICIZERS LTD,NSE_EQ|INE275D01022,,,,,,,,,,,,,,,,,,,,,,,,,"Groww HTTP 401: {""errorCode"":401,""errorMessage"":{""message"":""Please Login and Try Again""}}"
147,GROWW_ERROR,AMJLAND,INE606A01024,AMJ LAND HOLDINGS LIMITED,NSE_EQ|INE606A01024,,,,,,,,,,,,,,,,,,,,,,,,,"Groww HTTP 401: {""errorCode"":401,""errorMessage"":{""message"":""Please Login and Try Again""}}"
146,GROWW_ERROR,AMIRCHAND,INE05TO01019,AMIR CHAND JAG KUM (E) L,NSE_EQ|INE05TO01019,,,,,,,,,,,,,,,,,,,,,,,,,"Groww HTTP 401: {""errorCode"":401,""errorMessage"":{""message"":""Please Login and Try Again""}}"
145,GROWW_ERROR,AMDIND,INE005I01014,AMD INDUSTRIES LIMITED,NSE_EQ|INE005I01014,,,,,,,,,,,,,,,,,,,,,,,,,"Groww HTTP 401: {""errorCode"":401,""errorMessage"":{""message"":""Please Login and Try Again""}}"
144,GROWW_ERROR,AMBUJACEM,INE079A01024,AMBUJA CEMENTS LTD,NSE_EQ|INE079A01024,,,,,,,,,,,,,,,,,,,,,,,,,"Groww HTTP 401: {""errorCode"":401,""errorMessage"":{""message"":""Please Login and Try Again""}}"
143,GROWW_ERROR,AMBIKCO,INE540G01014,AMBIKA COTTON MILL LTD.,NSE_EQ|INE540G01014,,,,,,,,,,,,,,,,,,,,,,,,,"Groww HTTP 401: {""errorCode"":401,""errorMessage"":{""message"":""Please Login and Try Again""}}"
142,GROWW_ERROR,AMBICAAGAR,INE792B01012,AMBICA AGAR & AROMAINDLTD,NSE_EQ|INE792B01012,,,,,,,,,,,,,,,,,,,,,,,,,"Groww HTTP 401: {""errorCode"":401,""errorMessage"":{""message"":""Please Login and Try Again""}}"
141,GROWW_ERROR,AMBER,INE371P01015,AMBER ENTERPRISES (I) LTD,NSE_EQ|INE371P01015,,,,,,,,,,,,,,,,,,,,,,,,,"Groww HTTP 401: {""errorCode"":401,""errorMessage"":{""message"":""Please Login and Try Again""}}"
140,GROWW_ERROR,AMBALALSA,INE432A01017,AMBALAL SARABHAI ENT L,NSE_EQ|INE432A01017,,,,,,,,,,,,,,,,,,,,,,,,,"Groww HTTP 401: {""errorCode"":401,""errorMessage"":{""message"":""Please Login and Try Again""}}"
139,GROWW_ERROR,AMANTA,INE084K01015,AMANTA HEALTHCARE LIMITED,NSE_EQ|INE084K01015,,,,,,,,,,,,,,,,,,,,,,,,,"Groww HTTP 401: {""errorCode"":401,""errorMessage"":{""message"":""Please Login and Try Again""}}"
138,GROWW_ERROR,AMAGI,INE121R01077,AMAGI MEDIA LABS LIMITED,NSE_EQ|INE121R01077,,,,,,,,,,,,,,,,,,,,,,,,,"Groww HTTP 401: {""errorCode"":401,""errorMessage"":{""message"":""Please Login and Try Again""}}"
137,GROWW_ERROR,ALPHAGEO,INE137C01018,ALPHAGEO (INDIA) LIMITED,NSE_EQ|INE137C01018,,,,,,,,,,,,,,,,,,,,,,,,,"Groww HTTP 401: {""errorCode"":401,""errorMessage"":{""message"":""Please Login and Try Again""}}"
136,GROWW_ERROR,ALPA,INE385I01010,ALPA LABORATORIES LTD,NSE_EQ|INE385I01010,,,,,,,,,,,,,,,,,,,,,,,,,"Groww HTTP 401: {""errorCode"":401,""errorMessage"":{""message"":""Please Login and Try Again""}}"
135,GROWW_ERROR,ALOKINDS,INE270A01029,ALOK INDUSTRIES LIMITED,NSE_EQ|INE270A01029,,,,,,,,,,,,,,,,,,,,,,,,,"Groww HTTP 401: {""errorCode"":401,""errorMessage"":{""message"":""Please Login and Try Again""}}"
134,GROWW_ERROR,ALMONDZ,INE326B01035,ALMONDZ GLOBAL SEC LTD,NSE_EQ|INE326B01035,,,,,,,,,,,,,,,,,,,,,,,,,"Groww HTTP 401: {""errorCode"":401,""errorMessage"":{""message"":""Please Login and Try Again""}}"
133,GROWW_ERROR,ALLTIME,INE0GV601021,ALL TIME PLASTICS LIMITED,NSE_EQ|INE0GV601021,,,,,,,,,,,,,,,,,,,,,,,,,"Groww HTTP 401: {""errorCode"":401,""errorMessage"":{""message"":""Please Login and Try Again""}}"
132,GROWW_ERROR,ALLDIGI,INE835G01018,ALLDIGI TECH LIMITED,NSE_EQ|INE835G01018,,,,,,,,,,,,,,,,,,,,,,,,,"Groww HTTP 401: {""errorCode"":401,""errorMessage"":{""message"":""Please Login and Try Again""}}"
131,GROWW_ERROR,ALLCARGO,INE418H01029,ALLCARGO LOGISTICS LTD,NSE_EQ|INE418H01029,,,,,,,,,,,,,,,,,,,,,,,,,"Groww HTTP 401: {""errorCode"":401,""errorMessage"":{""message"":""Please Login and Try Again""}}"
130,GROWW_ERROR,ALKYLAMINE,INE150B01039,ALKYL AMINES CHEM. LTD,NSE_EQ|INE150B01039,,,,,,,,,,,,,,,,,,,,,,,,,"Groww HTTP 401: {""errorCode"":401,""errorMessage"":{""message"":""Please Login and Try Again""}}"
129,GROWW_ERROR,ALKEM,INE540L01014,ALKEM LABORATORIES LTD.,NSE_EQ|INE540L01014,,,,,,,,,,,,,,,,,,,,,,,,,"Groww HTTP 401: {""errorCode"":401,""errorMessage"":{""message"":""Please Login and Try Again""}}"
128,GROWW_ERROR,ALKALI,INE773I01017,ALKALI METALS LTD,NSE_EQ|INE773I01017,,,,,,,,,,,,,,,,,,,,,,,,,"Groww HTTP 401: {""errorCode"":401,""errorMessage"":{""message"":""Please Login and Try Again""}}"
127,GROWW_ERROR,ALIVUS,INE03Q201024,ALIVUS LIFE SCIENCES LTD,NSE_EQ|INE03Q201024,,,,,,,,,,,,,,,,,,,,,,,,,"Groww HTTP 401: {""errorCode"":401,""errorMessage"":{""message"":""Please Login and Try Again""}}"
126,GROWW_ERROR,ALICON,INE062D01024,ALICON CASTALLOY LIMITED,NSE_EQ|INE062D01024,,,,,,,,,,,,,,,,,,,,,,,,,"Groww HTTP 401: {""errorCode"":401,""errorMessage"":{""message"":""Please Login and Try Again""}}"
125,GROWW_ERROR,ALGOQUANT,INE598D01035,ALGOQUANT FINTECH LIMITED,NSE_EQ|INE598D01035,,,,,,,,,,,,,,,,,,,,,,,,,"Groww HTTP 401: {""errorCode"":401,""errorMessage"":{""message"":""Please Login and Try Again""}}"
124,GROWW_ERROR,ALEMBICLTD,INE426A01027,ALEMBIC LIMITED,NSE_EQ|INE426A01027,,,,,,,,,,,,,,,,,,,,,,,,,"Groww HTTP 401: {""errorCode"":401,""errorMessage"":{""message"":""Please Login and Try Again""}}"
123,GROWW_ERROR,ALBERTDAVD,INE155C01010,ALBERT DAVID LIMITED,NSE_EQ|INE155C01010,,,,,,,,,,,,,,,,,,,,,,,,,"Groww HTTP 401: {""errorCode"":401,""errorMessage"":{""message"":""Please Login and Try Again""}}"
122,GROWW_ERROR,ALANKIT,INE914E01040,ALANKIT LIMITED,NSE_EQ|INE914E01040,,,,,,,,,,,,,,,,,,,,,,,,,"Groww HTTP 401: {""errorCode"":401,""errorMessage"":{""message"":""Please Login and Try Again""}}"
121,GROWW_ERROR,AKUMS,INE09XN01023,AKUMS DRUGS AND PHARMA L,NSE_EQ|INE09XN01023,,,,,,,,,,,,,,,,,,,,,,,,,"Groww HTTP 401: {""errorCode"":401,""errorMessage"":{""message"":""Please Login and Try Again""}}"
120,GROWW_ERROR,AKSHOPTFBR,INE523B01011,AKSH OPTIFIBRE  LTD,NSE_EQ|INE523B01011,,,,,,,,,,,,,,,,,,,,,,,,,"Groww HTTP 401: {""errorCode"":401,""errorMessage"":{""message"":""Please Login and Try Again""}}"
119,GROWW_ERROR,AKSHARCHEM,INE542B01011,AKSHARCHEM INDIA LIMITED,NSE_EQ|INE542B01011,,,,,,,,,,,,,,,,,,,,,,,,,"Groww HTTP 401: {""errorCode"":401,""errorMessage"":{""message"":""Please Login and Try Again""}}"
118,GROWW_ERROR,AKSHAR,INE256Z01025,AKSHAR SPINTEX LIMITED,NSE_EQ|INE256Z01025,,,,,,,,,,,,,,,,,,,,,,,,,"Groww HTTP 401: {""errorCode"":401,""errorMessage"":{""message"":""Please Login and Try Again""}}"
117,GROWW_ERROR,AKI,INE642Z01026,AKI INDIA LIMITED,NSE_EQ|INE642Z01026,,,,,,,,,,,,,,,,,,,,,,,,,"Groww HTTP 401: {""errorCode"":401,""errorMessage"":{""message"":""Please Login and Try Again""}}"
116,GROWW_ERROR,AKG,INE00Y801016,AKG EXIM LIMITED,NSE_EQ|INE00Y801016,,,,,,,,,,,,,,,,,,,,,,,,,"Groww HTTP 401: {""errorCode"":401,""errorMessage"":{""message"":""Please Login and Try Again""}}"
115,GROWW_ERROR,AKCAPIT,INE701G01012,A K CAPITAL SERVICES LTD.,NSE_EQ|INE701G01012,,,,,,,,,,,,,,,,,,,,,,,,,"Groww HTTP 401: {""errorCode"":401,""errorMessage"":{""message"":""Please Login and Try Again""}}"
114,GROWW_ERROR,AKASH,INE737W01013,AKASH INFRA-PROJECTS LTD,NSE_EQ|INE737W01013,,,,,,,,,,,,,,,,,,,,,,,,,"Groww HTTP 401: {""errorCode"":401,""errorMessage"":{""message"":""Please Login and Try Again""}}"
113,GROWW_ERROR,AJOONI,INE820Y01021,AJOONI BIOTECH LIMITED,NSE_EQ|INE820Y01021,,,,,,,,,,,,,,,,,,,,,,,,,"Groww HTTP 401: {""errorCode"":401,""errorMessage"":{""message"":""Please Login and Try Again""}}"
112,GROWW_ERROR,AJMERA,INE298G01035,AJMERA REALTY & INF I LTD,NSE_EQ|INE298G01035,,,,,,,,,,,,,,,,,,,,,,,,,"Groww HTTP 401: {""errorCode"":401,""errorMessage"":{""message"":""Please Login and Try Again""}}"
111,GROWW_ERROR,AJAXENGG,INE274Y01021,AJAX ENGINEERING LIMITED,NSE_EQ|INE274Y01021,,,,,,,,,,,,,,,,,,,,,,,,,"Groww HTTP 401: {""errorCode"":401,""errorMessage"":{""message"":""Please Login and Try Again""}}"
110,GROWW_ERROR,AJANTPHARM,INE031B01049,AJANTA PHARMA LIMITED,NSE_EQ|INE031B01049,,,,,,,,,,,,,,,,,,,,,,,,,"Groww HTTP 401: {""errorCode"":401,""errorMessage"":{""message"":""Please Login and Try Again""}}"
109,GROWW_ERROR,AIROLAM,INE801L01010,AIRO LAM LIMITED,NSE_EQ|INE801L01010,,,,,,,,,,,,,,,,,,,,,,,,,"Groww HTTP 401: {""errorCode"":401,""errorMessage"":{""message"":""Please Login and Try Again""}}"
108,GROWW_ERROR,AIRAN,INE645W01026,AIRAN LIMITED,NSE_EQ|INE645W01026,,,,,,,,,,,,,,,,,,,,,,,,,"Groww HTTP 401: {""errorCode"":401,""errorMessage"":{""message"":""Please Login and Try Again""}}"
107,GROWW_ERROR,AIIL,INE206F01022,AUTHUM INVEST & INFRA LTD,NSE_EQ|INE206F01022,,,,,,,,,,,,,,,,,,,,,,,,,"Groww HTTP 401: {""errorCode"":401,""errorMessage"":{""message"":""Please Login and Try Again""}}"
106,GROWW_ERROR,AIAENG,INE212H01026,AIA ENGINEERING LIMITED,NSE_EQ|INE212H01026,,,,,,,,,,,,,,,,,,,,,,,,,"Groww HTTP 401: {""errorCode"":401,""errorMessage"":{""message"":""Please Login and Try Again""}}"
105,GROWW_ERROR,AHLWEST,INE915K01010,ASIAN HOTELS (WEST) LTD,NSE_EQ|INE915K01010,,,,,,,,,,,,,,,,,,,,,,,,,"Groww HTTP 401: {""errorCode"":401,""errorMessage"":{""message"":""Please Login and Try Again""}}"
104,GROWW_ERROR,AHLUCONT,INE758C01029,AHLUWALIA CONT IND LTD,NSE_EQ|INE758C01029,,,,,,,,,,,,,,,,,,,,,,,,,"Groww HTTP 401: {""errorCode"":401,""errorMessage"":{""message"":""Please Login and Try Again""}}"
103,GROWW_ERROR,AHLEAST,INE926K01017,ASIAN HOTELS (EAST) LTD,NSE_EQ|INE926K01017,,,,,,,,,,,,,,,,,,,,,,,,,"Groww HTTP 401: {""errorCode"":401,""errorMessage"":{""message"":""Please Login and Try Again""}}"
102,GROWW_ERROR,AHLADA,INE00PV01013,AHLADA ENGINEERS LIMITED,NSE_EQ|INE00PV01013,,,,,,,,,,,,,,,,,,,,,,,,,"Groww HTTP 401: {""errorCode"":401,""errorMessage"":{""message"":""Please Login and Try Again""}}"
101,GROWW_ERROR,AHCL,INE0Y8W01025,ANLON HEALTHCARE LIMITED,NSE_EQ|INE0Y8W01025,,,,,,,,,,,,,,,,,,,,,,,,,"Groww HTTP 401: {""errorCode"":401,""errorMessage"":{""message"":""Please Login and Try Again""}}"
100,GROWW_ERROR,AGROPHOS,INE740V01019,AGRO PHOS INDIA LIMITED,NSE_EQ|INE740V01019,,,,,,,,,,,,,,,,,,,,,,,,,"Groww HTTP 401: {""errorCode"":401,""errorMessage"":{""message"":""Please Login and Try Again""}}"
99,GROWW_ERROR,AGRITECH,INE449G01018,AGRI-TECH (INDIA) LIMITED,NSE_EQ|INE449G01018,,,,,,,,,,,,,,,,,,,,,,,,,"Groww HTTP 401: {""errorCode"":401,""errorMessage"":{""message"":""Please Login and Try Again""}}"
98,GROWW_ERROR,AGIIL,INE976R01033,AGI INFRA LIMITED,NSE_EQ|INE976R01033,,,,,,,,,,,,,,,,,,,,,,,,,"Groww HTTP 401: {""errorCode"":401,""errorMessage"":{""message"":""Please Login and Try Again""}}"
97,GROWW_ERROR,AGI,INE415A01038,AGI GREENPAC LIMITED,NSE_EQ|INE415A01038,,,,,,,,,,,,,,,,,,,,,,,,,"Groww HTTP 401: {""errorCode"":401,""errorMessage"":{""message"":""Please Login and Try Again""}}"
96,GROWW_ERROR,AGARWALEYE,INE943P01029,DR AGARWALS HEALTH CARE L,NSE_EQ|INE943P01029,,,,,,,,,,,,,,,,,,,,,,,,,"Groww HTTP 401: {""errorCode"":401,""errorMessage"":{""message"":""Please Login and Try Again""}}"
95,GROWW_ERROR,AGARIND,INE204E01012,AGARWAL INDS CORP LTD.,NSE_EQ|INE204E01012,,,,,,,,,,,,,,,,,,,,,,,,,"Groww HTTP 401: {""errorCode"":401,""errorMessage"":{""message"":""Please Login and Try Again""}}"
94,GROWW_ERROR,AFSL,INE00ZE01026,ABANS FINANCIAL SRVCS LTD,NSE_EQ|INE00ZE01026,,,,,,,,,,,,,,,,,,,,,,,,,"Groww HTTP 401: {""errorCode"":401,""errorMessage"":{""message"":""Please Login and Try Again""}}"
93,GROWW_ERROR,AFIL,INE916Y01027,AKME FINTRADE (INDIA) LTD,NSE_EQ|INE916Y01027,,,,,,,,,,,,,,,,,,,,,,,,,"Groww HTTP 401: {""errorCode"":401,""errorMessage"":{""message"":""Please Login and Try Again""}}"
92,GROWW_ERROR,AFFORDABLE,INE692Z01013,AFFORD ROBO & AUTO LTD,NSE_EQ|INE692Z01013,,,,,,,,,,,,,,,,,,,,,,,,,"Groww HTTP 401: {""errorCode"":401,""errorMessage"":{""message"":""Please Login and Try Again""}}"
91,GROWW_ERROR,AFFLE,INE00WC01027,AFFLE 3I LIMITED,NSE_EQ|INE00WC01027,,,,,,,,,,,,,,,,,,,,,,,,,"Groww HTTP 401: {""errorCode"":401,""errorMessage"":{""message"":""Please Login and Try Again""}}"
90,GROWW_ERROR,AFCONS,INE101I01011,AFCONS INFRASTRUCTURE LTD,NSE_EQ|INE101I01011,,,,,,,,,,,,,,,,,,,,,,,,,"Groww HTTP 401: {""errorCode"":401,""errorMessage"":{""message"":""Please Login and Try Again""}}"
89,GROWW_ERROR,AETHER,INE0BWX01014,AETHER INDUSTRIES LIMITED,NSE_EQ|INE0BWX01014,,,,,,,,,,,,,,,,,,,,,,,,,"Groww HTTP 401: {""errorCode"":401,""errorMessage"":{""message"":""Please Login and Try Again""}}"
88,GROWW_ERROR,AERONEU,INE035801013,AEROFLEX NEU LIMITED,NSE_EQ|INE035801013,,,,,,,,,,,,,,,,,,,,,,,,,"Groww HTTP 401: {""errorCode"":401,""errorMessage"":{""message"":""Please Login and Try Again""}}"
87,GROWW_ERROR,AEROFLEX,INE024001021,AEROFLEX INDUSTRIES LTD,NSE_EQ|INE024001021,,,,,,,,,,,,,,,,,,,,,,,,,"Groww HTTP 401: {""errorCode"":401,""errorMessage"":{""message"":""Please Login and Try Again""}}"
86,GROWW_ERROR,AEROENTER,INE065D01027,AEROFLEX ENTERPRISES LTD,NSE_EQ|INE065D01027,,,,,,,,,,,,,,,,,,,,,,,,,"Groww HTTP 401: {""errorCode"":401,""errorMessage"":{""message"":""Please Login and Try Again""}}"
85,GROWW_ERROR,AEQUS,INE947N01017,AEQUS LIMITED,NSE_EQ|INE947N01017,,,,,,,,,,,,,,,,,,,,,,,,,"Groww HTTP 401: {""errorCode"":401,""errorMessage"":{""message"":""Please Login and Try Again""}}"
84,GROWW_ERROR,AEPL,INE757T01025,ARTEMIS ELECTRICALS & P L,NSE_EQ|INE757T01025,,,,,,,,,,,,,,,,,,,,,,,,,"Groww HTTP 401: {""errorCode"":401,""errorMessage"":{""message"":""Please Login and Try Again""}}"
83,GROWW_ERROR,AEGISVOPAK,INE0INX01018,AEGIS VOPAK TERMINALS LTD,NSE_EQ|INE0INX01018,,,,,,,,,,,,,,,,,,,,,,,,,"Groww HTTP 401: {""errorCode"":401,""errorMessage"":{""message"":""Please Login and Try Again""}}"
82,GROWW_ERROR,AEGISLOG,INE208C01025,AEGIS LOGISTICS LIMITED,NSE_EQ|INE208C01025,,,,,,,,,,,,,,,,,,,,,,,,,"Groww HTTP 401: {""errorCode"":401,""errorMessage"":{""message"":""Please Login and Try Again""}}"
81,GROWW_ERROR,ADVENZYMES,INE837H01020,ADVANCED ENZYME TECH LTD,NSE_EQ|INE837H01020,,,,,,,,,,,,,,,,,,,,,,,,,"Groww HTTP 401: {""errorCode"":401,""errorMessage"":{""message"":""Please Login and Try Again""}}"
80,GROWW_ERROR,ADVENTHTL,INE28GN01010,ADVENT HOTELS INTERNATI L,NSE_EQ|INE28GN01010,,,,,,,,,,,,,,,,,,,,,,,,,"Groww HTTP 401: {""errorCode"":401,""errorMessage"":{""message"":""Please Login and Try Again""}}"
79,GROWW_ERROR,ADVANIHOTR,INE199C01026,ADVANI HOT.& RES.(I) LTD,NSE_EQ|INE199C01026,,,,,,,,,,,,,,,,,,,,,,,,,"Groww HTTP 401: {""errorCode"":401,""errorMessage"":{""message"":""Please Login and Try Again""}}"
78,GROWW_ERROR,ADVANCE,INE1B0W01010,ADVANCE AGROLIFE LIMITED,NSE_EQ|INE1B0W01010,,,,,,,,,,,,,,,,,,,,,,,,,"Groww HTTP 401: {""errorCode"":401,""errorMessage"":{""message"":""Please Login and Try Again""}}"
77,GROWW_ERROR,ADVAIT,INE0ALI01010,ADVAIT ENRGY TRANSITION L,NSE_EQ|INE0ALI01010,,,,,,,,,,,,,,,,,,,,,,,,,"Groww HTTP 401: {""errorCode"":401,""errorMessage"":{""message"":""Please Login and Try Again""}}"
76,GROWW_ERROR,ADSL,INE102I01027,ALLIED DIGITAL SERV. LTD,NSE_EQ|INE102I01027,,,,,,,,,,,,,,,,,,,,,,,,,"Groww HTTP 401: {""errorCode"":401,""errorMessage"":{""message"":""Please Login and Try Again""}}"
75,GROWW_ERROR,ADROITINFO,INE737B01033,ADROIT INFOTECH LIMITED,NSE_EQ|INE737B01033,,,,,,,,,,,,,,,,,,,,,,,,,"Groww HTTP 401: {""errorCode"":401,""errorMessage"":{""message"":""Please Login and Try Again""}}"
74,GROWW_ERROR,ADOR,INE045A01017,ADOR WELDING LTD,NSE_EQ|INE045A01017,,,,,,,,,,,,,,,,,,,,,,,,,"Groww HTTP 401: {""errorCode"":401,""errorMessage"":{""message"":""Please Login and Try Again""}}"
73,GROWW_ERROR,ADL,INE0CHO01012,ARCHIDPLY DECOR LIMITED,NSE_EQ|INE0CHO01012,,,,,,,,,,,,,,,,,,,,,,,,,"Groww HTTP 401: {""errorCode"":401,""errorMessage"":{""message"":""Please Login and Try Again""}}"
72,GROWW_ERROR,ADFFOODS,INE982B01027,ADF FOODS LIMITED,NSE_EQ|INE982B01027,,,,,,,,,,,,,,,,,,,,,,,,,"Groww HTTP 401: {""errorCode"":401,""errorMessage"":{""message"":""Please Login and Try Again""}}"
71,GROWW_ERROR,ADANIPOWER,INE814H01029,ADANI POWER LTD,NSE_EQ|INE814H01029,,,,,,,,,,,,,,,,,,,,,,,,,"Groww HTTP 401: {""errorCode"":401,""errorMessage"":{""message"":""Please Login and Try Again""}}"
70,GROWW_ERROR,ADANIPORTS,INE742F01042,ADANI PORT & SEZ LTD,NSE_EQ|INE742F01042,,,,,,,,,,,,,,,,,,,,,,,,,"Groww HTTP 401: {""errorCode"":401,""errorMessage"":{""message"":""Please Login and Try Again""}}"
69,GROWW_ERROR,ADANIGREEN,INE364U01010,ADANI GREEN ENERGY LTD,NSE_EQ|INE364U01010,,,,,,,,,,,,,,,,,,,,,,,,,"Groww HTTP 401: {""errorCode"":401,""errorMessage"":{""message"":""Please Login and Try Again""}}"
68,GROWW_ERROR,ADANIENT,INE423A01024,ADANI ENTERPRISES LIMITED,NSE_EQ|INE423A01024,,,,,,,,,,,,,,,,,,,,,,,,,"Groww HTTP 401: {""errorCode"":401,""errorMessage"":{""message"":""Please Login and Try Again""}}"
67,GROWW_ERROR,ADANIENSOL,INE931S01010,ADANI ENERGY SOLUTION LTD,NSE_EQ|INE931S01010,,,,,,,,,,,,,,,,,,,,,,,,,"Groww HTTP 401: {""errorCode"":401,""errorMessage"":{""message"":""Please Login and Try Again""}}"
66,GROWW_ERROR,ACUTAAS,INE00FF01025,ACUTAAS CHEMICALS LIMITED,NSE_EQ|INE00FF01025,,,,,,,,,,,,,,,,,,,,,,,,,"Groww HTTP 401: {""errorCode"":401,""errorMessage"":{""message"":""Please Login and Try Again""}}"
65,GROWW_ERROR,ACSTECH,INE366C01021,A C S TECHNOLOGIES LTD.,NSE_EQ|INE366C01021,,,,,,,,,,,,,,,,,,,,,,,,,"Groww HTTP 401: {""errorCode"":401,""errorMessage"":{""message"":""Please Login and Try Again""}}"
64,GROWW_ERROR,ACMESOLAR,INE622W01025,ACME SOLAR HOLDINGS LTD,NSE_EQ|INE622W01025,,,,,,,,,,,,,,,,,,,,,,,,,"Groww HTTP 401: {""errorCode"":401,""errorMessage"":{""message"":""Please Login and Try Again""}}"
63,GROWW_ERROR,ACL,INE666E01020,ANDHRA CEMENTS LIMITED,NSE_EQ|INE666E01020,,,,,,,,,,,,,,,,,,,,,,,,,"Groww HTTP 401: {""errorCode"":401,""errorMessage"":{""message"":""Please Login and Try Again""}}"
62,GROWW_ERROR,ACI,INE128X01021,ARCHEAN CHEMICAL IND LTD,NSE_EQ|INE128X01021,,,,,,,,,,,,,,,,,,,,,,,,,"Groww HTTP 401: {""errorCode"":401,""errorMessage"":{""message"":""Please Login and Try Again""}}"
61,GROWW_ERROR,ACEINTEG,INE543V01017,ACE INTEGRATED SOLU. LTD.,NSE_EQ|INE543V01017,,,,,,,,,,,,,,,,,,,,,,,,,"Groww HTTP 401: {""errorCode"":401,""errorMessage"":{""message"":""Please Login and Try Again""}}"
60,GROWW_ERROR,ACE,INE731H01025,ACTION CONST EQUIP LTD,NSE_EQ|INE731H01025,,,,,,,,,,,,,,,,,,,,,,,,,"Groww HTTP 401: {""errorCode"":401,""errorMessage"":{""message"":""Please Login and Try Again""}}"
59,GROWW_ERROR,ACCURACY,INE648Z01023,ACCURACY SHIPPING LIMITED,NSE_EQ|INE648Z01023,,,,,,,,,,,,,,,,,,,,,,,,,"Groww HTTP 401: {""errorCode"":401,""errorMessage"":{""message"":""Please Login and Try Again""}}"
58,GROWW_ERROR,ACCELYA,INE793A01012,ACCELYA SOLN INDIA LTD,NSE_EQ|INE793A01012,,,,,,,,,,,,,,,,,,,,,,,,,"Groww HTTP 401: {""errorCode"":401,""errorMessage"":{""message"":""Please Login and Try Again""}}"
57,GROWW_ERROR,ACC,INE012A01025,ACC LIMITED,NSE_EQ|INE012A01025,,,,,,,,,,,,,,,,,,,,,,,,,"Groww HTTP 401: {""errorCode"":401,""errorMessage"":{""message"":""Please Login and Try Again""}}"
56,GROWW_ERROR,ABSLAMC,INE404A01024,ADIT BIRL SUN LIF AMC LTD,NSE_EQ|INE404A01024,,,,,,,,,,,,,,,,,,,,,,,,,"Groww HTTP 401: {""errorCode"":401,""errorMessage"":{""message"":""Please Login and Try Again""}}"
55,GROWW_ERROR,ABREL,INE055A01016,ADITYA BIRLA REAL EST LTD,NSE_EQ|INE055A01016,,,,,,,,,,,,,,,,,,,,,,,,,"Groww HTTP 401: {""errorCode"":401,""errorMessage"":{""message"":""Please Login and Try Again""}}"
54,GROWW_ERROR,ABMKNO,INE850B01026,A B M KNOWLEDGEWARE LTD.,NSE_EQ|INE850B01026,,,,,,,,,,,,,,,,,,,,,,,,,"Groww HTTP 401: {""errorCode"":401,""errorMessage"":{""message"":""Please Login and Try Again""}}"
53,GROWW_ERROR,ABMINTLLTD,INE251C01025,ABM INTERNATIONAL LTD,NSE_EQ|INE251C01025,,,,,,,,,,,,,,,,,,,,,,,,,"Groww HTTP 401: {""errorCode"":401,""errorMessage"":{""message"":""Please Login and Try Again""}}"
52,GROWW_ERROR,ABLBL,INE14LE01019,ADITYA BIRLA LIFES BRAN L,NSE_EQ|INE14LE01019,,,,,,,,,,,,,,,,,,,,,,,,,"Groww HTTP 401: {""errorCode"":401,""errorMessage"":{""message"":""Please Login and Try Again""}}"
51,GROWW_ERROR,ABINFRA,INE00YB01025,A B INFRABUILD LIMITED,NSE_EQ|INE00YB01025,,,,,,,,,,,,,,,,,,,,,,,,,"Groww HTTP 401: {""errorCode"":401,""errorMessage"":{""message"":""Please Login and Try Again""}}"
50,GROWW_ERROR,ABFRL,INE647O01011,ADITYA BIRLA FASHION & RT,NSE_EQ|INE647O01011,,,,,,,,,,,,,,,,,,,,,,,,,"Groww HTTP 401: {""errorCode"":401,""errorMessage"":{""message"":""Please Login and Try Again""}}"
49,GROWW_ERROR,ABDL,INE552Z01027,ALLIED BLEND N DISTILS L,NSE_EQ|INE552Z01027,,,,,,,,,,,,,,,,,,,,,,,,,"Groww HTTP 401: {""errorCode"":401,""errorMessage"":{""message"":""Please Login and Try Again""}}"
48,GROWW_ERROR,ABCOTS,INE08PH01015,A B COTSPIN INDIA LIMITED,NSE_EQ|INE08PH01015,,,,,,,,,,,,,,,,,,,,,,,,,"Groww HTTP 401: {""errorCode"":401,""errorMessage"":{""message"":""Please Login and Try Again""}}"
47,GROWW_ERROR,ABCAPITAL,INE674K01013,ADITYA BIRLA CAPITAL LTD.,NSE_EQ|INE674K01013,,,,,,,,,,,,,,,,,,,,,,,,,"Groww HTTP 401: {""errorCode"":401,""errorMessage"":{""message"":""Please Login and Try Again""}}"
46,GROWW_ERROR,ABBOTINDIA,INE358A01014,ABBOTT INDIA LIMITED,NSE_EQ|INE358A01014,,,,,,,,,,,,,,,,,,,,,,,,,"Groww HTTP 401: {""errorCode"":401,""errorMessage"":{""message"":""Please Login and Try Again""}}"
45,GROWW_ERROR,ABB,INE117A01022,ABB INDIA LIMITED,NSE_EQ|INE117A01022,,,,,,,,,,,,,,,,,,,,,,,,,"Groww HTTP 401: {""errorCode"":401,""errorMessage"":{""message"":""Please Login and Try Again""}}"
44,GROWW_ERROR,ABANSENT,INE365O01028,ABANS ENTERPRISES LTD.,NSE_EQ|INE365O01028,,,,,,,,,,,,,,,,,,,,,,,,,"Groww HTTP 401: {""errorCode"":401,""errorMessage"":{""message"":""Please Login and Try Again""}}"
43,GROWW_ERROR,AAVAS,INE216P01012,AAVAS FINANCIERS LIMITED,NSE_EQ|INE216P01012,,,,,,,,,,,,,,,,,,,,,,,,,"Groww HTTP 401: {""errorCode"":401,""errorMessage"":{""message"":""Please Login and Try Again""}}"
42,GROWW_ERROR,AARVI,INE754X01016,AARVI ENCON LIMITED,NSE_EQ|INE754X01016,,,,,,,,,,,,,,,,,,,,,,,,,"Groww HTTP 401: {""errorCode"":401,""errorMessage"":{""message"":""Please Login and Try Again""}}"
41,GROWW_ERROR,AARTISURF,INE09EO01013,AARTI SURFACTANTS LIMITED,NSE_EQ|INE09EO01013,,,,,,,,,,,,,,,,,,,,,,,,,"Groww HTTP 401: {""errorCode"":401,""errorMessage"":{""message"":""Please Login and Try Again""}}"
40,GROWW_ERROR,AARTIPHARM,INE0LRU01027,AARTI PHARMALABS LIMITED,NSE_EQ|INE0LRU01027,,,,,,,,,,,,,,,,,,,,,,,,,"Groww HTTP 401: {""errorCode"":401,""errorMessage"":{""message"":""Please Login and Try Again""}}"
39,GROWW_ERROR,AARTIIND,INE769A01020,AARTI INDUSTRIES LTD,NSE_EQ|INE769A01020,,,,,,,,,,,,,,,,,,,,,,,,,"Groww HTTP 401: {""errorCode"":401,""errorMessage"":{""message"":""Please Login and Try Again""}}"
38,GROWW_ERROR,AARTIDRUGS,INE767A01016,AARTI DRUGS LTD.,NSE_EQ|INE767A01016,,,,,,,,,,,,,,,,,,,,,,,,,"Groww HTTP 401: {""errorCode"":401,""errorMessage"":{""message"":""Please Login and Try Again""}}"
37,GROWW_ERROR,AARTECH,INE01C001026,AARTECH SOLONICS LIMITED,NSE_EQ|INE01C001026,,,,,,,,,,,,,,,,,,,,,,,,,"Groww HTTP 401: {""errorCode"":401,""errorMessage"":{""message"":""Please Login and Try Again""}}"
36,GROWW_ERROR,AARON,INE721Z01010,AARON INDUSTRIES LIMITED,NSE_EQ|INE721Z01010,,,,,,,,,,,,,,,,,,,,,,,,,"Groww HTTP 401: {""errorCode"":401,""errorMessage"":{""message"":""Please Login and Try Again""}}"
35,GROWW_ERROR,AARNAV,INE750R01016,AARNAV FASHIONS LIMITED,NSE_EQ|INE750R01016,,,,,,,,,,,,,,,,,,,,,,,,,"Groww HTTP 401: {""errorCode"":401,""errorMessage"":{""message"":""Please Login and Try Again""}}"
34,GROWW_ERROR,AAREYDRUGS,INE198H01019,AAREY DRUGS & PHARM LTD,NSE_EQ|INE198H01019,,,,,,,,,,,,,,,,,,,,,,,,,"Groww HTTP 401: {""errorCode"":401,""errorMessage"":{""message"":""Please Login and Try Again""}}"
33,GROWW_ERROR,AAKASH,INE087Z01024,AAKASH EXPLORATION SER L,NSE_EQ|INE087Z01024,,,,,,,,,,,,,,,,,,,,,,,,,"Groww HTTP 401: {""errorCode"":401,""errorMessage"":{""message"":""Please Login and Try Again""}}"
32,GROWW_ERROR,AADHARHFC,INE883F01010,AADHAR HOUSING FINANCE L,NSE_EQ|INE883F01010,,,,,,,,,,,,,,,,,,,,,,,,,"Groww HTTP 401: {""errorCode"":401,""errorMessage"":{""message"":""Please Login and Try Again""}}"
31,GROWW_ERROR,AAATECH,INE0D0U01013,AAA TECHNOLOGIES LIMITED,NSE_EQ|INE0D0U01013,,,,,,,,,,,,,,,,,,,,,,,,,"Groww HTTP 401: {""errorCode"":401,""errorMessage"":{""message"":""Please Login and Try Again""}}"
30,GROWW_ERROR,A2ZINFRA,INE619I01012,A2Z INFRA ENGINEERING LTD,NSE_EQ|INE619I01012,,,,,,,,,,,,,,,,,,,,,,,,,"Groww HTTP 401: {""errorCode"":401,""errorMessage"":{""message"":""Please Login and Try Again""}}"
29,GROWW_ERROR,63MOONS,INE111B01023,63 MOONS TECHNOLOGIES LTD,NSE_EQ|INE111B01023,,,,,,,,,,,,,,,,,,,,,,,,,"Groww HTTP 401: {""errorCode"":401,""errorMessage"":{""message"":""Please Login and Try Again""}}"
28,GROWW_ERROR,5PAISA,INE618L01018,5PAISA CAPITAL LIMITED,NSE_EQ|INE618L01018,,,,,,,,,,,,,,,,,,,,,,,,,"Groww HTTP 401: {""errorCode"":401,""errorMessage"":{""message"":""Please Login and Try Again""}}"
27,GROWW_ERROR,3PLAND,INE105C01023,3P LAND HOLDINGS LIMITED,NSE_EQ|INE105C01023,,,,,,,,,,,,,,,,,,,,,,,,,"Groww HTTP 401: {""errorCode"":401,""errorMessage"":{""message"":""Please Login and Try Again""}}"
26,GROWW_ERROR,3MINDIA,INE470A01017,3M INDIA LIMITED,NSE_EQ|INE470A01017,,,,,,,,,,,,,,,,,,,,,,,,,"Groww HTTP 401: {""errorCode"":401,""errorMessage"":{""message"":""Please Login and Try Again""}}"
25,GROWW_ERROR,3IINFOLTD,INE748C01038,3I INFOTECH LIMITED,NSE_EQ|INE748C01038,,,,,,,,,,,,,,,,,,,,,,,,,"Groww HTTP 401: {""errorCode"":401,""errorMessage"":{""message"":""Please Login and Try Again""}}"
24,GROWW_ERROR,3BBLACKBIO,INE994E01018,3B BLACKBIO DX LTD.,NSE_EQ|INE994E01018,,,,,,,,,,,,,,,,,,,,,,,,,"Groww HTTP 401: {""errorCode"":401,""errorMessage"":{""message"":""Please Login and Try Again""}}"
23,GROWW_ERROR,360ONE,INE466L01038,360 ONE WAM LIMITED,NSE_EQ|INE466L01038,,,,,,,,,,,,,,,,,,,,,,,,,"Groww HTTP 401: {""errorCode"":401,""errorMessage"":{""message"":""Please Login and Try Again""}}"
22,GROWW_ERROR,21STCENMGM,INE253B01015,21ST CENTURY MGMT SERVICE,NSE_EQ|INE253B01015,,,,,,,,,,,,,,,,,,,,,,,,,"Groww HTTP 401: {""errorCode"":401,""errorMessage"":{""message"":""Please Login and Try Again""}}"
21,GROWW_ERROR,20MICRONS,INE144J01027,20 MICRONS LTD,NSE_EQ|INE144J01027,,,,,,,,,,,,,,,,,,,,,,,,,"Groww HTTP 401: {""errorCode"":401,""errorMessage"":{""message"":""Please Login and Try Again""}}"
20,GROWW_ERROR,M&M,INE101A01026,MAHINDRA & MAHINDRA LTD,NSE_EQ|INE101A01026,,,,,,,,,,,,,,,,,,,,,,,,,"Groww HTTP 401: {""errorCode"":401,""errorMessage"":{""message"":""Please Login and Try Again""}}"
19,GROWW_ERROR,SUNPHARMA,INE044A01036,SUN PHARMACEUTICAL IND L,NSE_EQ|INE044A01036,,,,,,,,,,,,,,,,,,,,,,,,,"Groww HTTP 401: {""errorCode"":401,""errorMessage"":{""message"":""Please Login and Try Again""}}"
18,GROWW_ERROR,NTPC,INE733E01010,NTPC LTD,NSE_EQ|INE733E01010,,,,,,,,,,,,,,,,,,,,,,,,,"Groww HTTP 401: {""errorCode"":401,""errorMessage"":{""message"":""Please Login and Try Again""}}"
17,GROWW_ERROR,POWERGRID,INE752E01010,POWER GRID CORP. LTD.,NSE_EQ|INE752E01010,,,,,,,,,,,,,,,,,,,,,,,,,"Groww HTTP 401: {""errorCode"":401,""errorMessage"":{""message"":""Please Login and Try Again""}}"
16,GROWW_ERROR,TITAN,INE280A01028,TITAN COMPANY LIMITED,NSE_EQ|INE280A01028,,,,,,,,,,,,,,,,,,,,,,,,,"Groww HTTP 401: {""errorCode"":401,""errorMessage"":{""message"":""Please Login and Try Again""}}"
15,GROWW_ERROR,ULTRACEMCO,INE481G01011,ULTRATECH CEMENT LIMITED,NSE_EQ|INE481G01011,,,,,,,,,,,,,,,,,,,,,,,,,"Groww HTTP 401: {""errorCode"":401,""errorMessage"":{""message"":""Please Login and Try Again""}}"
14,GROWW_ERROR,BAJFINANCE,INE296A01032,BAJAJ FINANCE LIMITED,NSE_EQ|INE296A01032,,,,,,,,,,,,,,,,,,,,,,,,,"Groww HTTP 401: {""errorCode"":401,""errorMessage"":{""message"":""Please Login and Try Again""}}"
13,GROWW_ERROR,MARUTI,INE585B01010,MARUTI SUZUKI INDIA LTD.,NSE_EQ|INE585B01010,,,,,,,,,,,,,,,,,,,,,,,,,"Groww HTTP 401: {""errorCode"":401,""errorMessage"":{""message"":""Please Login and Try Again""}}"
12,GROWW_ERROR,ASIANPAINT,INE021A01026,ASIAN PAINTS LIMITED,NSE_EQ|INE021A01026,,,,,,,,,,,,,,,,,,,,,,,,,"Groww HTTP 401: {""errorCode"":401,""errorMessage"":{""message"":""Please Login and Try Again""}}"
11,GROWW_ERROR,KOTAKBANK,INE237A01036,KOTAK MAHINDRA BANK LTD,NSE_EQ|INE237A01036,,,,,,,,,,,,,,,,,,,,,,,,,"Groww HTTP 401: {""errorCode"":401,""errorMessage"":{""message"":""Please Login and Try Again""}}"
10,GROWW_ERROR,AXISBANK,INE238A01034,AXIS BANK LIMITED,NSE_EQ|INE238A01034,,,,,,,,,,,,,,,,,,,,,,,,,"Groww HTTP 401: {""errorCode"":401,""errorMessage"":{""message"":""Please Login and Try Again""}}"
9,GROWW_ERROR,ITC,INE154A01025,ITC LTD,NSE_EQ|INE154A01025,,,,,,,,,,,,,,,,,,,,,,,,,"Groww HTTP 401: {""errorCode"":401,""errorMessage"":{""message"":""Please Login and Try Again""}}"
8,GROWW_ERROR,BHARTIARTL,INE397D01024,BHARTI AIRTEL LIMITED,NSE_EQ|INE397D01024,,,,,,,,,,,,,,,,,,,,,,,,,"Groww HTTP 401: {""errorCode"":401,""errorMessage"":{""message"":""Please Login and Try Again""}}"
7,GROWW_ERROR,LT,INE018A01030,LARSEN & TOUBRO LTD.,NSE_EQ|INE018A01030,,,,,,,,,,,,,,,,,,,,,,,,,"Groww HTTP 401: {""errorCode"":401,""errorMessage"":{""message"":""Please Login and Try Again""}}"
6,GROWW_ERROR,SBIN,INE062A01020,STATE BANK OF INDIA,NSE_EQ|INE062A01020,,,,,,,,,,,,,,,,,,,,,,,,,"Groww HTTP 401: {""errorCode"":401,""errorMessage"":{""message"":""Please Login and Try Again""}}"
5,GROWW_ERROR,ICICIBANK,INE090A01021,ICICI BANK LTD.,NSE_EQ|INE090A01021,,,,,,,,,,,,,,,,,,,,,,,,,"Groww HTTP 401: {""errorCode"":401,""errorMessage"":{""message"":""Please Login and Try Again""}}"
4,GROWW_ERROR,HDFCBANK,INE040A01034,HDFC BANK LTD,NSE_EQ|INE040A01034,,,,,,,,,,,,,,,,,,,,,,,,,"Groww HTTP 401: {""errorCode"":401,""errorMessage"":{""message"":""Please Login and Try Again""}}"
3,GROWW_ERROR,INFY,INE009A01021,INFOSYS LIMITED,NSE_EQ|INE009A01021,,,,,,,,,,,,,,,,,,,,,,,,,"Groww HTTP 401: {""errorCode"":401,""errorMessage"":{""message"":""Please Login and Try Again""}}"
2,GROWW_ERROR,TCS,INE467B01029,TATA CONSULTANCY SERV LT,NSE_EQ|INE467B01029,,,,,,,,,,,,,,,,,,,,,,,,,"Groww HTTP 401: {""errorCode"":401,""errorMessage"":{""message"":""Please Login and Try Again""}}"
1,GROWW_ERROR,RELIANCE,INE002A01018,RELIANCE INDUSTRIES LTD,NSE_EQ|INE002A01018,,,,,,,,,,,,,,,,,,,,,,,,,"Groww HTTP 401: {""errorCode"":401,""errorMessage"":{""message"":""Please Login and Try Again""}}"